date_raw	event_raw	sport_raw	location_raw	status_raw	winner_raw	source	source_url	source_table_index	source_heading	source_month	row_order	date	event	sport	location	sort_start_date	sort_end_date	final_row_key	is_valid_final_row	drop_reason	duplicate_exact	duplicate_exact_preferred	keep_final_row
21 November – 8	2025–26 Ashes series	Cricket		Binational	Australia	en	https://en.wikipedia.org/wiki/2026_in_sports	0	January	1	198	21.11.2026 - 8.1.2026	2025–26 Ashes series	Cricket		2026-11-21	2026-01-08	21.11.2026 - 8.1.2026|2025–26 ashes series|cricket|	True		False	False	True
11 December – 3	2026 PDC World Darts Championship	Darts		International	Luke Littler	en	https://en.wikipedia.org/wiki/2026_in_sports	0	January	1	199	11.12.2025 - 3.1.2026	2026 PDC World Darts Championship	Darts		2025-12-11	2026-01-03	11.12.2025 - 3.1.2026|2026 pdc world darts championship|darts|	True		False	False	True
21 December – 18	2025 Africa Cup of Nations	Association football		Continental	Morocco	en	https://en.wikipedia.org/wiki/2026_in_sports	0	January	1	200	21.12.2025 - 18.1.2026	2025 Africa Cup of Nations	Association football		2025-12-21	2026-01-18	21.12.2025 - 18.1.2026|2025 africa cup of nations|association football|	True		False	False	True
26 December – 5	2026 World Junior Ice Hockey Championships	Ice hockey		International	Sweden	en	https://en.wikipedia.org/wiki/2026_in_sports	0	January	1	201	26.12.2025 - 5.1.2026	2026 World Junior Ice Hockey Championships	Ice hockey		2025-12-26	2026-01-05	26.12.2025 - 5.1.2026|2026 world junior ice hockey championships|ice hockey|	True		False	False	True
2	2026 NHL Winter Classic	Ice Hockey		Domestic	New York Rangers	en	https://en.wikipedia.org/wiki/2026_in_sports	0	January	1	202	2.1.2026	2026 NHL Winter Classic	Ice Hockey		2026-01-02	2026-01-02	2.1.2026|2026 nhl winter classic|ice hockey|	True		False	False	True
2–11	2026 United Cup	Tennis		International	Poland	en	https://en.wikipedia.org/wiki/2026_in_sports	0	January	1	203	2.1.2026 - 11.1.2026	2026 United Cup	Tennis		2026-01-02	2026-01-11	2.1.2026 - 11.1.2026|2026 united cup|tennis|	True		False	False	True
3–17	2026 Dakar Rally (WRRC #1)	Rally raid		International	Bikes: Luciano BenavidesCars: Nasser Al-AttiyahChallenger: Pau NavarroSSV: Brock HegerTrucks: Vaidotas ŽalaClassics: Karolis RaisysMission 1000: Jordi Juvanteny	en	https://en.wikipedia.org/wiki/2026_in_sports	0	January	1	204	3.1.2026 - 17.1.2026	2026 Dakar Rally (WRRC #1)	Rally raid		2026-01-03	2026-01-17	3.1.2026 - 17.1.2026|2026 dakar rally (wrrc #1)|rally raid|	True		False	False	True
3–26	2026 Hockey India League season	Field hockey		Domestic	Kalinga Lancers	en	https://en.wikipedia.org/wiki/2026_in_sports	0	January	1	205	3.1.2026 - 26.1.2026	2026 Hockey India League season	Field hockey		2026-01-03	2026-01-26	3.1.2026 - 26.1.2026|2026 hockey india league season|field hockey|	True		False	False	True
6–11	2026 Asia-Pacific Men's Lacrosse Championship	Lacrosse		Continental	Australia	en	https://en.wikipedia.org/wiki/2026_in_sports	0	January	1	206	6.1.2026 - 11.1.2026	2026 Asia-Pacific Men's Lacrosse Championship	Lacrosse		2026-01-06	2026-01-11	6.1.2026 - 11.1.2026|2026 asia-pacific men's lacrosse championship|lacrosse|	True		False	False	True
6–24	2026 AFC U-23 Asian Cup	Association football		Continental	Japan	en	https://en.wikipedia.org/wiki/2026_in_sports	0	January	1	207	6.1.2026 - 24.1.2026	2026 AFC U-23 Asian Cup	Association football		2026-01-06	2026-01-24	6.1.2026 - 24.1.2026|2026 afc u-23 asian cup|association football|	True		False	False	True
8–11	2026 Men's EuroHockey Indoor Championship	Field hockey		Continental	Austria	en	https://en.wikipedia.org/wiki/2026_in_sports	0	January	1	208	8.1.2026 - 11.1.2026	2026 Men's EuroHockey Indoor Championship	Field hockey		2026-01-08	2026-01-11	8.1.2026 - 11.1.2026|2026 men's eurohockey indoor championship|field hockey|	True		False	False	True
9–11	IBSF European Championships 2026	Bobsleigh and skeleton		Continental	Germany	en	https://en.wikipedia.org/wiki/2026_in_sports	0	January	1	209	9.1.2026 - 11.1.2026	IBSF European Championships 2026	Bobsleigh and skeleton		2026-01-09	2026-01-11	9.1.2026 - 11.1.2026|ibsf european championships 2026|bobsleigh and skeleton|	True		False	False	True
9–11	2026 European Speed Skating Championships	Speed skating		Continental	Poland	en	https://en.wikipedia.org/wiki/2026_in_sports	0	January	1	210	9.1.2026 - 11.1.2026	2026 European Speed Skating Championships	Speed skating		2026-01-09	2026-01-11	9.1.2026 - 11.1.2026|2026 european speed skating championships|speed skating|	True		False	False	True
9–25	2026 World Indoor Bowls Championship	Bowls		International	Open: Robert PaxtonWomen: Katherine Rednall	en	https://en.wikipedia.org/wiki/2026_in_sports	0	January	1	211	9.1.2026 - 25.1.2026	2026 World Indoor Bowls Championship	Bowls		2026-01-09	2026-01-25	9.1.2026 - 25.1.2026|2026 world indoor bowls championship|bowls|	True		False	False	True
9–5 February	2026 Women's Premier League season	Cricket		Domestic	Royal Challengers Bengaluru	en	https://en.wikipedia.org/wiki/2026_in_sports	0	January	1	212	9.1.2026 - 5.2.2026	2026 Women's Premier League season	Cricket		2026-01-09	2026-02-05	9.1.2026 - 5.2.2026|2026 women's premier league season|cricket|	True		False	False	True
10	2026 World Athletics Cross Country Championships	Athletics		International	Men: Jacob KiplimoWomen: Agnes Ngetich	en	https://en.wikipedia.org/wiki/2026_in_sports	0	January	1	213	10.1.2026	2026 World Athletics Cross Country Championships	Athletics		2026-01-10	2026-01-10	10.1.2026|2026 world athletics cross country championships|athletics|	True		False	False	True
10	2026 Mexico City ePrix (FE #2)	Formula racing		International	Nick Cassidy ( Citroën Racing)	en	https://en.wikipedia.org/wiki/2026_in_sports	0	January	1	214	10.1.2026	2026 Mexico City ePrix (FE #2)	Formula racing		2026-01-10	2026-01-10	10.1.2026|2026 mexico city eprix (fe #2)|formula racing|	True		False	False	True
10	RAF 05: Covington vs. Rockhold	Wrestling		International	Colby Covington	en	https://en.wikipedia.org/wiki/2026_in_sports	0	January	1	215	10.1.2026	RAF 05: Covington vs. Rockhold	Wrestling		2026-01-10	2026-01-10	10.1.2026|raf 05: covington vs. rockhold|wrestling|	True		False	False	True
10–18	2026 IIHF U18 Women's World Championship	Ice hockey		International	United States	en	https://en.wikipedia.org/wiki/2026_in_sports	0	January	1	216	10.1.2026 - 18.1.2026	2026 IIHF U18 Women's World Championship	Ice hockey		2026-01-10	2026-01-18	10.1.2026 - 18.1.2026|2026 iihf u18 women's world championship|ice hockey|	True		False	False	True
10–25	2026 Men's European Water Polo Championship	Water polo		Continental	Serbia	en	https://en.wikipedia.org/wiki/2026_in_sports	0	January	1	217	10.1.2026 - 25.1.2026	2026 Men's European Water Polo Championship	Water polo		2026-01-10	2026-01-25	10.1.2026 - 25.1.2026|2026 men's european water polo championship|water polo|	True		False	False	True
11–18	2026 Masters (Triple Crown #2)	Snooker		International	Kyren Wilson	en	https://en.wikipedia.org/wiki/2026_in_sports	0	January	1	218	11.1.2026 - 18.1.2026	2026 Masters (Triple Crown #2)	Snooker		2026-01-11	2026-01-18	11.1.2026 - 18.1.2026|2026 masters (triple crown #2)|snooker|	True		False	False	True
12–16	2026 South and Central American Women's Junior Handball Championship	Handball		Continental	Brazil	en	https://en.wikipedia.org/wiki/2026_in_sports	0	January	1	219	12.1.2026 - 16.1.2026	2026 South and Central American Women's Junior Handball Championship	Handball		2026-01-12	2026-01-16	12.1.2026 - 16.1.2026|2026 south and central american women's junior handball championship|handball|	True		False	False	True
12–18	2026 Bandy World Championship 2026 Women's Bandy World Championship	Bandy		International	Men: SwedenWomen: Sweden	en	https://en.wikipedia.org/wiki/2026_in_sports	0	January	1	220	12.1.2026 - 18.1.2026	2026 Bandy World Championship 2026 Women's Bandy World Championship	Bandy		2026-01-12	2026-01-18	12.1.2026 - 18.1.2026|2026 bandy world championship 2026 women's bandy world championship|bandy|	True		False	False	True
13–18	2026 European Figure Skating Championships	Figure skating		Continental	Georgia	en	https://en.wikipedia.org/wiki/2026_in_sports	0	January	1	221	13.1.2026 - 18.1.2026	2026 European Figure Skating Championships	Figure skating		2026-01-13	2026-01-18	13.1.2026 - 18.1.2026|2026 european figure skating championships|figure skating|	True		False	False	True
13–25	2026 SAFF Women's Futsal Championship	Futsal		Regional	Bangladesh	en	https://en.wikipedia.org/wiki/2026_in_sports	0	January	1	222	13.1.2026 - 25.1.2026	2026 SAFF Women's Futsal Championship	Futsal		2026-01-13	2026-01-25	13.1.2026 - 25.1.2026|2026 saff women's futsal championship|futsal|	True		False	False	True
14–26	2026 SAFF Futsal Championship	Futsal		Regional	Maldives	en	https://en.wikipedia.org/wiki/2026_in_sports	0	January	1	223	14.1.2026 - 26.1.2026	2026 SAFF Futsal Championship	Futsal		2026-01-14	2026-01-26	14.1.2026 - 26.1.2026|2026 saff futsal championship|futsal|	True		False	False	True
15–18	2026 Women's EuroHockey Indoor Championship	Field hockey		Continental	Germany	en	https://en.wikipedia.org/wiki/2026_in_sports	0	January	1	224	15.1.2026 - 18.1.2026	2026 Women's EuroHockey Indoor Championship	Field hockey		2026-01-15	2026-01-18	15.1.2026 - 18.1.2026|2026 women's eurohockey indoor championship|field hockey|	True		False	False	True
15–29	2026 Asian Men's Handball Championship	Handball		Continental	Bahrain	en	https://en.wikipedia.org/wiki/2026_in_sports	0	January	1	225	15.1.2026 - 29.1.2026	2026 Asian Men's Handball Championship	Handball		2026-01-15	2026-01-29	15.1.2026 - 29.1.2026|2026 asian men's handball championship|handball|	True		False	False	True
15–1 February	2026 European Men's Handball Championship	Handball		Continental	Denmark	en	https://en.wikipedia.org/wiki/2026_in_sports	0	January	1	226	15.1.2026 - 1.2.2026	2026 European Men's Handball Championship	Handball		2026-01-15	2026-02-01	15.1.2026 - 1.2.2026|2026 european men's handball championship|handball|	True		False	False	True
15–6 February	2026 Under-19 Men's Cricket World Cup	Cricket		International	India	en	https://en.wikipedia.org/wiki/2026_in_sports	0	January	1	227	15.1.2026 - 6.2.2026	2026 Under-19 Men's Cricket World Cup	Cricket		2026-01-15	2026-02-06	15.1.2026 - 6.2.2026|2026 under-19 men's cricket world cup|cricket|	True		False	False	True
16–18	2026 European Short Track Speed Skating Championships	Short-track speed skating		Continental	Netherlands	en	https://en.wikipedia.org/wiki/2026_in_sports	0	January	1	228	16.1.2026 - 18.1.2026	2026 European Short Track Speed Skating Championships	Short-track speed skating		2026-01-16	2026-01-18	16.1.2026 - 18.1.2026|2026 european short track speed skating championships|short-track speed skating|	True		False	False	True
17–24	2026 FIL European Luge Championships	Luge		Continental	Germany	en	https://en.wikipedia.org/wiki/2026_in_sports	0	January	1	229	17.1.2026 - 24.1.2026	2026 FIL European Luge Championships	Luge		2026-01-17	2026-01-24	17.1.2026 - 24.1.2026|2026 fil european luge championships|luge|	True		False	False	True
17–24 May	2026 OFC Professional League	Association football		Continental	Auckland FC	en	https://en.wikipedia.org/wiki/2026_in_sports	0	January	1	230	17.1.2026 - 24.5.2026	2026 OFC Professional League	Association football		2026-01-17	2026-05-24	17.1.2026 - 24.5.2026|2026 ofc professional league|association football|	True		False	False	True
18	2025 Africa Cup of Nations final	Association football		Continental	Morocco	en	https://en.wikipedia.org/wiki/2026_in_sports	0	January	1	231	18.1.2026	2025 Africa Cup of Nations final	Association football		2026-01-18	2026-01-18	18.1.2026|2025 africa cup of nations final|association football|	True		False	False	True
18–1 February	2026 Australian Open	Tennis		International	Men: Carlos AlcarazWomen: Elena Rybakina	en	https://en.wikipedia.org/wiki/2026_in_sports	0	January	1	232	18.1.2026 - 1.2.2026	2026 Australian Open	Tennis		2026-01-18	2026-02-01	18.1.2026 - 1.2.2026|2026 australian open|tennis|	True		False	False	True
19	2026 College Football Playoff National Championship	American football		Domestic	Indiana Hoosiers	en	https://en.wikipedia.org/wiki/2026_in_sports	0	January	1	233	19.1.2026	2026 College Football Playoff National Championship	American football		2026-01-19	2026-01-19	19.1.2026|2026 college football playoff national championship|american football|	True		False	False	True
19–24	2026 South and Central American Men's Handball Championship	Handball		Continental	Argentina	en	https://en.wikipedia.org/wiki/2026_in_sports	0	January	1	234	19.1.2026 - 24.1.2026	2026 South and Central American Men's Handball Championship	Handball		2026-01-19	2026-01-24	19.1.2026 - 24.1.2026|2026 south and central american men's handball championship|handball|	True		False	False	True
21–25	2026 IBU Junior Open European Championships	Biathlon		Continental	Czech Republic	en	https://en.wikipedia.org/wiki/2026_in_sports	0	January	1	235	21.1.2026 - 25.1.2026	2026 IBU Junior Open European Championships	Biathlon		2026-01-21	2026-01-25	21.1.2026 - 25.1.2026|2026 ibu junior open european championships|biathlon|	True		False	False	True
21–25	2026 Four Continents Figure Skating Championships	Figure skating		International	Japan	en	https://en.wikipedia.org/wiki/2026_in_sports	0	January	1	236	21.1.2026 - 25.1.2026	2026 Four Continents Figure Skating Championships	Figure skating		2026-01-21	2026-01-25	21.1.2026 - 25.1.2026|2026 four continents figure skating championships|figure skating|	True		False	False	True
21–31	2026 African Men's Handball Championship	Handball		Continental	Egypt	en	https://en.wikipedia.org/wiki/2026_in_sports	0	January	1	237	21.1.2026 - 31.1.2026	2026 African Men's Handball Championship	Handball		2026-01-21	2026-01-31	21.1.2026 - 31.1.2026|2026 african men's handball championship|handball|	True		False	False	True
21–7 February	UEFA Futsal Euro 2026	Futsal		Continental	Spain	en	https://en.wikipedia.org/wiki/2026_in_sports	0	January	1	238	21.1.2026 - 7.2.2026	UEFA Futsal Euro 2026	Futsal		2026-01-21	2026-02-07	21.1.2026 - 7.2.2026|uefa futsal euro 2026|futsal|	True		False	False	True
22–25	2026 Monte Carlo Rally (WRC #1)	Rallying		International	WRC: Oliver Solberg & Elliott Edmondson ( Toyota Gazoo Racing WRT)WRC-2: Léo Rossel & Guillaume Mercoiret ( 2C Junior Team)WRC-3: Eric Royère & Alexis Grenier)	en	https://en.wikipedia.org/wiki/2026_in_sports	0	January	1	239	22.1.2026 - 25.1.2026	2026 Monte Carlo Rally (WRC #1)	Rallying		2026-01-22	2026-01-25	22.1.2026 - 25.1.2026|2026 monte carlo rally (wrc #1)|rallying|	True		False	False	True
22–25	FIS Ski Flying World Championships 2026	Ski flying		International	Domen Prevc	en	https://en.wikipedia.org/wiki/2026_in_sports	0	January	1	240	22.1.2026 - 25.1.2026	FIS Ski Flying World Championships 2026	Ski flying		2026-01-22	2026-01-25	22.1.2026 - 25.1.2026|fis ski flying world championships 2026|ski flying|	True		False	False	True
24	UFC 324: Gaethje vs. Pimblett	Mixed martial arts		International	Justin Gaethje	en	https://en.wikipedia.org/wiki/2026_in_sports	0	January	1	241	24.1.2026	UFC 324: Gaethje vs. Pimblett	Mixed martial arts		2026-01-24	2026-01-24	24.1.2026|ufc 324: gaethje vs. pimblett|mixed martial arts|	True		False	False	True
24	2026 Rugby Europe Super Cup final	Rugby union		Continental	() Castilla y León Iberians	en	https://en.wikipedia.org/wiki/2026_in_sports	0	January	1	242	24.1.2026	2026 Rugby Europe Super Cup final	Rugby union		2026-01-24	2026-01-24	24.1.2026|2026 rugby europe super cup final|rugby union|	True		False	False	True
24–1 February	2026 Copa América de Futsal	Futsal		Continental	Brazil	en	https://en.wikipedia.org/wiki/2026_in_sports	0	January	1	243	24.1.2026 - 1.2.2026	2026 Copa América de Futsal	Futsal		2026-01-24	2026-02-01	24.1.2026 - 1.2.2026|2026 copa américa de futsal|futsal|	True		False	False	True
25	2025–26 Big Bash League final	T20 Cricket		Domestic	Perth Scorchers	en	https://en.wikipedia.org/wiki/2026_in_sports	0	January	1	244	25.1.2026	2025–26 Big Bash League final	T20 Cricket		2026-01-25	2026-01-25	25.1.2026|2025–26 big bash league final|t20 cricket|	True		False	False	True
25	2026 SA20 final	T20 Cricket		Domestic	Sunrisers Eastern Cape	en	https://en.wikipedia.org/wiki/2026_in_sports	0	January	1	245	25.1.2026	2026 SA20 final	T20 Cricket		2026-01-25	2026-01-25	25.1.2026|2026 sa20 final|t20 cricket|	True		False	False	True
25–1 February	2026 IBU Open European Championships	Biathlon		Continental	France	en	https://en.wikipedia.org/wiki/2026_in_sports	0	January	1	246	25.1.2026 - 1.2.2026	2026 IBU Open European Championships	Biathlon		2026-01-25	2026-02-01	25.1.2026 - 1.2.2026|2026 ibu open european championships|biathlon|	True		False	False	True
26–5 February	2026 Women's European Water Polo Championship	Water polo		Continental	Netherlands	en	https://en.wikipedia.org/wiki/2026_in_sports	0	January	1	247	26.1.2026 - 5.2.2026	2026 Women's European Water Polo Championship	Water polo		2026-01-26	2026-02-05	26.1.2026 - 5.2.2026|2026 women's european water polo championship|water polo|	True		False	False	True
27–7 February	2026 AFC Futsal Asian Cup	Futsal		Continental	Iran	en	https://en.wikipedia.org/wiki/2026_in_sports	0	January	1	248	27.1.2026 - 7.2.2026	2026 AFC Futsal Asian Cup	Futsal		2026-01-27	2026-02-07	27.1.2026 - 7.2.2026|2026 afc futsal asian cup|futsal|	True		False	False	True
28–1 February	2026 ITTF Pan-America Cup	Table Tennis		Continental	Men: Hugo CalderanoWomen: Amy Wang	en	https://en.wikipedia.org/wiki/2026_in_sports	0	January	1	249	28.1.2026 - 1.2.2026	2026 ITTF Pan-America Cup	Table Tennis		2026-01-28	2026-02-01	28.1.2026 - 1.2.2026|2026 ittf pan-america cup|table tennis|	True		False	False	True
29–1 February	2026 PDC World Masters	Darts		International	Luke Littler	en	https://en.wikipedia.org/wiki/2026_in_sports	0	January	1	250	29.1.2026 - 1.2.2026	2026 PDC World Masters	Darts		2026-01-29	2026-02-01	29.1.2026 - 1.2.2026|2026 pdc world masters|darts|	True		False	False	True
29–1 February	2026 World Junior Short Track Speed Skating Championships	Short-track speed skating		International	South Korea	en	https://en.wikipedia.org/wiki/2026_in_sports	0	January	1	251	29.1.2026 - 1.2.2026	2026 World Junior Short Track Speed Skating Championships	Short-track speed skating		2026-01-29	2026-02-01	29.1.2026 - 1.2.2026|2026 world junior short track speed skating championships|short-track speed skating|	True		False	False	True
30–1 February	2026 UCI Cyclo-cross World Championships	Cyclo-cross		International	Men: Mathieu van der PoelWomen: Lucinda Brand	en	https://en.wikipedia.org/wiki/2026_in_sports	0	January	1	252	30.1.2026 - 1.2.2026	2026 UCI Cyclo-cross World Championships	Cyclo-cross		2026-01-30	2026-02-01	30.1.2026 - 1.2.2026|2026 uci cyclo-cross world championships|cyclo-cross|	True		False	False	True
31	2026 Miami ePrix (FE #3)	Formula racing		International	Mitch Evans ( Jaguar TCS Racing)	en	https://en.wikipedia.org/wiki/2026_in_sports	0	January	1	253	31.1.2026	2026 Miami ePrix (FE #3)	Formula racing		2026-01-31	2026-01-31	31.1.2026|2026 miami eprix (fe #3)|formula racing|	True		False	False	True
31	2025–26 Super Smash final	T20 Cricket		Domestic	Northern Brave	en	https://en.wikipedia.org/wiki/2026_in_sports	0	January	1	254	31.1.2026	2025–26 Super Smash final	T20 Cricket		2026-01-31	2026-01-31	31.1.2026|2025–26 super smash final|t20 cricket|	True		False	False	True
31–1 February	2026 ITTF-Oceania Cup	Table Tennis		Continental	Men: Finn LuuWomen: Yangzi Liu	en	https://en.wikipedia.org/wiki/2026_in_sports	0	January	1	255	31.1.2026 - 1.2.2026	2026 ITTF-Oceania Cup	Table Tennis		2026-01-31	2026-02-01	31.1.2026 - 1.2.2026|2026 ittf-oceania cup|table tennis|	True		False	False	True
1	2026 FIFA Women's Champions Cup final	Association football		International	Arsenal	en	https://en.wikipedia.org/wiki/2026_in_sports	1	February	2	256	1.2.2026	2026 FIFA Women's Champions Cup final	Association football		2026-02-01	2026-02-01	1.2.2026|2026 fifa women's champions cup final|association football|	True		False	False	True
1	2026 NHL Stadium Series	Ice Hockey		Domestic	Tampa Bay Lightning	en	https://en.wikipedia.org/wiki/2026_in_sports	1	February	2	257	1.2.2026	2026 NHL Stadium Series	Ice Hockey		2026-02-01	2026-02-01	1.2.2026|2026 nhl stadium series|ice hockey|	True		False	False	True
1	UFC 325: Volkanovski vs. Lopes 2	Mixed martial arts		International	Alexander Volkanovski	en	https://en.wikipedia.org/wiki/2026_in_sports	1	February	2	258	1.2.2026	UFC 325: Volkanovski vs. Lopes 2	Mixed martial arts		2026-02-01	2026-02-01	1.2.2026|ufc 325: volkanovski vs. lopes 2|mixed martial arts|	True		False	False	True
1–5	2026 UEC European Track Championships	Track cycling		Continental	Great Britain	en	https://en.wikipedia.org/wiki/2026_in_sports	1	February	2	259	1.2.2026 - 5.2.2026	2026 UEC European Track Championships	Track cycling		2026-02-01	2026-02-05	1.2.2026 - 5.2.2026|2026 uec european track championships|track cycling|	True		False	False	True
2–14	2026 Asian Rifle/Pistol Championships	Shooting		Continental	India	en	https://en.wikipedia.org/wiki/2026_in_sports	1	February	2	260	2.2.2026 - 14.2.2026	2026 Asian Rifle/Pistol Championships	Shooting		2026-02-02	2026-02-14	2.2.2026 - 14.2.2026|2026 asian rifle/pistol championships|shooting|	True		False	False	True
3	2026 Pro Bowl Games	American football		Domestic	NFC	en	https://en.wikipedia.org/wiki/2026_in_sports	1	February	2	261	3.2.2026	2026 Pro Bowl Games	American football		2026-02-03	2026-02-03	3.2.2026|2026 pro bowl games|american football|	True		False	False	True
3–7	2026 European/African Ice Swimming Championships	Winter swimming		Continental	Romania	en	https://en.wikipedia.org/wiki/2026_in_sports	1	February	2	262	3.2.2026 - 7.2.2026	2026 European/African Ice Swimming Championships	Winter swimming		2026-02-03	2026-02-07	3.2.2026 - 7.2.2026|2026 european/african ice swimming championships|winter swimming|	True		False	False	True
3–8	2026 Badminton Asia Team Championships	Badminton		Continental	Men: JapanWomen: South Korea	en	https://en.wikipedia.org/wiki/2026_in_sports	1	February	2	263	3.2.2026 - 8.2.2026	2026 Badminton Asia Team Championships	Badminton		2026-02-03	2026-02-08	3.2.2026 - 8.2.2026|2026 badminton asia team championships|badminton|	True		False	False	True
3–8	2026 World Grand Prix (Players Series #1)	Snooker		International	Zhao Xintong	en	https://en.wikipedia.org/wiki/2026_in_sports	1	February	2	264	3.2.2026 - 8.2.2026	2026 World Grand Prix (Players Series #1)	Snooker		2026-02-03	2026-02-08	3.2.2026 - 8.2.2026|2026 world grand prix (players series #1)|snooker|	True		False	False	True
3–30 May	2026 CONCACAF Champions Cup season	Association football		Continental		en	https://en.wikipedia.org/wiki/2026_in_sports	1	February	2	265	3.2.2026 - 30.5.2026	2026 CONCACAF Champions Cup season	Association football		2026-02-03	2026-05-30	3.2.2026 - 30.5.2026|2026 concacaf champions cup season|association football|	True		False	False	True
3–28 November	2026 Copa Libertadores season	Association football		Continental		en	https://en.wikipedia.org/wiki/2026_in_sports	1	February	2	266	3.2.2026 - 28.11.2026	2026 Copa Libertadores season	Association football		2026-02-03	2026-11-28	3.2.2026 - 28.11.2026|2026 copa libertadores season|association football|	True		False	False	True
4–8	2026 ITTF-ATTU Asian Cup	Table Tennis		International	Men: Wang ChuqinWomen: Sun Yingsha	en	https://en.wikipedia.org/wiki/2026_in_sports	1	February	2	267	4.2.2026 - 8.2.2026	2026 ITTF-ATTU Asian Cup	Table Tennis		2026-02-04	2026-02-08	4.2.2026 - 8.2.2026|2026 ittf-attu asian cup|table tennis|	True		False	False	True
4–28	2026 South American Under-20 Women's Football Championship	Association football		Continental	Brazil	en	https://en.wikipedia.org/wiki/2026_in_sports	1	February	2	268	4.2.2026 - 28.2.2026	2026 South American Under-20 Women's Football Championship	Association football		2026-02-04	2026-02-28	4.2.2026 - 28.2.2026|2026 south american under-20 women's football championship|association football|	True		False	False	True
5	2026 Women's Premier League final	T20 Cricket		Domestic	Royal Challengers Bengaluru	en	https://en.wikipedia.org/wiki/2026_in_sports	1	February	2	269	5.2.2026	2026 Women's Premier League final	T20 Cricket		2026-02-05	2026-02-05	5.2.2026|2026 women's premier league final|t20 cricket|	True		False	False	True
5–8	2026 Europe Top 16 Cup	Table tennis		Continental	Men: Alexis LebrunWomen: Sabine Winter	en	https://en.wikipedia.org/wiki/2026_in_sports	1	February	2	270	5.2.2026 - 8.2.2026	2026 Europe Top 16 Cup	Table tennis		2026-02-05	2026-02-08	5.2.2026 - 8.2.2026|2026 europe top 16 cup|table tennis|	True		False	False	True
5–14 March	2026 Six Nations Championship	Rugby union		Continental	France	en	https://en.wikipedia.org/wiki/2026_in_sports	1	February	2	271	5.2.2026 - 14.3.2026	2026 Six Nations Championship	Rugby union		2026-02-05	2026-03-14	5.2.2026 - 14.3.2026|2026 six nations championship|rugby union|	True		False	False	True
6–8	2026 Asian Indoor Athletics Championships	Athletics		Continental	China	en	https://en.wikipedia.org/wiki/2026_in_sports	1	February	2	272	6.2.2026 - 8.2.2026	2026 Asian Indoor Athletics Championships	Athletics		2026-02-06	2026-02-08	6.2.2026 - 8.2.2026|2026 asian indoor athletics championships|athletics|	True		False	False	True
6–22	2026 Winter Olympics	Multi-sport		International	Norway	en	https://en.wikipedia.org/wiki/2026_in_sports	1	February	2	273	6.2.2026 - 22.2.2026	2026 Winter Olympics	Multi-sport		2026-02-06	2026-02-22	6.2.2026 - 22.2.2026|2026 winter olympics|multi-sport|	True		False	False	True
7	2026 UCI Snow Bike World Championships	Snow biking		International	France	en	https://en.wikipedia.org/wiki/2026_in_sports	1	February	2	274	7.2.2026	2026 UCI Snow Bike World Championships	Snow biking		2026-02-07	2026-02-07	7.2.2026|2026 uci snow bike world championships|snow biking|	True		False	False	True
7–9	2026 ITTF Africa Cup	Table Tennis		Continental	Men: Omar AssarWomen: Hana Goda	en	https://en.wikipedia.org/wiki/2026_in_sports	1	February	2	275	7.2.2026 - 9.2.2026	2026 ITTF Africa Cup	Table Tennis		2026-02-07	2026-02-09	7.2.2026 - 9.2.2026|2026 ittf africa cup|table tennis|	True		False	False	True
7–8 March	2026 Men's T20 World Cup	T20 Cricket		International	India	en	https://en.wikipedia.org/wiki/2026_in_sports	1	February	2	276	7.2.2026 - 8.3.2026	2026 Men's T20 World Cup	T20 Cricket		2026-02-07	2026-03-08	7.2.2026 - 8.3.2026|2026 men's t20 world cup|t20 cricket|	True		False	False	True
8	Super Bowl LX	American football		Domestic	Seattle Seahawks	en	https://en.wikipedia.org/wiki/2026_in_sports	1	February	2	277	8.2.2026	Super Bowl LX	American football		2026-02-08	2026-02-08	8.2.2026|super bowl lx|american football|	True		False	False	True
8–14	2026 BWF Para-Badminton World Championships	Para-badminton		International	China	en	https://en.wikipedia.org/wiki/2026_in_sports	1	February	2	278	8.2.2026 - 14.2.2026	2026 BWF Para-Badminton World Championships	Para-badminton		2026-02-08	2026-02-14	8.2.2026 - 14.2.2026|2026 bwf para-badminton world championships|para-badminton|	True		False	False	True
8–15	2026 Oceania Badminton Championships	Badminton		Continental	Men: Shrey DhandWomen: Shaunna Li	en	https://en.wikipedia.org/wiki/2026_in_sports	1	February	2	279	8.2.2026 - 15.2.2026	2026 Oceania Badminton Championships	Badminton		2026-02-08	2026-02-15	8.2.2026 - 15.2.2026|2026 oceania badminton championships|badminton|	True		False	False	True
8–15	2026 European Junior Shooting Championships	Sport shooting		Continental	AIN 2 (U18) AIN 2 (U16)	en	https://en.wikipedia.org/wiki/2026_in_sports	1	February	2	280	8.2.2026 - 15.2.2026	2026 European Junior Shooting Championships	Sport shooting		2026-02-08	2026-02-15	8.2.2026 - 15.2.2026|2026 european junior shooting championships|sport shooting|	True		False	False	True
9–12	2026 All Africa Men's and Women's Team Badminton Championships	Badminton		Continental	Men: AlgeriaWomen: South Africa	en	https://en.wikipedia.org/wiki/2026_in_sports	1	February	2	281	9.2.2026 - 12.2.2026	2026 All Africa Men's and Women's Team Badminton Championships	Badminton		2026-02-09	2026-02-12	9.2.2026 - 12.2.2026|2026 all africa men's and women's team badminton championships|badminton|	True		False	False	True
11–15	2026 European Men's and Women's Team Badminton Championships	Badminton		Continental	Men: FranceWomen: Bulgaria	en	https://en.wikipedia.org/wiki/2026_in_sports	1	February	2	282	11.2.2026 - 15.2.2026	2026 European Men's and Women's Team Badminton Championships	Badminton		2026-02-11	2026-02-15	11.2.2026 - 15.2.2026|2026 european men's and women's team badminton championships|badminton|	True		False	False	True
12–15	2026 Pan Am Male & Female Badminton Cup	Badminton		Continental	Men: CanadaWomen: Canada	en	https://en.wikipedia.org/wiki/2026_in_sports	1	February	2	283	12.2.2026 - 15.2.2026	2026 Pan Am Male & Female Badminton Cup	Badminton		2026-02-12	2026-02-15	12.2.2026 - 15.2.2026|2026 pan am male & female badminton cup|badminton|	True		False	False	True
12–15	2026 Rally Sweden (WRC #2)	Rallying		International	WRC: Elfyn Evans & Scott Martin ( Toyota Gazoo Racing WRT)WRC-2: Roope Korhonen & Anssi Viinikka ( Rautio Motorsport)WRC-3: Matteo Fontana & Alessandro Arnaboldi	en	https://en.wikipedia.org/wiki/2026_in_sports	1	February	2	284	12.2.2026 - 15.2.2026	2026 Rally Sweden (WRC #2)	Rallying		2026-02-12	2026-02-15	12.2.2026 - 15.2.2026|2026 rally sweden (wrc #2)|rallying|	True		False	False	True
12–20 June	2026 Super Rugby Pacific season	Rugby union		Continental		en	https://en.wikipedia.org/wiki/2026_in_sports	1	February	2	285	12.2.2026 - 20.6.2026	2026 Super Rugby Pacific season	Rugby union		2026-02-12	2026-06-20	12.2.2026 - 20.6.2026|2026 super rugby pacific season|rugby union|	True		False	False	True
13–14	2026 Jeddah ePrix (FE #4/5)	Formula racing		International	R4: Pascal Wehrlein ( Porsche Formula E Team)R5: António Félix da Costa ( Jaguar TCS Racing)	en	https://en.wikipedia.org/wiki/2026_in_sports	1	February	2	286	13.2.2026 - 14.2.2026	2026 Jeddah ePrix (FE #4/5)	Formula racing		2026-02-13	2026-02-14	13.2.2026 - 14.2.2026|2026 jeddah eprix (fe #4/5)|formula racing|	True		False	False	True
13–15	2026 African Badminton Championships	Badminton		Continental	Men: Adham Hatem ElgamalWomen: Fadilah Mohamed Rafi	en	https://en.wikipedia.org/wiki/2026_in_sports	1	February	2	287	13.2.2026 - 15.2.2026	2026 African Badminton Championships	Badminton		2026-02-13	2026-02-15	13.2.2026 - 15.2.2026|2026 african badminton championships|badminton|	True		False	False	True
13–15	FIDE Freestyle Chess World Championship 2026	Chess		International	Magnus Carlsen	en	https://en.wikipedia.org/wiki/2026_in_sports	1	February	2	288	13.2.2026 - 15.2.2026	FIDE Freestyle Chess World Championship 2026	Chess		2026-02-13	2026-02-15	13.2.2026 - 15.2.2026|fide freestyle chess world championship 2026|chess|	True		False	False	True
13–15	2026 Men's EuroHockey Indoor Club Cup	Indoor hockey		Continental	Amsterdam	en	https://en.wikipedia.org/wiki/2026_in_sports	1	February	2	289	13.2.2026 - 15.2.2026	2026 Men's EuroHockey Indoor Club Cup	Indoor hockey		2026-02-13	2026-02-15	13.2.2026 - 15.2.2026|2026 men's eurohockey indoor club cup|indoor hockey|	True		False	False	True
14	2026 Saudi Cup	Horse racing		International	Horse: Forever YoungJockey: Ryusei SakaiTrainer: Yoshito Yahagi	en	https://en.wikipedia.org/wiki/2026_in_sports	1	February	2	290	14.2.2026	2026 Saudi Cup	Horse racing		2026-02-14	2026-02-14	14.2.2026|2026 saudi cup|horse racing|	True		False	False	True
14 – 21 May	2026 Indian Super League season	Association football		Domestic	East Bengal FC	en	https://en.wikipedia.org/wiki/2026_in_sports	1	February	2	291	14.2.2026 - 21.5.2026	2026 Indian Super League season	Association football		2026-02-14	2026-05-21	14.2.2026 - 21.5.2026|2026 indian super league season|association football|	True		False	False	True
15	2026 Daytona 500	Stock car racing		Domestic	Tyler Reddick	en	https://en.wikipedia.org/wiki/2026_in_sports	1	February	2	292	15.2.2026	2026 Daytona 500	Stock car racing		2026-02-15	2026-02-15	15.2.2026|2026 daytona 500|stock car racing|	True		False	False	True
15	2026 NBA All-Star Game	Basketball		Domestic	USA Stars	en	https://en.wikipedia.org/wiki/2026_in_sports	1	February	2	293	15.2.2026	2026 NBA All-Star Game	Basketball		2026-02-15	2026-02-15	15.2.2026|2026 nba all-star game|basketball|	True		False	False	True
16–21	2026 European Indoor Archery Championships	Archery		Continental	Italy	en	https://en.wikipedia.org/wiki/2026_in_sports	1	February	2	294	16.2.2026 - 21.2.2026	2026 European Indoor Archery Championships	Archery		2026-02-16	2026-02-21	16.2.2026 - 21.2.2026|2026 european indoor archery championships|archery|	True		False	False	True
16–22	2026 Pan American Track Cycling Championships	Track cycling		Continental	Mexico	en	https://en.wikipedia.org/wiki/2026_in_sports	1	February	2	295	16.2.2026 - 22.2.2026	2026 Pan American Track Cycling Championships	Track cycling		2026-02-16	2026-02-22	16.2.2026 - 22.2.2026|2026 pan american track cycling championships|track cycling|	True		False	False	True
17–22	2026 Players Championship (Players Series #2)	Snooker		International	Zhao Xintong	en	https://en.wikipedia.org/wiki/2026_in_sports	1	February	2	296	17.2.2026 - 22.2.2026	2026 Players Championship (Players Series #2)	Snooker		2026-02-17	2026-02-22	17.2.2026 - 22.2.2026|2026 players championship (players series #2)|snooker|	True		False	False	True
18–22	2026 Women's South American Volleyball Club Championship	Volleyball		Continental	SESI Bauru	en	https://en.wikipedia.org/wiki/2026_in_sports	1	February	2	297	18.2.2026 - 22.2.2026	2026 Women's South American Volleyball Club Championship	Volleyball		2026-02-18	2026-02-22	18.2.2026 - 22.2.2026|2026 women's south american volleyball club championship|volleyball|	True		False	False	True
19–26	2026 Recopa Sudamericana	Association football		Continental	Lanús	en	https://en.wikipedia.org/wiki/2026_in_sports	1	February	2	298	19.2.2026 - 26.2.2026	2026 Recopa Sudamericana	Association football		2026-02-19	2026-02-26	19.2.2026 - 26.2.2026|2026 recopa sudamericana|association football|	True		False	False	True
20–22	2026 Women's EuroHockey Indoor Club Cup	Indoor hockey		Continental	Waterloo Ducks	en	https://en.wikipedia.org/wiki/2026_in_sports	1	February	2	299	20.2.2026 - 22.2.2026	2026 Women's EuroHockey Indoor Club Cup	Indoor hockey		2026-02-20	2026-02-22	20.2.2026 - 22.2.2026|2026 women's eurohockey indoor club cup|indoor hockey|	True		False	False	True
20–27	2026 European Cadets and Juniors Fencing Championships	Fencing		Continental	Italy	en	https://en.wikipedia.org/wiki/2026_in_sports	1	February	2	300	20.2.2026 - 27.2.2026	2026 European Cadets and Juniors Fencing Championships	Fencing		2026-02-20	2026-02-27	20.2.2026 - 27.2.2026|2026 european cadets and juniors fencing championships|fencing|	True		False	False	True
21–22	2026 WSBK Australian round	Motorcycle racing		International	R1: Nicolò Bulega ( Aruba.it Racing – Ducati)SR: Nicolò Bulega ( Aruba.it Racing – Ducati)R2: Nicolò Bulega ( Aruba.it Racing – Ducati)	en	https://en.wikipedia.org/wiki/2026_in_sports	1	February	2	301	21.2.2026 - 22.2.2026	2026 WSBK Australian round	Motorcycle racing		2026-02-21	2026-02-22	21.2.2026 - 22.2.2026|2026 wsbk australian round|motorcycle racing|	True		False	False	True
21–28	2026 Men's Softball Pan American Championship	Softball		Continental	Mexico	en	https://en.wikipedia.org/wiki/2026_in_sports	1	February	2	302	21.2.2026 - 28.2.2026	2026 Men's Softball Pan American Championship	Softball		2026-02-21	2026-02-28	21.2.2026 - 28.2.2026|2026 men's softball pan american championship|softball|	True		False	False	True
24–3 March	2026 World Junior Curling Championships	Curling		International	Men: United StatesWomen: South Korea	en	https://en.wikipedia.org/wiki/2026_in_sports	1	February	2	303	24.2.2026 - 3.3.2026	2026 World Junior Curling Championships	Curling		2026-02-24	2026-03-03	24.2.2026 - 3.3.2026|2026 world junior curling championships|curling|	True		False	False	True
25–1 March	2026 South American Men's Volleyball Club Championship	Volleyball		Continental	Sada Cruzeiro	en	https://en.wikipedia.org/wiki/2026_in_sports	1	February	2	304	25.2.2026 - 1.3.2026	2026 South American Men's Volleyball Club Championship	Volleyball		2026-02-25	2026-03-01	25.2.2026 - 1.3.2026|2026 south american men's volleyball club championship|volleyball|	True		False	False	True
27–1 March	2026 World Junior Speed Skating Championships	Speed skating		International	Kazakhstan	en	https://en.wikipedia.org/wiki/2026_in_sports	1	February	2	305	27.2.2026 - 1.3.2026	2026 World Junior Speed Skating Championships	Speed skating		2026-02-27	2026-03-01	27.2.2026 - 1.3.2026|2026 world junior speed skating championships|speed skating|	True		False	False	True
27–5 March	2026 European 10 m Events Championships	Sport shooting		Continental	Ukraine	en	https://en.wikipedia.org/wiki/2026_in_sports	1	February	2	306	27.2.2026 - 5.3.2026	2026 European 10 m Events Championships	Sport shooting		2026-02-27	2026-03-05	27.2.2026 - 5.3.2026|2026 european 10 m events championships|sport shooting|	True		False	False	True
28–6 March	2026 World Ski Orienteering Championships	Ski orienteering		International	Norway	en	https://en.wikipedia.org/wiki/2026_in_sports	1	February	2	307	28.2.2026 - 6.3.2026	2026 World Ski Orienteering Championships	Ski orienteering		2026-02-28	2026-03-06	28.2.2026 - 6.3.2026|2026 world ski orienteering championships|ski orienteering|	True		False	False	True
28	RAF 06: Cejudo vs. Faber	Wrestling		International	Henry Cejudo	en	https://en.wikipedia.org/wiki/2026_in_sports	1	February	2	308	28.2.2026	RAF 06: Cejudo vs. Faber	Wrestling		2026-02-28	2026-02-28	28.2.2026|raf 06: cejudo vs. faber|wrestling|	True		False	False	True
28–8 March	Biathlon Junior World Championships 2026	Biathlon		International	Latvia	en	https://en.wikipedia.org/wiki/2026_in_sports	1	February	2	309	28.2.2026 - 8.3.2026	Biathlon Junior World Championships 2026	Biathlon		2026-02-28	2026-03-08	28.2.2026 - 8.3.2026|biathlon junior world championships 2026|biathlon|	True		False	False	True
28–4 October	2026 NRL season	Rugby league		Domestic		en	https://en.wikipedia.org/wiki/2026_in_sports	1	February	2	310	28.2.2026 - 4.10.2026	2026 NRL season	Rugby league		2026-02-28	2026-10-04	28.2.2026 - 4.10.2026|2026 nrl season|rugby league|	True		False	False	True
1	2026 Tokyo Marathon (WMM #1)	Marathon		International	Men: Tadese TakeleWomen: Brigid Kosgei	en	https://en.wikipedia.org/wiki/2026_in_sports	2	March	3	311	1.3.2026	2026 Tokyo Marathon (WMM #1)	Marathon		2026-03-01	2026-03-01	1.3.2026|2026 tokyo marathon (wmm #1)|marathon|	True		False	False	True
1	2026 Thailand motorcycle Grand Prix (MotoGP #1)	Motorcycle racing		International	MotoGP: Marco Bezzecchi ( Aprilia Racing)Moto2: Manuel González ( Liqui Moly Dynavolt Intact GP)Moto3: David Almansa ( Liqui Moly Dynavolt Intact GP)	en	https://en.wikipedia.org/wiki/2026_in_sports	2	March	3	312	1.3.2026	2026 Thailand motorcycle Grand Prix (MotoGP #1)	Motorcycle racing		2026-03-01	2026-03-01	1.3.2026|2026 thailand motorcycle grand prix (motogp #1)|motorcycle racing|	True		False	False	True
						en	https://en.wikipedia.org/wiki/2026_in_sports	2	March	3	313								False	missing_date	False	False	False
1–8	2025 World Skateboarding Championship	Street skateboarding		International	Men's Street: Toa Sasaki Women's Street: Ibuki Matsumoto Men's Park: Egoitz Bijueska Women's Park: Sky Brown	en	https://en.wikipedia.org/wiki/2026_in_sports	2	March	3	314	1.3.2026 - 8.3.2026	2025 World Skateboarding Championship	Street skateboarding		2026-03-01	2026-03-08	1.3.2026 - 8.3.2026|2025 world skateboarding championship|street skateboarding|	True		False	False	True
1–21	2026 AFC Women's Asian Cup	Association football		Continental	Japan	en	https://en.wikipedia.org/wiki/2026_in_sports	2	March	3	315	1.3.2026 - 21.3.2026	2026 AFC Women's Asian Cup	Association football		2026-03-01	2026-03-21	1.3.2026 - 21.3.2026|2026 afc women's asian cup|association football|	True		False	False	True
2–8	2026 Nordic Junior World Ski Championships	Nordic skiing		International	Norway	en	https://en.wikipedia.org/wiki/2026_in_sports	2	March	3	316	2.3.2026 - 8.3.2026	2026 Nordic Junior World Ski Championships	Nordic skiing		2026-03-02	2026-03-08	2.3.2026 - 8.3.2026|2026 nordic junior world ski championships|nordic skiing|	True		False	False	True
3	2026 Champions Hockey League final	Ice hockey		Continental	Frölunda HC	en	https://en.wikipedia.org/wiki/2026_in_sports	2	March	3	317	3.3.2026	2026 Champions Hockey League final	Ice hockey		2026-03-03	2026-03-03	3.3.2026|2026 champions hockey league final|ice hockey|	True		False	False	True
4–7	2026 World Junior Figure Skating Championships	Figure skating		International	Japan	en	https://en.wikipedia.org/wiki/2026_in_sports	2	March	3	318	4.3.2026 - 7.3.2026	2026 World Junior Figure Skating Championships	Figure skating		2026-03-04	2026-03-07	4.3.2026 - 7.3.2026|2026 world junior figure skating championships|figure skating|	True		False	False	True
4–15	2026 Indian Wells Open	Tennis		International	Men: Jannik SinnerWomen: Aryna Sabalenka	en	https://en.wikipedia.org/wiki/2026_in_sports	2	March	3	319	4.3.2026 - 15.3.2026	2026 Indian Wells Open	Tennis		2026-03-04	2026-03-15	4.3.2026 - 15.3.2026|2026 indian wells open|tennis|	True		False	False	True
5–6	2026 World Sprint Speed Skating Championships	Speed skating		International	Men: Jenning de BooWomen: Femke Kok	en	https://en.wikipedia.org/wiki/2026_in_sports	2	March	3	320	5.3.2026 - 6.3.2026	2026 World Sprint Speed Skating Championships	Speed skating		2026-03-05	2026-03-06	5.3.2026 - 6.3.2026|2026 world sprint speed skating championships|speed skating|	True		False	False	True
5–15	World Junior Alpine Skiing Championships 2026	Alpine skiing		International	France	en	https://en.wikipedia.org/wiki/2026_in_sports	2	March	3	321	5.3.2026 - 15.3.2026	World Junior Alpine Skiing Championships 2026	Alpine skiing		2026-03-05	2026-03-15	5.3.2026 - 15.3.2026|world junior alpine skiing championships 2026|alpine skiing|	True		False	False	True
5–17	2026 World Baseball Classic	Baseball		International	Venezuela	en	https://en.wikipedia.org/wiki/2026_in_sports	2	March	3	322	5.3.2026 - 17.3.2026	2026 World Baseball Classic	Baseball		2026-03-05	2026-03-17	5.3.2026 - 17.3.2026|2026 world baseball classic|baseball|	True		False	False	True
5–26 September	2026 AFL season	Australian rules football		Domestic		en	https://en.wikipedia.org/wiki/2026_in_sports	2	March	3	323	5.3.2026 - 26.9.2026	2026 AFL season	Australian rules football		2026-03-05	2026-09-26	5.3.2026 - 26.9.2026|2026 afl season|australian rules football|	True		False	False	True
6–14	2026 470 European Championship	Sailing		Continental	Martin Wrigley & Bettine Harris	en	https://en.wikipedia.org/wiki/2026_in_sports	2	March	3	324	6.3.2026 - 14.3.2026	2026 470 European Championship	Sailing		2026-03-06	2026-03-14	6.3.2026 - 14.3.2026|2026 470 european championship|sailing|	True		False	False	True
6–15	2026 Winter Paralympics	Multi-sport		International	China	en	https://en.wikipedia.org/wiki/2026_in_sports	2	March	3	325	6.3.2026 - 15.3.2026	2026 Winter Paralympics	Multi-sport		2026-03-06	2026-03-15	6.3.2026 - 15.3.2026|2026 winter paralympics|multi-sport|	True		False	False	True
7	UFC 326: Holloway vs Oliveira 2	Mixed martial arts		International	Charles Oliveira	en	https://en.wikipedia.org/wiki/2026_in_sports	2	March	3	326	7.3.2026	UFC 326: Holloway vs Oliveira 2	Mixed martial arts		2026-03-07	2026-03-07	7.3.2026|ufc 326: holloway vs oliveira 2|mixed martial arts|	True		False	False	True
7–8	2026 World Allround Speed Skating Championships	Speed skating		International	Men: Sander EitremWomen: Ragne Wiklund	en	https://en.wikipedia.org/wiki/2026_in_sports	2	March	3	327	7.3.2026 - 8.3.2026	2026 World Allround Speed Skating Championships	Speed skating		2026-03-07	2026-03-08	7.3.2026 - 8.3.2026|2026 world allround speed skating championships|speed skating|	True		False	False	True
7–22	2026 U-20 Copa Libertadores	Association football		Continental	Santiago Wanderers	en	https://en.wikipedia.org/wiki/2026_in_sports	2	March	3	328	7.3.2026 - 22.3.2026	2026 U-20 Copa Libertadores	Association football		2026-03-07	2026-03-22	7.3.2026 - 22.3.2026|2026 u-20 copa libertadores|association football|	True		False	False	True
8	2026 Australian Grand Prix (F1 #1)	Formula racing		International	George Russell ( Mercedes)	en	https://en.wikipedia.org/wiki/2026_in_sports	2	March	3	329	8.3.2026	2026 Australian Grand Prix (F1 #1)	Formula racing		2026-03-08	2026-03-08	8.3.2026|2026 australian grand prix (f1 #1)|formula racing|	True		False	False	True
9–15	2026 European U23 Wrestling Championships	Wrestling		Continental	Russia	en	https://en.wikipedia.org/wiki/2026_in_sports	2	March	3	330	9.3.2026 - 15.3.2026	2026 European U23 Wrestling Championships	Wrestling		2026-03-09	2026-03-15	9.3.2026 - 15.3.2026|2026 european u23 wrestling championships|wrestling|	True		False	False	True
12–13	IBSF Junior World Championships Skeleton 2026	Skeleton		International	Germany	en	https://en.wikipedia.org/wiki/2026_in_sports	2	March	3	331	12.3.2026 - 13.3.2026	IBSF Junior World Championships Skeleton 2026	Skeleton		2026-03-12	2026-03-13	12.3.2026 - 13.3.2026|ibsf junior world championships skeleton 2026|skeleton|	True		False	False	True
12–15	2026 Players Championship	Golf		International	Cameron Young	en	https://en.wikipedia.org/wiki/2026_in_sports	2	March	3	332	12.3.2026 - 15.3.2026	2026 Players Championship	Golf		2026-03-12	2026-03-15	12.3.2026 - 15.3.2026|2026 players championship|golf|	True		False	False	True
12–15	2026 Safari Rally (WRC #3)	Rallying		International	WRC: Takamoto Katsuta & Aaron Johnston ( Toyota Gazoo Racing WRT)WRC-2: Robert Virves & Jakko Viilo ( Toksport WRT)WRC-3: Georgios Vasilakis & Allan Harryman	en	https://en.wikipedia.org/wiki/2026_in_sports	2	March	3	333	12.3.2026 - 15.3.2026	2026 Safari Rally (WRC #3)	Rallying		2026-03-12	2026-03-15	12.3.2026 - 15.3.2026|2026 safari rally (wrc #3)|rallying|	True		False	False	True
13–14	2026 World Junior Synchronized Skating Championships	Synchronized skating		International		en	https://en.wikipedia.org/wiki/2026_in_sports	2	March	3	334	13.3.2026 - 14.3.2026	2026 World Junior Synchronized Skating Championships	Synchronized skating		2026-03-13	2026-03-14	13.3.2026 - 14.3.2026|2026 world junior synchronized skating championships|synchronized skating|	True		False	False	True
13–15	2026 FIBA 3x3 Champions Cup	3x3 basketball		International	Men: United StatesWomen: Netherlands	en	https://en.wikipedia.org/wiki/2026_in_sports	2	March	3	335	13.3.2026 - 15.3.2026	2026 FIBA 3x3 Champions Cup	3x3 basketball		2026-03-13	2026-03-15	13.3.2026 - 15.3.2026|2026 fiba 3x3 champions cup|3x3 basketball|	True		False	False	True
13–15	2026 World Short Track Speed Skating Championships	Short track		International	South Korea	en	https://en.wikipedia.org/wiki/2026_in_sports	2	March	3	336	13.3.2026 - 15.3.2026	2026 World Short Track Speed Skating Championships	Short track		2026-03-13	2026-03-15	13.3.2026 - 15.3.2026|2026 world short track speed skating championships|short track|	True		False	False	True
14–22	2026 World Women's Curling Championship	Curling		International	Switzerland	en	https://en.wikipedia.org/wiki/2026_in_sports	2	March	3	337	14.3.2026 - 22.3.2026	2026 World Women's Curling Championship	Curling		2026-03-14	2026-03-22	14.3.2026 - 22.3.2026|2026 world women's curling championship|curling|	True		False	False	True
15	2026 Chinese Grand Prix (F1 #2)	Formula racing		International	Kimi Antonelli ( Mercedes)	en	https://en.wikipedia.org/wiki/2026_in_sports	2	March	3	338	15.3.2026	2026 Chinese Grand Prix (F1 #2)	Formula racing		2026-03-15	2026-03-15	15.3.2026|2026 chinese grand prix (f1 #2)|formula racing|	True		False	False	True
17–6 April	2026 NCAA Division I men's basketball tournament	Basketball		Domestic		en	https://en.wikipedia.org/wiki/2026_in_sports	2	March	3	339	17.3.2026 - 6.4.2026	2026 NCAA Division I men's basketball tournament	Basketball		2026-03-17	2026-04-06	17.3.2026 - 6.4.2026|2026 ncaa division i men's basketball tournament|basketball|	True		False	False	True
18–29	2026 Miami Open	Tennis		International	Men: Jannik SinnerWomen: Aryna Sabalenka	en	https://en.wikipedia.org/wiki/2026_in_sports	2	March	3	340	18.3.2026 - 29.3.2026	2026 Miami Open	Tennis		2026-03-18	2026-03-29	18.3.2026 - 29.3.2026|2026 miami open|tennis|	True		False	False	True
20–22	2026 World Athletics Indoor Championships	Athletics		International	United States	en	https://en.wikipedia.org/wiki/2026_in_sports	2	March	3	341	20.3.2026 - 22.3.2026	2026 World Athletics Indoor Championships	Athletics		2026-03-20	2026-03-22	20.3.2026 - 22.3.2026|2026 world athletics indoor championships|athletics|	True		False	False	True
20–5 April	2026 NCAA Division I women's basketball tournament	Basketball		Domestic		en	https://en.wikipedia.org/wiki/2026_in_sports	2	March	3	342	20.3.2026 - 5.4.2026	2026 NCAA Division I women's basketball tournament	Basketball		2026-03-20	2026-04-05	20.3.2026 - 5.4.2026|2026 ncaa division i women's basketball tournament|basketball|	True		False	False	True
21	2026 Madrid ePrix (FE #6)	Formula racing		International	António Félix da Costa ( Jaguar TCS Racing)	en	https://en.wikipedia.org/wiki/2026_in_sports	2	March	3	343	21.3.2026	2026 Madrid ePrix (FE #6)	Formula racing		2026-03-21	2026-03-21	21.3.2026|2026 madrid eprix (fe #6)|formula racing|	True		False	False	True
21	2026 Milan–San Remo (Monument #1)	Road bicycle racing		International	Tadej Pogačar ( UAE Team Emirates XRG)	en	https://en.wikipedia.org/wiki/2026_in_sports	2	March	3	344	21.3.2026	2026 Milan–San Remo (Monument #1)	Road bicycle racing		2026-03-21	2026-03-21	21.3.2026|2026 milan–san remo (monument #1)|road bicycle racing|	True		False	False	True
22	2026 Brazilian motorcycle Grand Prix (MotoGP #2)	Motorcycle racing		International	MotoGP: Marco Bezzecchi ( Aprilia Racing)Moto2: Daniel Holgado ( CFMoto Inde Aspar Team)Moto3: Máximo Quiles ( CFMoto Gaviota Aspar Team)	en	https://en.wikipedia.org/wiki/2026_in_sports	2	March	3	345	22.3.2026	2026 Brazilian motorcycle Grand Prix (MotoGP #2)	Motorcycle racing		2026-03-22	2026-03-22	22.3.2026|2026 brazilian motorcycle grand prix (motogp #2)|motorcycle racing|	True		False	False	True
24–29	2026 Baseball Champions League Americas	Baseball		Continental	Kane County Cougars	en	https://en.wikipedia.org/wiki/2026_in_sports	2	March	3	346	24.3.2026 - 29.3.2026	2026 Baseball Champions League Americas	Baseball		2026-03-24	2026-03-29	24.3.2026 - 29.3.2026|2026 baseball champions league americas|baseball|	True		False	False	True
24–29	2026 World Figure Skating Championships	Figure Skating		International	Japan	en	https://en.wikipedia.org/wiki/2026_in_sports	2	March	3	347	24.3.2026 - 29.3.2026	2026 World Figure Skating Championships	Figure Skating		2026-03-24	2026-03-29	24.3.2026 - 29.3.2026|2026 world figure skating championships|figure skating|	True		False	False	True
25–31	2026 Asian Track Cycling Championships	Track cycling		Continental	China	en	https://en.wikipedia.org/wiki/2026_in_sports	2	March	3	348	25.3.2026 - 31.3.2026	2026 Asian Track Cycling Championships	Track cycling		2026-03-25	2026-03-31	25.3.2026 - 31.3.2026|2026 asian track cycling championships|track cycling|	True		False	False	True
26–3 May	2026 Pakistan Super League season	T20 Cricket		Domestic	Peshawar Zalmi	en	https://en.wikipedia.org/wiki/2026_in_sports	2	March	3	349	26.3.2026 - 3.5.2026	2026 Pakistan Super League season	T20 Cricket		2026-03-26	2026-05-03	26.3.2026 - 3.5.2026|2026 pakistan super league season|t20 cricket|	True		False	False	True
26–27 September	2026 Major League Baseball season	Baseball		Domestic		en	https://en.wikipedia.org/wiki/2026_in_sports	2	March	3	350	26.3.2026 - 27.9.2026	2026 Major League Baseball season	Baseball		2026-03-26	2026-09-27	26.3.2026 - 27.9.2026|2026 major league baseball season|baseball|	True		False	False	True
27–31	2026 Baseball5 Asia Cup	Baseball5		Continental	Chinese Taipei	en	https://en.wikipedia.org/wiki/2026_in_sports	2	March	3	351	27.3.2026 - 31.3.2026	2026 Baseball5 Asia Cup	Baseball5		2026-03-27	2026-03-31	27.3.2026 - 31.3.2026|2026 baseball5 asia cup|baseball5|	True		False	False	True
28	2026 Qatar 1812 km (WEC #1)	Endurance racing		International	Postponed until October due to the 2026 Iran war	en	https://en.wikipedia.org/wiki/2026_in_sports	2	March	3	352	28.3.2026	2026 Qatar 1812 km (WEC #1)	Endurance racing		2026-03-28	2026-03-28	28.3.2026|2026 qatar 1812 km (wec #1)|endurance racing|	True		False	False	True
28	2026 Dubai World Cup	Horse racing		International	Horse: MagnitudeJockey: José OrtizTrainer: Steve Asmussen	en	https://en.wikipedia.org/wiki/2026_in_sports	2	March	3	353	28.3.2026	2026 Dubai World Cup	Horse racing		2026-03-28	2026-03-28	28.3.2026|2026 dubai world cup|horse racing|	True		False	False	True
28	RAF 07: Tsarukyan vs. Poullas 2	Wrestling		International	Arman Tsarukyan	en	https://en.wikipedia.org/wiki/2026_in_sports	2	March	3	354	28.3.2026	RAF 07: Tsarukyan vs. Poullas 2	Wrestling		2026-03-28	2026-03-28	28.3.2026|raf 07: tsarukyan vs. poullas 2|wrestling|	True		False	False	True
28–29	2026 WSBK Portuguese round	Motorcycle racing		International	R1: Nicolò Bulega ( Aruba.it Racing – Ducati)SR: Nicolò Bulega ( Aruba.it Racing – Ducati)R2: Nicolò Bulega ( Aruba.it Racing – Ducati)	en	https://en.wikipedia.org/wiki/2026_in_sports	2	March	3	355	28.3.2026 - 29.3.2026	2026 WSBK Portuguese round	Motorcycle racing		2026-03-28	2026-03-29	28.3.2026 - 29.3.2026|2026 wsbk portuguese round|motorcycle racing|	True		False	False	True
28–5 April	2026 World Men's Curling Championship	Curling		International	Sweden	en	https://en.wikipedia.org/wiki/2026_in_sports	2	March	3	356	28.3.2026 - 5.4.2026	2026 World Men's Curling Championship	Curling		2026-03-28	2026-04-05	28.3.2026 - 5.4.2026|2026 world men's curling championship|curling|	True		False	False	True
28–16 April	Candidates Tournament 2026 Women's Candidates Tournament 2026	Chess		International	Men: Javokhir SindarovWomen: Vaishali Rameshbabu	en	https://en.wikipedia.org/wiki/2026_in_sports	2	March	3	357	28.3.2026 - 16.4.2026	Candidates Tournament 2026 Women's Candidates Tournament 2026	Chess		2026-03-28	2026-04-16	28.3.2026 - 16.4.2026|candidates tournament 2026 women's candidates tournament 2026|chess|	True		False	False	True
28–18 April	2026 Rugby Europe Women's Championship	Rugby union		Continental	Spain	en	https://en.wikipedia.org/wiki/2026_in_sports	2	March	3	358	28.3.2026 - 18.4.2026	2026 Rugby Europe Women's Championship	Rugby union		2026-03-28	2026-04-18	28.3.2026 - 18.4.2026|2026 rugby europe women's championship|rugby union|	True		False	False	True
28- 31 April	2026 Indian Premier League season	T20 Cricket		Domestic	Royal Challengers Bengaluru	en	https://en.wikipedia.org/wiki/2026_in_sports	2	March	3	359		2026 Indian Premier League season	T20 Cricket					False	unparseable_date	False	False	False
29	2026 Motorcycle Grand Prix of the Americas (MotoGP #3)	Motorcycle racing		International	MotoGP: Marco Bezzecchi ( Aprilia Racing)Moto2: Senna Agius ( Liqui Moly Dynavolt Intact GP)Moto3: Guido Pini ( Leopard Racing)	en	https://en.wikipedia.org/wiki/2026_in_sports	2	March	3	360	29.3.2026	2026 Motorcycle Grand Prix of the Americas (MotoGP #3)	Motorcycle racing		2026-03-29	2026-03-29	29.3.2026|2026 motorcycle grand prix of the americas (motogp #3)|motorcycle racing|	True		False	False	True
29	2026 Japanese Grand Prix (F1 #3)	Formula racing		International	Kimi Antonelli ( Mercedes)	en	https://en.wikipedia.org/wiki/2026_in_sports	2	March	3	361	29.3.2026	2026 Japanese Grand Prix (F1 #3)	Formula racing		2026-03-29	2026-03-29	29.3.2026|2026 japanese grand prix (f1 #3)|formula racing|	True		False	False	True
30–5 April	2026 Tour Championship (Players Series #3)	Snooker		International	Zhao Xintong	en	https://en.wikipedia.org/wiki/2026_in_sports	2	March	3	362	30.3.2026 - 5.4.2026	2026 Tour Championship (Players Series #3)	Snooker		2026-03-30	2026-04-05	30.3.2026 - 5.4.2026|2026 tour championship (players series #3)|snooker|	True		False	False	True
30–5 April	2026 ITTF Men's World Cup 2026 ITTF Women's World Cup	Table tennis		International	Men: Wang ChuqinWomen: Sun Yingsha	en	https://en.wikipedia.org/wiki/2026_in_sports	2	March	3	363	30.3.2026 - 5.4.2026	2026 ITTF Men's World Cup 2026 ITTF Women's World Cup	Table tennis		2026-03-30	2026-04-05	30.3.2026 - 5.4.2026|2026 ittf men's world cup 2026 ittf women's world cup|table tennis|	True		False	False	True
1–5	2026 FIBA 3x3 Asia Cup	3x3 basketball		Continental	Men: New ZealandWomen: Australia	en	https://en.wikipedia.org/wiki/2026_in_sports	3	April	4	364	1.4.2026 - 5.4.2026	2026 FIBA 3x3 Asia Cup	3x3 basketball		2026-04-01	2026-04-05	1.4.2026 - 5.4.2026|2026 fiba 3x3 asia cup|3x3 basketball|	True		False	False	True
1–6	2026 Women's Euro Hockey League	Field hockey		Continental	SCHC	en	https://en.wikipedia.org/wiki/2026_in_sports	3	April	4	365	1.4.2026 - 6.4.2026	2026 Women's Euro Hockey League	Field hockey		2026-04-01	2026-04-06	1.4.2026 - 6.4.2026|2026 women's euro hockey league|field hockey|	True		False	False	True
1–9	2026 Junior and Cadet Fencing World Championships	Fencing		International	United States	en	https://en.wikipedia.org/wiki/2026_in_sports	3	April	4	366	1.4.2026 - 9.4.2026	2026 Junior and Cadet Fencing World Championships	Fencing		2026-04-01	2026-04-09	1.4.2026 - 9.4.2026|2026 junior and cadet fencing world championships|fencing|	True		False	False	True
1–18	2026 AFC U-20 Women's Asian Cup	Association football		Continental	Japan	en	https://en.wikipedia.org/wiki/2026_in_sports	3	April	4	367	1.4.2026 - 18.4.2026	2026 AFC U-20 Women's Asian Cup	Association football		2026-04-01	2026-04-18	1.4.2026 - 18.4.2026|2026 afc u-20 women's asian cup|association football|	True		False	False	True
2–6	2026 Men's Euro Hockey League Final8	Field hockey		Continental	Kampong	en	https://en.wikipedia.org/wiki/2026_in_sports	3	April	4	368	2.4.2026 - 6.4.2026	2026 Men's Euro Hockey League Final8	Field hockey		2026-04-02	2026-04-06	2.4.2026 - 6.4.2026|2026 men's euro hockey league final8|field hockey|	True		False	False	True
2–9	2026 EuroCup Women final	Basketball		Continental	ÇIMSA ÇBK Mersin	en	https://en.wikipedia.org/wiki/2026_in_sports	3	April	4	369	2.4.2026 - 9.4.2026	2026 EuroCup Women final	Basketball		2026-04-02	2026-04-09	2.4.2026 - 9.4.2026|2026 eurocup women final|basketball|	True		False	False	True
3 – 27 September	2026 County Championship season	First-class cricket		Domestic		en	https://en.wikipedia.org/wiki/2026_in_sports	3	April	4	370	3.4.2026 - 27.9.2026	2026 County Championship season	First-class cricket		2026-04-03	2026-09-27	3.4.2026 - 27.9.2026|2026 county championship season|first-class cricket|	True		False	False	True
4–5	2026 GT World Challenge Asia (Malaysia round #1)	Endurance racing		International	R1: Alessandro Ghiretti & Huang Ruohan ( No. 911 Absolute Racing)R2: Lu Wei & Alessio Picariello ( No. 4 Origine Motorsport)	en	https://en.wikipedia.org/wiki/2026_in_sports	3	April	4	371	4.4.2026 - 5.4.2026	2026 GT World Challenge Asia (Malaysia round #1)	Endurance racing		2026-04-04	2026-04-05	4.4.2026 - 5.4.2026|2026 gt world challenge asia (malaysia round #1)|endurance racing|	True		False	False	True
5	2026 Tour of Flanders (Monument #2)	Road bicycle racing		International	Tadej Pogačar ( UAE Team Emirates XRG)	en	https://en.wikipedia.org/wiki/2026_in_sports	3	April	4	372	5.4.2026	2026 Tour of Flanders (Monument #2)	Road bicycle racing		2026-04-05	2026-04-05	5.4.2026|2026 tour of flanders (monument #2)|road bicycle racing|	True		False	False	True
5–12	2026 Monte-Carlo Masters	Tennis		International	Jannik Sinner	en	https://en.wikipedia.org/wiki/2026_in_sports	3	April	4	373	5.4.2026 - 12.4.2026	2026 Monte-Carlo Masters	Tennis		2026-04-05	2026-04-12	5.4.2026 - 12.4.2026|2026 monte-carlo masters|tennis|	True		False	False	True
6–12	2026 Asian Wrestling Championships	Wrestling		Continental	Iran	en	https://en.wikipedia.org/wiki/2026_in_sports	3	April	4	374	6.4.2026 - 12.4.2026	2026 Asian Wrestling Championships	Wrestling		2026-04-06	2026-04-12	6.4.2026 - 12.4.2026|2026 asian wrestling championships|wrestling|	True		False	False	True
6–18	2026 Men's Junior Pan American Championship 2026 Women's Junior Pan American Championship	Field hockey		Continental	Men: ArgentinaWomen: Argentina	en	https://en.wikipedia.org/wiki/2026_in_sports	3	April	4	375	6.4.2026 - 18.4.2026	2026 Men's Junior Pan American Championship 2026 Women's Junior Pan American Championship	Field hockey		2026-04-06	2026-04-18	6.4.2026 - 18.4.2026|2026 men's junior pan american championship 2026 women's junior pan american championship|field hockey|	True		False	False	True
7–10	2026 Pan Am Badminton Championships	Badminton		Continental	Men: Victor LaiWomen: Michelle Li	en	https://en.wikipedia.org/wiki/2026_in_sports	3	April	4	376	7.4.2026 - 10.4.2026	2026 Pan Am Badminton Championships	Badminton		2026-04-07	2026-04-10	7.4.2026 - 10.4.2026|2026 pan am badminton championships|badminton|	True		False	False	True
7–12	2026 Badminton Asia Championships	Badminton		Continental	Men: Shi YuqiWomen: An Se-young	en	https://en.wikipedia.org/wiki/2026_in_sports	3	April	4	377	7.4.2026 - 12.4.2026	2026 Badminton Asia Championships	Badminton		2026-04-07	2026-04-12	7.4.2026 - 12.4.2026|2026 badminton asia championships|badminton|	True		False	False	True
7–12	2026 European Badminton Championships	Badminton		Continental	Men: Christo PopovWomen: Kirsty Gilmour	en	https://en.wikipedia.org/wiki/2026_in_sports	3	April	4	378	7.4.2026 - 12.4.2026	2026 European Badminton Championships	Badminton		2026-04-07	2026-04-12	7.4.2026 - 12.4.2026|2026 european badminton championships|badminton|	True		False	False	True
8–12	2026 World Climbing Asia Championship	Climbing		Continental	Japan	en	https://en.wikipedia.org/wiki/2026_in_sports	3	April	4	379	8.4.2026 - 12.4.2026	2026 World Climbing Asia Championship	Climbing		2026-04-08	2026-04-12	8.4.2026 - 12.4.2026|2026 world climbing asia championship|climbing|	True		False	False	True
8–12	2026 European Trampoline Championships	Gymnastics		Continental	Great Britain Authorised Neutral Athletes	en	https://en.wikipedia.org/wiki/2026_in_sports	3	April	4	380	8.4.2026 - 12.4.2026	2026 European Trampoline Championships	Gymnastics		2026-04-08	2026-04-12	8.4.2026 - 12.4.2026|2026 european trampoline championships|gymnastics|	True		False	False	True
8–12	2026 FEI World Cup Finals (show jumping and dressage)	Equestrian		International	Jumping: Competition I-II: Kent FarringtonCompetition III: Richard VogelDressage: All: Becky Moody	en	https://en.wikipedia.org/wiki/2026_in_sports	3	April	4	381	8.4.2026 - 12.4.2026	2026 FEI World Cup Finals (show jumping and dressage)	Equestrian		2026-04-08	2026-04-12	8.4.2026 - 12.4.2026|2026 fei world cup finals (show jumping and dressage)|equestrian|	True		False	False	True
9–12	2026 Masters Tournament	Golf		International	Rory McIlroy	en	https://en.wikipedia.org/wiki/2026_in_sports	3	April	4	382	9.4.2026 - 12.4.2026	2026 Masters Tournament	Golf		2026-04-09	2026-04-12	9.4.2026 - 12.4.2026|2026 masters tournament|golf|	True		False	False	True
9–12	2026 Croatia Rally (WRC #4)	Rallying		International	WRC: Takamoto Katsuta & Aaron Johnston ( Toyota Gazoo Racing WRT)WRC-2: Yohan Rossel & Arnaud Dunand ( Lancia Corse HF)WRC-3: Ali Türkkan & Oytun Albayrak ( Castrol Ford Team Türkiye)	en	https://en.wikipedia.org/wiki/2026_in_sports	3	April	4	383	9.4.2026 - 12.4.2026	2026 Croatia Rally (WRC #4)	Rallying		2026-04-09	2026-04-12	9.4.2026 - 12.4.2026|2026 croatia rally (wrc #4)|rallying|	True		False	False	True
10–12	2026 ARRC Malaysia round	Motorcycle racing		International	R1: Hafizh Syahrin ( JDT Racing Team)R2: Hafizh Syahrin ( JDT Racing Team)	en	https://en.wikipedia.org/wiki/2026_in_sports	3	April	4	384	10.4.2026 - 12.4.2026	2026 ARRC Malaysia round	Motorcycle racing		2026-04-10	2026-04-12	10.4.2026 - 12.4.2026|2026 arrc malaysia round|motorcycle racing|	True		False	False	True
11	2026 Grand National	Horse racing		International	Horse: I Am MaximusJockey: Paul TownendTrainer: Willie Mullins	en	https://en.wikipedia.org/wiki/2026_in_sports	3	April	4	385	11.4.2026	2026 Grand National	Horse racing		2026-04-11	2026-04-11	11.4.2026|2026 grand national|horse racing|	True		False	False	True
11	UFC 327: Procházka vs. Ulberg	Mixed martial arts		International	Carlos Ulberg	en	https://en.wikipedia.org/wiki/2026_in_sports	3	April	4	386	11.4.2026	UFC 327: Procházka vs. Ulberg	Mixed martial arts		2026-04-11	2026-04-11	11.4.2026|ufc 327: procházka vs. ulberg|mixed martial arts|	True		False	False	True
11–24	2026 CAVB Women's African Club Championship	Volleyball		Continental	Al-Ahly SC	en	https://en.wikipedia.org/wiki/2026_in_sports	3	April	4	387	11.4.2026 - 24.4.2026	2026 CAVB Women's African Club Championship	Volleyball		2026-04-11	2026-04-24	11.4.2026 - 24.4.2026|2026 cavb women's african club championship|volleyball|	True		False	False	True
11–17 May	2026 Women's Six Nations Championship	Rugby union		Continental	England	en	https://en.wikipedia.org/wiki/2026_in_sports	3	April	4	388	11.4.2026 - 17.5.2026	2026 Women's Six Nations Championship	Rugby union		2026-04-11	2026-05-17	11.4.2026 - 17.5.2026|2026 women's six nations championship|rugby union|	True		False	False	True
11–26 July	2026 All-Ireland Senior Football Championship	Gaelic football		Domestic		en	https://en.wikipedia.org/wiki/2026_in_sports	3	April	4	389	11.4.2026 - 26.7.2026	2026 All-Ireland Senior Football Championship	Gaelic football		2026-04-11	2026-07-26	11.4.2026 - 26.7.2026|2026 all-ireland senior football championship|gaelic football|	True		False	False	True
12	2026 Bahrain Grand Prix (F1) #4	Formula racing		International	Cancelled due to the 2026 Iran war	en	https://en.wikipedia.org/wiki/2026_in_sports	3	April	4	390	12.4.2026	2026 Bahrain Grand Prix (F1) #4	Formula racing		2026-04-12	2026-04-12	12.4.2026|2026 bahrain grand prix (f1) #4|formula racing|	True		False	False	True
12	2026 World Athletics Race Walking Team Championships	Race walking		International	China	en	https://en.wikipedia.org/wiki/2026_in_sports	3	April	4	391	12.4.2026	2026 World Athletics Race Walking Team Championships	Race walking		2026-04-12	2026-04-12	12.4.2026|2026 world athletics race walking team championships|race walking|	True		False	False	True
12	2026 Paris–Roubaix (Monument #3)	Road bicycle racing		International	Wout van Aert ( Visma–Lease a Bike)	en	https://en.wikipedia.org/wiki/2026_in_sports	3	April	4	392	12.4.2026	2026 Paris–Roubaix (Monument #3)	Road bicycle racing		2026-04-12	2026-04-12	12.4.2026|2026 paris–roubaix (monument #3)|road bicycle racing|	True		False	False	True
12–17	2026 World Junior Taekwondo Championships	Taekwondo		International	Iran	en	https://en.wikipedia.org/wiki/2026_in_sports	3	April	4	393	12.4.2026 - 17.4.2026	2026 World Junior Taekwondo Championships	Taekwondo		2026-04-12	2026-04-17	12.4.2026 - 17.4.2026|2026 world junior taekwondo championships|taekwondo|	True		False	False	True
12–25	2026 South American Youth Games	Multi-sport		Continental	Brazil	en	https://en.wikipedia.org/wiki/2026_in_sports	3	April	4	394	12.4.2026 - 25.4.2026	2026 South American Youth Games	Multi-sport		2026-04-12	2026-04-25	12.4.2026 - 25.4.2026|2026 south american youth games|multi-sport|	True		False	False	True
15–19	2026 EuroLeague Women Final Six	Basketball		Continental	Fenerbahçe Opet	en	https://en.wikipedia.org/wiki/2026_in_sports	3	April	4	395	15.4.2026 - 19.4.2026	2026 EuroLeague Women Final Six	Basketball		2026-04-15	2026-04-19	15.4.2026 - 19.4.2026|2026 euroleague women final six|basketball|	True		False	False	True
16–19	2026 Asian Judo Championships	Judo		Continental	Mongolia	en	https://en.wikipedia.org/wiki/2026_in_sports	3	April	4	396	16.4.2026 - 19.4.2026	2026 Asian Judo Championships	Judo		2026-04-16	2026-04-19	16.4.2026 - 19.4.2026|2026 asian judo championships|judo|	True		False	False	True
16–19	2026 European Judo Championships	Judo		Continental	Georgia	en	https://en.wikipedia.org/wiki/2026_in_sports	3	April	4	397	16.4.2026 - 19.4.2026	2026 European Judo Championships	Judo		2026-04-16	2026-04-19	16.4.2026 - 19.4.2026|2026 european judo championships|judo|	True		False	False	True
16–19	2026 Pan American Judo Championships	Judo		Continental	Brazil	en	https://en.wikipedia.org/wiki/2026_in_sports	3	April	4	398	16.4.2026 - 19.4.2026	2026 Pan American Judo Championships	Judo		2026-04-16	2026-04-19	16.4.2026 - 19.4.2026|2026 pan american judo championships|judo|	True		False	False	True
18	RAF 08: Tsarukyan vs. Faber	Wrestling		International	Arman Tsarukyan	en	https://en.wikipedia.org/wiki/2026_in_sports	3	April	4	399	18.4.2026	RAF 08: Tsarukyan vs. Faber	Wrestling		2026-04-18	2026-04-18	18.4.2026|raf 08: tsarukyan vs. faber|wrestling|	True		False	False	True
18	2026 Copa del Rey final	Association football		Domestic	Real Sociedad	en	https://en.wikipedia.org/wiki/2026_in_sports	3	April	4	400	18.4.2026	2026 Copa del Rey final	Association football		2026-04-18	2026-04-18	18.4.2026|2026 copa del rey final|association football|	True		False	False	True
18–19	2026 WSBK Dutch round	Motorcycle racing		International	R1: Nicolò Bulega ( Aruba.it Racing – Ducati)SR: Nicolò Bulega ( Aruba.it Racing – Ducati)R2: Nicolò Bulega ( Aruba.it Racing – Ducati)	en	https://en.wikipedia.org/wiki/2026_in_sports	3	April	4	401	18.4.2026 - 19.4.2026	2026 WSBK Dutch round	Motorcycle racing		2026-04-18	2026-04-19	18.4.2026 - 19.4.2026|2026 wsbk dutch round|motorcycle racing|	True		False	False	True
18–4 May	2026 World Snooker Championship	Snooker		International	Wu Yize	en	https://en.wikipedia.org/wiki/2026_in_sports	3	April	4	402	18.4.2026 - 4.5.2026	2026 World Snooker Championship	Snooker		2026-04-18	2026-05-04	18.4.2026 - 4.5.2026|2026 world snooker championship|snooker|	True		False	False	True
18–14 June	2026 Stanley Cup playoffs	Ice hockey		Domestic	Carolina Hurricanes	en	https://en.wikipedia.org/wiki/2026_in_sports	3	April	4	403	18.4.2026 - 14.6.2026	2026 Stanley Cup playoffs	Ice hockey		2026-04-18	2026-06-14	18.4.2026 - 14.6.2026|2026 stanley cup playoffs|ice hockey|	True		False	False	True
18 -19 July	2026 All-Ireland Senior Hurling Championship	Hurling		Domestic	Limerick	en	https://en.wikipedia.org/wiki/2026_in_sports	3	April	4	404	18.4.2026 - 19.7.2026	2026 All-Ireland Senior Hurling Championship	Hurling		2026-04-18	2026-07-19	18.4.2026 - 19.7.2026|2026 all-ireland senior hurling championship|hurling|	True		False	False	True
19	2026 6 Hours of Imola (WEC #1)	Endurance racing		International	Hypercar: Sébastien Buemi, Brendon Hartley & Ryo Hirakawa ( Toyota Racing)LMGT3: Dan Harper, Anthony McIntosh & Parker Thompson ( Team WRT)	en	https://en.wikipedia.org/wiki/2026_in_sports	3	April	4	405	19.4.2026	2026 6 Hours of Imola (WEC #1)	Endurance racing		2026-04-19	2026-04-19	19.4.2026|2026 6 hours of imola (wec #1)|endurance racing|	True		False	False	True
19	2026 Saudi Arabian Grand Prix (F1) #5	Formula racing		International	Cancelled due to the 2026 Iran war	en	https://en.wikipedia.org/wiki/2026_in_sports	3	April	4	406	19.4.2026	2026 Saudi Arabian Grand Prix (F1) #5	Formula racing		2026-04-19	2026-04-19	19.4.2026|2026 saudi arabian grand prix (f1) #5|formula racing|	True		False	False	True
19	2026 KNVB Cup final	Association football		Domestic	AZ Alkmaar	en	https://en.wikipedia.org/wiki/2026_in_sports	3	April	4	407	19.4.2026	2026 KNVB Cup final	Association football		2026-04-19	2026-04-19	19.4.2026|2026 knvb cup final|association football|	True		False	False	True
19–26	2026 European Weightlifting Championships	Weightlifting		Continental	Armenia	en	https://en.wikipedia.org/wiki/2026_in_sports	3	April	4	408	19.4.2026 - 26.4.2026	2026 European Weightlifting Championships	Weightlifting		2026-04-19	2026-04-26	19.4.2026 - 26.4.2026|2026 european weightlifting championships|weightlifting|	True		False	False	True
20	2026 Boston Marathon (WMM #2)	Marathon		International	Men: John KorirWomen: Sharon Lokedi	en	https://en.wikipedia.org/wiki/2026_in_sports	3	April	4	409	20.4.2026	2026 Boston Marathon (WMM #2)	Marathon		2026-04-20	2026-04-20	20.4.2026|2026 boston marathon (wmm #2)|marathon|	True		False	False	True
20–26	2026 IKF World Kempo Championship	Kempo		International		en	https://en.wikipedia.org/wiki/2026_in_sports	3	April	4	410	20.4.2026 - 26.4.2026	2026 IKF World Kempo Championship	Kempo		2026-04-20	2026-04-26	20.4.2026 - 26.4.2026|2026 ikf world kempo championship|kempo|	True		False	False	True
20–26	2026 European Wrestling Championships	Wrestling		Continental	Ukraine	en	https://en.wikipedia.org/wiki/2026_in_sports	3	April	4	411	20.4.2026 - 26.4.2026	2026 European Wrestling Championships	Wrestling		2026-04-20	2026-04-26	20.4.2026 - 26.4.2026|2026 european wrestling championships|wrestling|	True		False	False	True
20–3 May	2026 CAVB African Volleyball Club Championships	Volleyball		Continental	Al-Ahly	en	https://en.wikipedia.org/wiki/2026_in_sports	3	April	4	412	20.4.2026 - 3.5.2026	2026 CAVB African Volleyball Club Championships	Volleyball		2026-04-20	2026-05-03	20.4.2026 - 3.5.2026|2026 cavb african volleyball club championships|volleyball|	True		False	False	True
22–29	2026 FIBA Europe Cup Finals	Basketball		Continental	Surne Bilbao Basket	en	https://en.wikipedia.org/wiki/2026_in_sports	3	April	4	413	22.4.2026 - 29.4.2026	2026 FIBA Europe Cup Finals	Basketball		2026-04-22	2026-04-29	22.4.2026 - 29.4.2026|2026 fiba europe cup finals|basketball|	True		False	False	True
22–30	2026 Asian Beach Games	Multi-sport		Continental	China	en	https://en.wikipedia.org/wiki/2026_in_sports	3	April	4	414	22.4.2026 - 30.4.2026	2026 Asian Beach Games	Multi-sport		2026-04-22	2026-04-30	22.4.2026 - 30.4.2026|2026 asian beach games|multi-sport|	True		False	False	True
22–1 May	2026 EuroCup Finals	Basketball		Continental	Cosea JL Bourg	en	https://en.wikipedia.org/wiki/2026_in_sports	3	April	4	415	22.4.2026 - 1.5.2026	2026 EuroCup Finals	Basketball		2026-04-22	2026-05-01	22.4.2026 - 1.5.2026|2026 eurocup finals|basketball|	True		False	False	True
22–2 May	2026 IIHF World U18 Championships	Ice hockey		International	Sweden	en	https://en.wikipedia.org/wiki/2026_in_sports	3	April	4	416	22.4.2026 - 2.5.2026	2026 IIHF World U18 Championships	Ice hockey		2026-04-22	2026-05-02	22.4.2026 - 2.5.2026|2026 iihf world u18 championships|ice hockey|	True		False	False	True
22–3 May	2026 Madrid Open	Tennis		International	Men: Jannik SinnerWomen: Marta Kostyuk	en	https://en.wikipedia.org/wiki/2026_in_sports	3	April	4	417	22.4.2026 - 3.5.2026	2026 Madrid Open	Tennis		2026-04-22	2026-05-03	22.4.2026 - 3.5.2026|2026 madrid open|tennis|	True		False	False	True
23–25	2026 NFL draft	American football		Domestic	Fernando Mendoza ( Indiana)	en	https://en.wikipedia.org/wiki/2026_in_sports	3	April	4	418	23.4.2026 - 25.4.2026	2026 NFL draft	American football		2026-04-23	2026-04-25	23.4.2026 - 25.4.2026|2026 nfl draft|american football|	True		False	False	True
23–26	2026 Chevron Championship	Golf		International	Nelly Korda	en	https://en.wikipedia.org/wiki/2026_in_sports	3	April	4	419	23.4.2026 - 26.4.2026	2026 Chevron Championship	Golf		2026-04-23	2026-04-26	23.4.2026 - 26.4.2026|2026 chevron championship|golf|	True		False	False	True
23–26	2026 Rally Islas Canarias (WRC #5)	Rallying		International	WRC: Sébastien Ogier & Vincent Landais ( Toyota Gazoo Racing WRT)WRC-2: Yohan Rossel & Arnaud Dunand ( Lancia Corse HF)WRC-3: Gil Membrado & Adrián Pérez	en	https://en.wikipedia.org/wiki/2026_in_sports	3	April	4	420	23.4.2026 - 26.4.2026	2026 Rally Islas Canarias (WRC #5)	Rallying		2026-04-23	2026-04-26	23.4.2026 - 26.4.2026|2026 rally islas canarias (wrc #5)|rallying|	True		False	False	True
24–27	2026 African Beach Handball Championship	Beach Handball		International	Tunisia (Men) Benin (women)	en	https://en.wikipedia.org/wiki/2026_in_sports	3	April	4	421	24.4.2026 - 27.4.2026	2026 African Beach Handball Championship	Beach Handball		2026-04-24	2026-04-27	24.4.2026 - 27.4.2026|2026 african beach handball championship|beach handball|	True		False	False	True
24–3 May	2026 Thomas & Uber Cup	Badminton		International	Men: ChinaWomen: South Korea	en	https://en.wikipedia.org/wiki/2026_in_sports	3	April	4	422	24.4.2026 - 3.5.2026	2026 Thomas & Uber Cup	Badminton		2026-04-24	2026-05-03	24.4.2026 - 3.5.2026|2026 thomas & uber cup|badminton|	True		False	False	True
25	2026 AFC Champions League Elite final	Association football		Continental	Al-Ahli	en	https://en.wikipedia.org/wiki/2026_in_sports	3	April	4	423	25.4.2026	2026 AFC Champions League Elite final	Association football		2026-04-25	2026-04-25	25.4.2026|2026 afc champions league elite final|association football|	True		False	False	True
25–1 May	2026 UEFA Women's Europa Cup final	Association football		Continental	BK Häcken	en	https://en.wikipedia.org/wiki/2026_in_sports	3	April	4	424	25.4.2026 - 1.5.2026	2026 UEFA Women's Europa Cup final	Association football		2026-04-25	2026-05-01	25.4.2026 - 1.5.2026|2026 uefa women's europa cup final|association football|	True		False	False	True
25–2 May	2026 World Mixed Doubles Curling Championship	Curling		International	Australia	en	https://en.wikipedia.org/wiki/2026_in_sports	3	April	4	425	25.4.2026 - 2.5.2026	2026 World Mixed Doubles Curling Championship	Curling		2026-04-25	2026-05-02	25.4.2026 - 2.5.2026|2026 world mixed doubles curling championship|curling|	True		False	False	True
25–3 May	2026 U-23 Men's Softball World Cup	Softball		International	Japan	en	https://en.wikipedia.org/wiki/2026_in_sports	3	April	4	426	25.4.2026 - 3.5.2026	2026 U-23 Men's Softball World Cup	Softball		2026-04-25	2026-05-03	25.4.2026 - 3.5.2026|2026 u-23 men's softball world cup|softball|	True		False	False	True
26	2026 London Marathon (WMM #3)	Marathon		International	Men: Sabastian SaweWomen: Tigst Assefa	en	https://en.wikipedia.org/wiki/2026_in_sports	3	April	4	427	26.4.2026	2026 London Marathon (WMM #3)	Marathon		2026-04-26	2026-04-26	26.4.2026|2026 london marathon (wmm #3)|marathon|	True		False	False	True
26	2026 Spanish motorcycle Grand Prix (MotoGP #4)	Motorcycle racing		International	MotoGP: Álex Márquez ( BK8 Gresini Racing MotoGP)Moto2: Senna Agius ( Liqui Moly Dynavolt Intact GP)Moto3: Máximo Quiles ( CFMoto Aspar Team)	en	https://en.wikipedia.org/wiki/2026_in_sports	3	April	4	428	26.4.2026	2026 Spanish motorcycle Grand Prix (MotoGP #4)	Motorcycle racing		2026-04-26	2026-04-26	26.4.2026|2026 spanish motorcycle grand prix (motogp #4)|motorcycle racing|	True		False	False	True
26	2026 Liège–Bastogne–Liège (Monument #4)	Road bicycle racing		International	Tadej Pogačar ( UAE Team Emirates XRG)	en	https://en.wikipedia.org/wiki/2026_in_sports	3	April	4	429	26.4.2026	2026 Liège–Bastogne–Liège (Monument #4)	Road bicycle racing		2026-04-26	2026-04-26	26.4.2026|2026 liège–bastogne–liège (monument #4)|road bicycle racing|	True		False	False	True
26–30	2026 AVC Women's Volleyball Champions League	Volleyball		Continental	NEC Red Rockets	en	https://en.wikipedia.org/wiki/2026_in_sports	3	April	4	430	26.4.2026 - 30.4.2026	2026 AVC Women's Volleyball Champions League	Volleyball		2026-04-26	2026-04-30	26.4.2026 - 30.4.2026|2026 avc women's volleyball champions league|volleyball|	True		False	False	True
27–30	2026 Pan American Weightlifting Championships	Weightlifting		Continental	United States	en	https://en.wikipedia.org/wiki/2026_in_sports	3	April	4	431	27.4.2026 - 30.4.2026	2026 Pan American Weightlifting Championships	Weightlifting		2026-04-27	2026-04-30	27.4.2026 - 30.4.2026|2026 pan american weightlifting championships|weightlifting|	True		False	False	True
27–1 May	2026 Oceania Weightlifting Championships 2026 Oceania Junior Weightlifting Championships 2026 Oceania Youth Weightlifting Championships	Weightlifting		Continental	Samoa	en	https://en.wikipedia.org/wiki/2026_in_sports	3	April	4	432	27.4.2026 - 1.5.2026	2026 Oceania Weightlifting Championships 2026 Oceania Junior Weightlifting Championships 2026 Oceania Youth Weightlifting Championships	Weightlifting		2026-04-27	2026-05-01	27.4.2026 - 1.5.2026|2026 oceania weightlifting championships 2026 oceania junior weightlifting championships 2026 oceania youth weightlifting championships|weightlifting|	True		False	False	True
27–3 May	2026 IIHF U18 Asia Cup	Ice hockey		Continental	Uzbekistan	en	https://en.wikipedia.org/wiki/2026_in_sports	3	April	4	433	27.4.2026 - 3.5.2026	2026 IIHF U18 Asia Cup	Ice hockey		2026-04-27	2026-05-03	27.4.2026 - 3.5.2026|2026 iihf u18 asia cup|ice hockey|	True		False	False	True
27–9 May	2026 U20 Rugby Championship	Rugby union		International	South Africa	en	https://en.wikipedia.org/wiki/2026_in_sports	3	April	4	434	27.4.2026 - 9.5.2026	2026 U20 Rugby Championship	Rugby union		2026-04-27	2026-05-09	27.4.2026 - 9.5.2026|2026 u20 rugby championship|rugby union|	True		False	False	True
28–10 May	2026 World Team Table Tennis Championships	Table tennis		International	Men: ChinaWomen: China	en	https://en.wikipedia.org/wiki/2026_in_sports	3	April	4	435	28.4.2026 - 10.5.2026	2026 World Team Table Tennis Championships	Table tennis		2026-04-28	2026-05-10	28.4.2026 - 10.5.2026|2026 world team table tennis championships|table tennis|	True		False	False	True
30–2 May	2026 African Rhythmic Gymnastics Championships	Rhythmic gymnastics		Continental	Egypt	en	https://en.wikipedia.org/wiki/2026_in_sports	3	April	4	436	30.4.2026 - 2.5.2026	2026 African Rhythmic Gymnastics Championships	Rhythmic gymnastics		2026-04-30	2026-05-02	30.4.2026 - 2.5.2026|2026 african rhythmic gymnastics championships|rhythmic gymnastics|	True		False	False	True
30–3 May	2026 Rhythmic Gymnastics European Cup	Rhythmic gymnastics		Continental		en	https://en.wikipedia.org/wiki/2026_in_sports	3	April	4	437	30.4.2026 - 3.5.2026	2026 Rhythmic Gymnastics European Cup	Rhythmic gymnastics		2026-04-30	2026-05-03	30.4.2026 - 3.5.2026|2026 rhythmic gymnastics european cup|rhythmic gymnastics|	True		False	False	True
30–20 May	2026 Walter Cup playoffs	Ice hockey		Domestic	Montreal Victoire	en	https://en.wikipedia.org/wiki/2026_in_sports	3	April	4	438	30.4.2026 - 20.5.2026	2026 Walter Cup playoffs	Ice hockey		2026-04-30	2026-05-20	30.4.2026 - 20.5.2026|2026 walter cup playoffs|ice hockey|	True		False	False	True
1–17	2026 AFC U-17 Women's Asian Cup	Association football		Continental	North Korea	en	https://en.wikipedia.org/wiki/2026_in_sports	4	May	5	439	1.5.2026 - 17.5.2026	2026 AFC U-17 Women's Asian Cup	Association football		2026-05-01	2026-05-17	1.5.2026 - 17.5.2026|2026 afc u-17 women's asian cup|association football|	True		False	False	True
2	2026 Kentucky Derby	Horse racing		International	Horse: Golden TempoJockey: José OrtizTrainer: Cherie DeVaux	en	https://en.wikipedia.org/wiki/2026_in_sports	4	May	5	440	2.5.2026	2026 Kentucky Derby	Horse racing		2026-05-02	2026-05-02	2.5.2026|2026 kentucky derby|horse racing|	True		False	False	True
2–3	2026 World Athletics Relays	Athletics		International	Jamaica	en	https://en.wikipedia.org/wiki/2026_in_sports	4	May	5	441	2.5.2026 - 3.5.2026	2026 World Athletics Relays	Athletics		2026-05-02	2026-05-03	2.5.2026 - 3.5.2026|2026 world athletics relays|athletics|	True		False	False	True
2–3	2026 GT World Challenge Asia (Indonesia round #2)	Endurance racing		International	R1: Franky Cheng Congfu & James Yu Kuai ( No. 16 FAW Audi Sport Asia Team Phantom)R2: Loek Hartog & Anthony Liu Xu ( No. 37 Phantom Global Racing)	en	https://en.wikipedia.org/wiki/2026_in_sports	4	May	5	442	2.5.2026 - 3.5.2026	2026 GT World Challenge Asia (Indonesia round #2)	Endurance racing		2026-05-02	2026-05-03	2.5.2026 - 3.5.2026|2026 gt world challenge asia (indonesia round #2)|endurance racing|	True		False	False	True
2–3	2026 WSBK Hungarian round	Motorcycle racing		International	R1: Nicolò Bulega ( Aruba.it Racing – Ducati)SR: Nicolò Bulega ( Aruba.it Racing – Ducati)R2: Nicolò Bulega ( Aruba.it Racing – Ducati)	en	https://en.wikipedia.org/wiki/2026_in_sports	4	May	5	443	2.5.2026 - 3.5.2026	2026 WSBK Hungarian round	Motorcycle racing		2026-05-02	2026-05-03	2.5.2026 - 3.5.2026|2026 wsbk hungarian round|motorcycle racing|	True		False	False	True
2–3	2026 CEV Women's Champions League Final Four	Volleyball		Continental	VakifBank Istanbul	en	https://en.wikipedia.org/wiki/2026_in_sports	4	May	5	444	2.5.2026 - 3.5.2026	2026 CEV Women's Champions League Final Four	Volleyball		2026-05-02	2026-05-03	2.5.2026 - 3.5.2026|2026 cev women's champions league final four|volleyball|	True		False	False	True
2–8	2026 World Junior Weightlifting Championships	Weightlifting		International	China	en	https://en.wikipedia.org/wiki/2026_in_sports	4	May	5	445	2.5.2026 - 8.5.2026	2026 World Junior Weightlifting Championships	Weightlifting		2026-05-02	2026-05-08	2.5.2026 - 8.5.2026|2026 world junior weightlifting championships|weightlifting|	True		False	False	True
3	2026 Miami Grand Prix (F1 #4)	Formula racing		International	Kimi Antonelli ( Mercedes)	en	https://en.wikipedia.org/wiki/2026_in_sports	4	May	5	446	3.5.2026	2026 Miami Grand Prix (F1 #4)	Formula racing		2026-05-03	2026-05-03	3.5.2026|2026 miami grand prix (f1 #4)|formula racing|	True		False	False	True
3–9	2026 La Vuelta Femenina	Road bicycle racing		International	Paula Blasi ( UAE Team L'Imad)	en	https://en.wikipedia.org/wiki/2026_in_sports	4	May	5	447	3.5.2026 - 9.5.2026	2026 La Vuelta Femenina	Road bicycle racing		2026-05-03	2026-05-09	3.5.2026 - 9.5.2026|2026 la vuelta femenina|road bicycle racing|	True		False	False	True
4–17	2026 UEFA Women's Under-17 Championship	Association football		Continental	Germany	en	https://en.wikipedia.org/wiki/2026_in_sports	4	May	5	448	4.5.2026 - 17.5.2026	2026 UEFA Women's Under-17 Championship	Association football		2026-05-04	2026-05-17	4.5.2026 - 17.5.2026|2026 uefa women's under-17 championship|association football|	True		False	False	True
5–10	2026 World Junior Mixed Doubles Curling Championship	Curling		International	Japan	en	https://en.wikipedia.org/wiki/2026_in_sports	4	May	5	449	5.5.2026 - 10.5.2026	2026 World Junior Mixed Doubles Curling Championship	Curling		2026-05-05	2026-05-10	5.5.2026 - 10.5.2026|2026 world junior mixed doubles curling championship|curling|	True		False	False	True
5–10	2026 African Swimming Championships	Swimming		Continental	Senior: EgyptJunior: South Africa	en	https://en.wikipedia.org/wiki/2026_in_sports	4	May	5	450	5.5.2026 - 10.5.2026	2026 African Swimming Championships	Swimming		2026-05-05	2026-05-10	5.5.2026 - 10.5.2026|2026 african swimming championships|swimming|	True		False	False	True
5–17	2026 Italian Open	Tennis		International	Men: Jannik SinnerWomen: Elina Svitolina	en	https://en.wikipedia.org/wiki/2026_in_sports	4	May	5	451	5.5.2026 - 17.5.2026	2026 Italian Open	Tennis		2026-05-05	2026-05-17	5.5.2026 - 17.5.2026|2026 italian open|tennis|	True		False	False	True
5–22	2026 AFC U-17 Asian Cup	Association football		Continental	Japan	en	https://en.wikipedia.org/wiki/2026_in_sports	4	May	5	452	5.5.2026 - 22.5.2026	2026 AFC U-17 Asian Cup	Association football		2026-05-05	2026-05-22	5.5.2026 - 22.5.2026|2026 afc u-17 asian cup|association football|	True		False	False	True
6–10	2026 Women's U-19 World Floorball Championships	Floorball		International	Finland	en	https://en.wikipedia.org/wiki/2026_in_sports	4	May	5	453	6.5.2026 - 10.5.2026	2026 Women's U-19 World Floorball Championships	Floorball		2026-05-06	2026-05-10	6.5.2026 - 10.5.2026|2026 women's u-19 world floorball championships|floorball|	True		False	False	True
7–9	2026 Basketball Champions League Final Four	Basketball		Continental	Rytas	en	https://en.wikipedia.org/wiki/2026_in_sports	4	May	5	454	7.5.2026 - 9.5.2026	2026 Basketball Champions League Final Four	Basketball		2026-05-07	2026-05-09	7.5.2026 - 9.5.2026|2026 basketball champions league final four|basketball|	True		False	False	True
7–10	2026 Rally de Portugal (WRC #6)	Rallying		International	R1: Thierry Neuville & Martijn Wydaeghe ( Hyundai Shell Mobis WRT)SR: Teemu Suninen & Janni HussiR2: Matteo Fontana & Alessandro Arnaboldi	en	https://en.wikipedia.org/wiki/2026_in_sports	4	May	5	455	7.5.2026 - 10.5.2026	2026 Rally de Portugal (WRC #6)	Rallying		2026-05-07	2026-05-10	7.5.2026 - 10.5.2026|2026 rally de portugal (wrc #6)|rallying|	True		False	False	True
8–10	2026 UEFA Futsal Champions League Finals	Futsal		Continental	Sporting CP	en	https://en.wikipedia.org/wiki/2026_in_sports	4	May	5	456	8.5.2026 - 10.5.2026	2026 UEFA Futsal Champions League Finals	Futsal		2026-05-08	2026-05-10	8.5.2026 - 10.5.2026|2026 uefa futsal champions league finals|futsal|	True		False	False	True
8–10	2026 ARRC Thailand round	Motorcycle racing		International	R1:R2:	en	https://en.wikipedia.org/wiki/2026_in_sports	4	May	5	457	8.5.2026 - 10.5.2026	2026 ARRC Thailand round	Motorcycle racing		2026-05-08	2026-05-10	8.5.2026 - 10.5.2026|2026 arrc thailand round|motorcycle racing|	True		False	False	True
8–16	2026 Men's World Squash Championship 2026 Women's World Squash Championship	Squash		International	Men: Mostafa AsalWomen: Amina Orfi	en	https://en.wikipedia.org/wiki/2026_in_sports	4	May	5	458	8.5.2026 - 16.5.2026	2026 Men's World Squash Championship 2026 Women's World Squash Championship	Squash		2026-05-08	2026-05-16	8.5.2026 - 16.5.2026|2026 men's world squash championship 2026 women's world squash championship|squash|	True		False	False	True
8–31	2026 Giro d'Italia	Road bicycle racing		International	Jonas Vingegaard ( Visma–Lease a Bike)	en	https://en.wikipedia.org/wiki/2026_in_sports	4	May	5	459	8.5.2026 - 31.5.2026	2026 Giro d'Italia	Road bicycle racing		2026-05-08	2026-05-31	8.5.2026 - 31.5.2026|2026 giro d'italia|road bicycle racing|	True		False	False	True
8–25 September	2026 WNBA Season	Basketball		Domestic		en	https://en.wikipedia.org/wiki/2026_in_sports	4	May	5	460	8.5.2026 - 25.9.2026	2026 WNBA Season	Basketball		2026-05-08	2026-09-25	8.5.2026 - 25.9.2026|2026 wnba season|basketball|	True		False	False	True
9	2026 6 Hours of Spa-Francorchamps (WEC #2)	Endurance racing		International	Hypercar: René Rast, Robin Frijns & Sheldon van der Linde ( BMW M Team WRT)LMGT3: Antares Au, Tom Fleming & Marvin Kirchhöfer ( Garage 59)	en	https://en.wikipedia.org/wiki/2026_in_sports	4	May	5	461	9.5.2026	2026 6 Hours of Spa-Francorchamps (WEC #2)	Endurance racing		2026-05-09	2026-05-09	9.5.2026|2026 6 hours of spa-francorchamps (wec #2)|endurance racing|	True		False	False	True
9	UFC 328: Chimaev vs. Strickland	Mixed martial arts		International	Sean Strickland	en	https://en.wikipedia.org/wiki/2026_in_sports	4	May	5	462	9.5.2026	UFC 328: Chimaev vs. Strickland	Mixed martial arts		2026-05-09	2026-05-09	9.5.2026|ufc 328: chimaev vs. strickland|mixed martial arts|	True		False	False	True
9–16	2026 CAF Confederation Cup final	Association football		Continental	USM Alger	en	https://en.wikipedia.org/wiki/2026_in_sports	4	May	5	463	9.5.2026 - 16.5.2026	2026 CAF Confederation Cup final	Association football		2026-05-09	2026-05-16	9.5.2026 - 16.5.2026|2026 caf confederation cup final|association football|	True		False	False	True
10- 8 November	2026 FAI Cup season	Association football		Domestic		en	https://en.wikipedia.org/wiki/2026_in_sports	4	May	5	464	10.5.2026 - 8.11.2026	2026 FAI Cup season	Association football		2026-05-10	2026-11-08	10.5.2026 - 8.11.2026|2026 fai cup season|association football|	True		False	False	True
10	2026 French motorcycle Grand Prix (MotoGP #5)	Motorcycle racing		International	MotoGP: Jorge Martín ( Aprilia Racing)Moto2: Izan Guevara ( Blu Cru Pramac Yamaha Moto2)Moto3: Máximo Quiles ( CFMoto Gaviota Aspar Team)	en	https://en.wikipedia.org/wiki/2026_in_sports	4	May	5	465	10.5.2026	2026 French motorcycle Grand Prix (MotoGP #5)	Motorcycle racing		2026-05-10	2026-05-10	10.5.2026|2026 french motorcycle grand prix (motogp #5)|motorcycle racing|	True		False	False	True
10	2026 Coupe de France Féminine final	Association football		Domestic	OL Lyonnes	en	https://en.wikipedia.org/wiki/2026_in_sports	4	May	5	466	10.5.2026	2026 Coupe de France Féminine final	Association football		2026-05-10	2026-05-10	10.5.2026|2026 coupe de france féminine final|association football|	True		False	False	True
11–14	2026 European Taekwondo Championships	Taekwondo		Continental	Turkey	en	https://en.wikipedia.org/wiki/2026_in_sports	4	May	5	467	11.5.2026 - 14.5.2026	2026 European Taekwondo Championships	Taekwondo		2026-05-11	2026-05-14	11.5.2026 - 14.5.2026|2026 european taekwondo championships|taekwondo|	True		False	False	True
11–17	2026 Asian Weightlifting Championships	Weightlifting		Continental	China	en	https://en.wikipedia.org/wiki/2026_in_sports	4	May	5	468	11.5.2026 - 17.5.2026	2026 Asian Weightlifting Championships	Weightlifting		2026-05-11	2026-05-17	11.5.2026 - 17.5.2026|2026 asian weightlifting championships|weightlifting|	True		False	False	True
12–16	2026 Nor.Ca. Men's Handball Championship	Handball		Continental	United States	en	https://en.wikipedia.org/wiki/2026_in_sports	4	May	5	469	12.5.2026 - 16.5.2026	2026 Nor.Ca. Men's Handball Championship	Handball		2026-05-12	2026-05-16	12.5.2026 - 16.5.2026|2026 nor.ca. men's handball championship|handball|	True		False	False	True
12–16	2026 African Weightlifting Championships	Weightlifting		Continental	Egypt	en	https://en.wikipedia.org/wiki/2026_in_sports	4	May	5	470	12.5.2026 - 16.5.2026	2026 African Weightlifting Championships	Weightlifting		2026-05-12	2026-05-16	12.5.2026 - 16.5.2026|2026 african weightlifting championships|weightlifting|	True		False	False	True
12–17	2026 African Championships in Athletics	Athletics		Continental	South Africa	en	https://en.wikipedia.org/wiki/2026_in_sports	4	May	5	471	12.5.2026 - 17.5.2026	2026 African Championships in Athletics	Athletics		2026-05-12	2026-05-17	12.5.2026 - 17.5.2026|2026 african championships in athletics|athletics|	True		False	False	True
12–19	2026 World Women's Snooker Championship	Snooker		International	Panchaya Channoi	en	https://en.wikipedia.org/wiki/2026_in_sports	4	May	5	472	12.5.2026 - 19.5.2026	2026 World Women's Snooker Championship	Snooker		2026-05-12	2026-05-19	12.5.2026 - 19.5.2026|2026 world women's snooker championship|snooker|	True		False	False	True
13	2026 AFC Challenge League final	Association football		Continental	Al Kuwait	en	https://en.wikipedia.org/wiki/2026_in_sports	4	May	5	473	13.5.2026	2026 AFC Challenge League final	Association football		2026-05-13	2026-05-13	13.5.2026|2026 afc challenge league final|association football|	True		False	False	True
13	2026 Coppa Italia final	Association football		Domestic	Inter Milan	en	https://en.wikipedia.org/wiki/2026_in_sports	4	May	5	474	13.5.2026	2026 Coppa Italia final	Association football		2026-05-13	2026-05-13	13.5.2026|2026 coppa italia final|association football|	True		False	False	True
13–17	2026 AVC Men's Volleyball Champions League	Volleyball		Continental	Jakarta Bhayangkara Presisi	en	https://en.wikipedia.org/wiki/2026_in_sports	4	May	5	475	13.5.2026 - 17.5.2026	2026 AVC Men's Volleyball Champions League	Volleyball		2026-05-13	2026-05-17	13.5.2026 - 17.5.2026|2026 avc men's volleyball champions league|volleyball|	True		False	False	True
13–2 June	2026 U-17 Africa Cup of Nations	Association football		Continental	Senegal	en	https://en.wikipedia.org/wiki/2026_in_sports	4	May	5	476	13.5.2026 - 2.6.2026	2026 U-17 Africa Cup of Nations	Association football		2026-05-13	2026-06-02	13.5.2026 - 2.6.2026|2026 u-17 africa cup of nations|association football|	True		False	False	True
14	2026 DFB-Pokal der Frauen final	Association football		Domestic	FC Bayern München	en	https://en.wikipedia.org/wiki/2026_in_sports	4	May	5	477	14.5.2026	2026 DFB-Pokal der Frauen final	Association football		2026-05-14	2026-05-14	14.5.2026|2026 dfb-pokal der frauen final|association football|	True		False	False	True
14–17	2026 PGA Championship	Golf		International	Aaron Rai	en	https://en.wikipedia.org/wiki/2026_in_sports	4	May	5	478	14.5.2026 - 17.5.2026	2026 PGA Championship	Golf		2026-05-14	2026-05-17	14.5.2026 - 17.5.2026|2026 pga championship|golf|	True		False	False	True
15–31	2026 IIHF World Championship	Ice Hockey		International	Finland	en	https://en.wikipedia.org/wiki/2026_in_sports	4	May	5	479	15.5.2026 - 31.5.2026	2026 IIHF World Championship	Ice Hockey		2026-05-15	2026-05-31	15.5.2026 - 31.5.2026|2026 iihf world championship|ice hockey|	True		False	False	True
16	2026 AFC Champions League Two final	Association football		Continental	Gamba Osaka	en	https://en.wikipedia.org/wiki/2026_in_sports	4	May	5	480	16.5.2026	2026 AFC Champions League Two final	Association football		2026-05-16	2026-05-16	16.5.2026|2026 afc champions league two final|association football|	True		False	False	True
16	2026 FA Cup final	Association football		Domestic	Manchester City	en	https://en.wikipedia.org/wiki/2026_in_sports	4	May	5	481	16.5.2026	2026 FA Cup final	Association football		2026-05-16	2026-05-16	16.5.2026|2026 fa cup final|association football|	True		False	False	True
16	2026 KNVB Women's Cup final	Association football		Domestic	FC Twente Vrouwen	en	https://en.wikipedia.org/wiki/2026_in_sports	4	May	5	482	16.5.2026	2026 KNVB Women's Cup final	Association football		2026-05-16	2026-05-16	16.5.2026|2026 knvb women's cup final|association football|	True		False	False	True
16	2026 Copa de la Reina de Fútbol final	Association football		Domestic	FC Barcelona Femení	en	https://en.wikipedia.org/wiki/2026_in_sports	4	May	5	483	16.5.2026	2026 Copa de la Reina de Fútbol final	Association football		2026-05-16	2026-05-16	16.5.2026|2026 copa de la reina de fútbol final|association football|	True		False	False	True
16	2026 Preakness Stakes	Horse racing		Domestic	Horse: Napoleon SoloJockey: Paco LopezTrainer: Chad Summers	en	https://en.wikipedia.org/wiki/2026_in_sports	4	May	5	484	16.5.2026	2026 Preakness Stakes	Horse racing		2026-05-16	2026-05-16	16.5.2026|2026 preakness stakes|horse racing|	True		False	False	True
16	MVP MMA: Rousey vs. Carano	Mixed martial arts		International	Ronda Rousey	en	https://en.wikipedia.org/wiki/2026_in_sports	4	May	5	485	16.5.2026	MVP MMA: Rousey vs. Carano	Mixed martial arts		2026-05-16	2026-05-16	16.5.2026|mvp mma: rousey vs. carano|mixed martial arts|	True		False	False	True
16–17	2026 WSBK Czech round	Motorcycle racing		International	R1: Nicolò Bulega ( Aruba.it Racing – Ducati)SR: Nicolò Bulega ( Aruba.it Racing – Ducati)R2: Nicolò Bulega ( Aruba.it Racing – Ducati)	en	https://en.wikipedia.org/wiki/2026_in_sports	4	May	5	486	16.5.2026 - 17.5.2026	2026 WSBK Czech round	Motorcycle racing		2026-05-16	2026-05-17	16.5.2026 - 17.5.2026|2026 wsbk czech round|motorcycle racing|	True		False	False	True
16–17	2026 CEV Champions League Final Four	Volleyball		Continental	Sir Sicoma Monini Perugia	en	https://en.wikipedia.org/wiki/2026_in_sports	4	May	5	487	16.5.2026 - 17.5.2026	2026 CEV Champions League Final Four	Volleyball		2026-05-16	2026-05-17	16.5.2026 - 17.5.2026|2026 cev champions league final four|volleyball|	True		False	False	True
16–23	TM ISTAF Sepaktakraw World Cup 2026	Sepak takraw		International	Malaysia	en	https://en.wikipedia.org/wiki/2026_in_sports	4	May	5	488	16.5.2026 - 23.5.2026	TM ISTAF Sepaktakraw World Cup 2026	Sepak takraw		2026-05-16	2026-05-23	16.5.2026 - 23.5.2026|tm istaf sepaktakraw world cup 2026|sepak takraw|	True		False	False	True
16–9 August	2026 All-Ireland Senior Camogie Championship	Camogie		Domestic		en	https://en.wikipedia.org/wiki/2026_in_sports	4	May	5	489	16.5.2026 - 9.8.2026	2026 All-Ireland Senior Camogie Championship	Camogie		2026-05-16	2026-08-09	16.5.2026 - 9.8.2026|2026 all-ireland senior camogie championship|camogie|	True		False	False	True
17	2026 Catalan motorcycle Grand Prix (MotoGP #6)	Motorcycle racing		International	MotoGP: Fabio Di Giannantonio ( Pertamina Enduro VR46 Racing Team)Moto2: Manuel González ( Liqui Moly Dynavolt Intact GP)Moto3: Máximo Quiles ( CFMoto Gaviota Aspar Team)	en	https://en.wikipedia.org/wiki/2026_in_sports	4	May	5	490	17.5.2026	2026 Catalan motorcycle Grand Prix (MotoGP #6)	Motorcycle racing		2026-05-17	2026-05-17	17.5.2026|2026 catalan motorcycle grand prix (motogp #6)|motorcycle racing|	True		False	False	True
17–24	2026 CAF Champions League final	Association football		Continental	Mamelodi Sundowns	en	https://en.wikipedia.org/wiki/2026_in_sports	4	May	5	491	17.5.2026 - 24.5.2026	2026 CAF Champions League final	Association football		2026-05-17	2026-05-24	17.5.2026 - 24.5.2026|2026 caf champions league final|association football|	True		False	False	True
18–24	2026 European Archery Championships	Archery		Continental	Turkey	en	https://en.wikipedia.org/wiki/2026_in_sports	4	May	5	492	18.5.2026 - 24.5.2026	2026 European Archery Championships	Archery		2026-05-18	2026-05-24	18.5.2026 - 24.5.2026|2026 european archery championships|archery|	True		False	False	True
20	2026 UEFA Europa League final	Association football		Continental	Aston Villa	en	https://en.wikipedia.org/wiki/2026_in_sports	4	May	5	493	20.5.2026	2026 UEFA Europa League final	Association football		2026-05-20	2026-05-20	20.5.2026|2026 uefa europa league final|association football|	True		False	False	True
20–24	2026 European Karate Championships	Karate		Continental	Italy	en	https://en.wikipedia.org/wiki/2026_in_sports	4	May	5	494	20.5.2026 - 24.5.2026	2026 European Karate Championships	Karate		2026-05-20	2026-05-24	20.5.2026 - 24.5.2026|2026 european karate championships|karate|	True		False	False	True
22–24	2026 EuroLeague Final Four	Basketball		Continental	Olympiacos	en	https://en.wikipedia.org/wiki/2026_in_sports	4	May	5	495	22.5.2026 - 24.5.2026	2026 EuroLeague Final Four	Basketball		2026-05-22	2026-05-24	22.5.2026 - 24.5.2026|2026 euroleague final four|basketball|	True		False	False	True
22 – 18 July	2026 T20 Blast season	T20 Cricket		Domestic	Northamptonshire Steelbacks	en	https://en.wikipedia.org/wiki/2026_in_sports	4	May	5	496	22.5.2026 - 18.7.2026	2026 T20 Blast season	T20 Cricket		2026-05-22	2026-07-18	22.5.2026 - 18.7.2026|2026 t20 blast season|t20 cricket|	True		False	False	True
22	2026 Coupe de France final	Association football		Domestic	RC Lens	en	https://en.wikipedia.org/wiki/2026_in_sports	4	May	5	497	22.5.2026	2026 Coupe de France final	Association football		2026-05-22	2026-05-22	22.5.2026|2026 coupe de france final|association football|	True		False	False	True
22	2026 Turkish Cup final	Association football		Domestic	Trabzonspor	en	https://en.wikipedia.org/wiki/2026_in_sports	4	May	5	498	22.5.2026	2026 Turkish Cup final	Association football		2026-05-22	2026-05-22	22.5.2026|2026 turkish cup final|association football|	True		False	False	True
23	2026 UEFA Women's Champions League final	Association football		Continental	Barcelona	en	https://en.wikipedia.org/wiki/2026_in_sports	4	May	5	499	23.5.2026	2026 UEFA Women's Champions League final	Association football		2026-05-23	2026-05-23	23.5.2026|2026 uefa women's champions league final|association football|	True		False	False	True
23	2026 CONCACAF W Champions Cup final	Association football		Continental	América	en	https://en.wikipedia.org/wiki/2026_in_sports	4	May	5	500	23.5.2026	2026 CONCACAF W Champions Cup final	Association football		2026-05-23	2026-05-23	23.5.2026|2026 concacaf w champions cup final|association football|	True		False	False	True
23	2026 AFC Women's Champions League final	Association football		Continental	Naegohyang	en	https://en.wikipedia.org/wiki/2026_in_sports	4	May	5	501	23.5.2026	2026 AFC Women's Champions League final	Association football		2026-05-23	2026-05-23	23.5.2026|2026 afc women's champions league final|association football|	True		False	False	True
23	2026 European Rugby Champions Cup final	Rugby union		Continental	Bordeaux Bègles	en	https://en.wikipedia.org/wiki/2026_in_sports	4	May	5	502	23.5.2026	2026 European Rugby Champions Cup final	Rugby union		2026-05-23	2026-05-23	23.5.2026|2026 european rugby champions cup final|rugby union|	True		False	False	True
23–24	2026 European Rowing U19 Championships	Rowing		Continental	Italy	en	https://en.wikipedia.org/wiki/2026_in_sports	4	May	5	503	23.5.2026 - 24.5.2026	2026 European Rowing U19 Championships	Rowing		2026-05-23	2026-05-24	23.5.2026 - 24.5.2026|2026 european rowing u19 championships|rowing|	True		False	False	True
23–26	2026 Asian Rhythmic Gymnastics Championships	Rhythmic gymnastics		Continental	Uzbekistan	en	https://en.wikipedia.org/wiki/2026_in_sports	4	May	5	504	23.5.2026 - 26.5.2026	2026 Asian Rhythmic Gymnastics Championships	Rhythmic gymnastics		2026-05-23	2026-05-26	23.5.2026 - 26.5.2026|2026 asian rhythmic gymnastics championships|rhythmic gymnastics|	True		False	False	True
23–31	2026 Rugby Africa Women's Cup	Rugby union		Continental	South Africa	en	https://en.wikipedia.org/wiki/2026_in_sports	4	May	5	505	23.5.2026 - 31.5.2026	2026 Rugby Africa Women's Cup	Rugby union		2026-05-23	2026-05-31	23.5.2026 - 31.5.2026|2026 rugby africa women's cup|rugby union|	True		False	False	True
23	2026 Scottish Cup final	Association football		Domestic	Celtic	en	https://en.wikipedia.org/wiki/2026_in_sports	4	May	5	506	23.5.2026	2026 Scottish Cup final	Association football		2026-05-23	2026-05-23	23.5.2026|2026 scottish cup final|association football|	True		False	False	True
23	2026 DFB-Pokal final	Association football		Domestic	FC Bayern München	en	https://en.wikipedia.org/wiki/2026_in_sports	4	May	5	507	23.5.2026	2026 DFB-Pokal final	Association football		2026-05-23	2026-05-23	23.5.2026|2026 dfb-pokal final|association football|	True		False	False	True
23–25	2026 Men's and Women's Hoofdklasse Hockey finals	Field hockey		Domestic	Men: HC Rotterdam Women: Amsterdamsche	en	https://en.wikipedia.org/wiki/2026_in_sports	4	May	5	508	23.5.2026 - 25.5.2026	2026 Men's and Women's Hoofdklasse Hockey finals	Field hockey		2026-05-23	2026-05-25	23.5.2026 - 25.5.2026|2026 men's and women's hoofdklasse hockey finals|field hockey|	True		False	False	True
24	2026 Canadian Grand Prix (F1 #5)	Formula racing		International	Kimi Antonelli ( Mercedes)	en	https://en.wikipedia.org/wiki/2026_in_sports	4	May	5	509	24.5.2026	2026 Canadian Grand Prix (F1 #5)	Formula racing		2026-05-24	2026-05-24	24.5.2026|2026 canadian grand prix (f1 #5)|formula racing|	True		False	False	True
24–7 June	2026 French Open	Tennis		International	Men: Alexander ZverevWomen: Mirra Andreeva	en	https://en.wikipedia.org/wiki/2026_in_sports	4	May	5	510	24.5.2026 - 7.6.2026	2026 French Open	Tennis		2026-05-24	2026-06-07	24.5.2026 - 7.6.2026|2026 french open|tennis|	True		False	False	True
24–31	2026 Copa Libertadores de Futsal	Futsal		Continental	Carlos Barbosa	en	https://en.wikipedia.org/wiki/2026_in_sports	4	May	5	511	24.5.2026 - 31.5.2026	2026 Copa Libertadores de Futsal	Futsal		2026-05-24	2026-05-31	24.5.2026 - 31.5.2026|2026 copa libertadores de futsal|futsal|	True		False	False	True
24	2026 Coppa Italia Femminile final	Association football		Domestic	AS Roma	en	https://en.wikipedia.org/wiki/2026_in_sports	4	May	5	512	24.5.2026	2026 Coppa Italia Femminile final	Association football		2026-05-24	2026-05-24	24.5.2026|2026 coppa italia femminile final|association football|	True		False	False	True
25–5 June	2026 SAFF Women's Championship	Association football		Continental	India	en	https://en.wikipedia.org/wiki/2026_in_sports	4	May	5	513	25.5.2026 - 5.6.2026	2026 SAFF Women's Championship	Association football		2026-05-25	2026-06-05	25.5.2026 - 5.6.2026|2026 saff women's championship|association football|	True		False	False	True
25–7 June	2026 UEFA European Under-17 Championship	Association football		Continental	Italy	en	https://en.wikipedia.org/wiki/2026_in_sports	4	May	5	514	25.5.2026 - 7.6.2026	2026 UEFA European Under-17 Championship	Association football		2026-05-25	2026-06-07	25.5.2026 - 7.6.2026|2026 uefa european under-17 championship|association football|	True		False	False	True
27	2026 UEFA Conference League final	Association football		Continental	Crystal Palace	en	https://en.wikipedia.org/wiki/2026_in_sports	4	May	5	515	27.5.2026	2026 UEFA Conference League final	Association football		2026-05-27	2026-05-27	27.5.2026|2026 uefa conference league final|association football|	True		False	False	True
27–31	2026 Rhythmic Gymnastics European Championships	Gymnastics		Continental	Bulgaria	en	https://en.wikipedia.org/wiki/2026_in_sports	4	May	5	516	27.5.2026 - 31.5.2026	2026 Rhythmic Gymnastics European Championships	Gymnastics		2026-05-27	2026-05-31	27.5.2026 - 31.5.2026|2026 rhythmic gymnastics european championships|gymnastics|	True		False	False	True
28–31	2026 Rally Japan (WRC #7)	Rallying		International	WRC: Elfyn Evans & Scott Martin ( Toyota Gazoo Racing WRT)WRC-2: Nikolay Gryazin & Konstantin AleksandrovWRC-3: Ghjuvanni Rossi & Kylian Sarmezan	en	https://en.wikipedia.org/wiki/2026_in_sports	4	May	5	517	28.5.2026 - 31.5.2026	2026 Rally Japan (WRC #7)	Rallying		2026-05-28	2026-05-31	28.5.2026 - 31.5.2026|2026 rally japan (wrc #7)|rallying|	True		False	False	True
30	2026 UEFA Champions League final	Association football		Continental	Paris Saint-Germain	en	https://en.wikipedia.org/wiki/2026_in_sports	4	May	5	518	30.5.2026	2026 UEFA Champions League final	Association football		2026-05-30	2026-05-30	30.5.2026|2026 uefa champions league final|association football|	True		False	False	True
30	2026 CONCACAF Champions Cup final	Association football		Continental	Toluca	en	https://en.wikipedia.org/wiki/2026_in_sports	4	May	5	519	30.5.2026	2026 CONCACAF Champions Cup final	Association football		2026-05-30	2026-05-30	30.5.2026|2026 concacaf champions cup final|association football|	True		False	False	True
30	RAF 09: Steveson vs. Romanov	Wrestling		International	Gable Steveson	en	https://en.wikipedia.org/wiki/2026_in_sports	4	May	5	520	30.5.2026	RAF 09: Steveson vs. Romanov	Wrestling		2026-05-30	2026-05-30	30.5.2026|raf 09: steveson vs. romanov|wrestling|	True		False	False	True
30–31	2026 WSBK Aragon round	Motorcycle racing		International	R1: Nicolò Bulega ( Aruba.it Racing – Ducati)SR: Nicolò Bulega ( Aruba.it Racing – Ducati)R2: Nicolò Bulega ( Aruba.it Racing – Ducati)	en	https://en.wikipedia.org/wiki/2026_in_sports	4	May	5	521	30.5.2026 - 31.5.2026	2026 WSBK Aragon round	Motorcycle racing		2026-05-30	2026-05-31	30.5.2026 - 31.5.2026|2026 wsbk aragon round|motorcycle racing|	True		False	False	True
30–7 June	2026 Giro d'Italia Women	Road bicycle racing		International	Demi Vollering ( FDJ United–Suez)	en	https://en.wikipedia.org/wiki/2026_in_sports	4	May	5	522	30.5.2026 - 7.6.2026	2026 Giro d'Italia Women	Road bicycle racing		2026-05-30	2026-06-07	30.5.2026 - 7.6.2026|2026 giro d'italia women|road bicycle racing|	True		False	False	True
31	2026 Women's FA Cup final	Association football		Domestic	Manchester City	en	https://en.wikipedia.org/wiki/2026_in_sports	4	May	5	523	31.5.2026	2026 Women's FA Cup final	Association football		2026-05-31	2026-05-31	31.5.2026|2026 women's fa cup final|association football|	True		False	False	True
31	2026 Scottish Women's Cup final	Association football		Domestic	Celtic	en	https://en.wikipedia.org/wiki/2026_in_sports	4	May	5	524	31.5.2026	2026 Scottish Women's Cup final	Association football		2026-05-31	2026-05-31	31.5.2026|2026 scottish women's cup final|association football|	True		False	False	True
31	2026 Indian Premier League final	T20 Cricket		Domestic	Royal Challengers Bengaluru	en	https://en.wikipedia.org/wiki/2026_in_sports	4	May	5	525	31.5.2026	2026 Indian Premier League final	T20 Cricket		2026-05-31	2026-05-31	31.5.2026|2026 indian premier league final|t20 cricket|	True		False	False	True
31	2026 Italian motorcycle Grand Prix (MotoGP #7)	Motorcycle racing		International	MotoGP: Marco Bezzecchi ( Aprilia Racing)Moto2: Manuel González ( Liqui Moly Dynavolt Intact GP)Moto3: Brian Uriarte ( Red Bull KTM Ajo)	en	https://en.wikipedia.org/wiki/2026_in_sports	4	May	5	526	31.5.2026	2026 Italian motorcycle Grand Prix (MotoGP #7)	Motorcycle racing		2026-05-31	2026-05-31	31.5.2026|2026 italian motorcycle grand prix (motogp #7)|motorcycle racing|	True		False	False	True
1–5	2026 African Fencing Championships	Fencing		Continental	Egypt	en	https://en.wikipedia.org/wiki/2026_in_sports	5	June	6	527	1.6.2026 - 5.6.2026	2026 African Fencing Championships	Fencing		2026-06-01	2026-06-05	1.6.2026 - 5.6.2026|2026 african fencing championships|fencing|	True		False	False	True
1–7	2026 FIBA 3x3 World Cup	3x3 basketball		International	Men: LatviaWomen: United States	en	https://en.wikipedia.org/wiki/2026_in_sports	5	June	6	528	1.6.2026 - 7.6.2026	2026 FIBA 3x3 World Cup	3x3 basketball		2026-06-01	2026-06-07	1.6.2026 - 7.6.2026|2026 fiba 3x3 world cup|3x3 basketball|	True		False	False	True
1–7	2026 FIBA U18 AmeriCup	Basketball		Continental	Canada	en	https://en.wikipedia.org/wiki/2026_in_sports	5	June	6	529	1.6.2026 - 7.6.2026	2026 FIBA U18 AmeriCup	Basketball		2026-06-01	2026-06-07	1.6.2026 - 7.6.2026|2026 fiba u18 americup|basketball|	True		False	False	True
3–13	2026 NBA Finals	Basketball		Domestic	New York Knicks	en	https://en.wikipedia.org/wiki/2026_in_sports	5	June	6	530	3.6.2026 - 13.6.2026	2026 NBA Finals	Basketball		2026-06-03	2026-06-13	3.6.2026 - 13.6.2026|2026 nba finals|basketball|	True		False	False	True
3–26 July	2026 FIVB Women's Volleyball Nations League	Volleyball		International	Turkey	en	https://en.wikipedia.org/wiki/2026_in_sports	5	June	6	531	3.6.2026 - 26.7.2026	2026 FIVB Women's Volleyball Nations League	Volleyball		2026-06-03	2026-07-26	3.6.2026 - 26.7.2026|2026 fivb women's volleyball nations league|volleyball|	True		False	False	True
4–7	2026 U.S. Women's Open	Golf		International	Nelly Korda	en	https://en.wikipedia.org/wiki/2026_in_sports	5	June	6	532	4.6.2026 - 7.6.2026	2026 U.S. Women's Open	Golf		2026-06-04	2026-06-07	4.6.2026 - 7.6.2026|2026 u.s. women's open|golf|	True		False	False	True
5–6	2026 GT World Challenge Asia (Shanghai round #3)	Endurance racing		International	R1: Chen Weian & Liu Kaishun ( No. 96 Harmony Racing)R2: Laurin Heinrich & Lu Wei ( No. 11 Origine Motorsport)	en	https://en.wikipedia.org/wiki/2026_in_sports	5	June	6	533	5.6.2026 - 6.6.2026	2026 GT World Challenge Asia (Shanghai round #3)	Endurance racing		2026-06-05	2026-06-06	5.6.2026 - 6.6.2026|2026 gt world challenge asia (shanghai round #3)|endurance racing|	True		False	False	True
6	2026 Belmont Stakes	Horse Racing		International	Horse: Golden TempoJockey: José OrtizTrainer: Cherie DeVaux	en	https://en.wikipedia.org/wiki/2026_in_sports	5	June	6	534	6.6.2026	2026 Belmont Stakes	Horse Racing		2026-06-06	2026-06-06	6.6.2026|2026 belmont stakes|horse racing|	True		False	False	True
6–7	2026 Women's EHF Champions League final 4	Handball		Continental	Metz Handball	en	https://en.wikipedia.org/wiki/2026_in_sports	5	June	6	535	6.6.2026 - 7.6.2026	2026 Women's EHF Champions League final 4	Handball		2026-06-06	2026-06-07	6.6.2026 - 7.6.2026|2026 women's ehf champions league final 4|handball|	True		False	False	True
6–14	2026 AVC Women's Volleyball Cup	Volleyball		Continental	South Korea	en	https://en.wikipedia.org/wiki/2026_in_sports	5	June	6	536	6.6.2026 - 14.6.2026	2026 AVC Women's Volleyball Cup	Volleyball		2026-06-06	2026-06-14	6.6.2026 - 14.6.2026|2026 avc women's volleyball cup|volleyball|	True		False	False	True
6–2 August	2026 All-Ireland Senior Ladies' Football Championship	Gaelic football		Domestic		en	https://en.wikipedia.org/wiki/2026_in_sports	5	June	6	537	6.6.2026 - 2.8.2026	2026 All-Ireland Senior Ladies' Football Championship	Gaelic football		2026-06-06	2026-08-02	6.6.2026 - 2.8.2026|2026 all-ireland senior ladies' football championship|gaelic football|	True		False	False	True
7	2026 Monaco Grand Prix (F1) #8	Formula racing		International	Kimi Antonelli ( Mercedes)	en	https://en.wikipedia.org/wiki/2026_in_sports	5	June	6	538	7.6.2026	2026 Monaco Grand Prix (F1) #8	Formula racing		2026-06-07	2026-06-07	7.6.2026|2026 monaco grand prix (f1) #8|formula racing|	True		False	False	True
7	2026 Hungarian motorcycle Grand Prix (MotoGP #8)	Motorcycle racing		International	MotoGP: Marc Márquez ( Ducati Lenovo Team)Moto2: Manuel González ( Liqui Moly Dynavolt Intact GP)Moto3: Máximo Quiles ( CFMoto Aspar Team)	en	https://en.wikipedia.org/wiki/2026_in_sports	5	June	6	539	7.6.2026	2026 Hungarian motorcycle Grand Prix (MotoGP #8)	Motorcycle racing		2026-06-07	2026-06-07	7.6.2026|2026 hungarian motorcycle grand prix (motogp #8)|motorcycle racing|	True		False	False	True
9–15	2026 FIBA U18 Women's AmeriCup	Basketball		Continental	United States	en	https://en.wikipedia.org/wiki/2026_in_sports	5	June	6	540	9.6.2026 - 15.6.2026	2026 FIBA U18 Women's AmeriCup	Basketball		2026-06-09	2026-06-15	9.6.2026 - 15.6.2026|2026 fiba u18 women's americup|basketball|	True		False	False	True
10–14	2026 Canoe Sprint European Championships	Canoeing		Continental	Hungary	en	https://en.wikipedia.org/wiki/2026_in_sports	5	June	6	541	10.6.2026 - 14.6.2026	2026 Canoe Sprint European Championships	Canoeing		2026-06-10	2026-06-14	10.6.2026 - 14.6.2026|2026 canoe sprint european championships|canoeing|	True		False	False	True
10–2 August	2026 FIVB Men's Volleyball Nations League	Volleyball		International		en	https://en.wikipedia.org/wiki/2026_in_sports	5	June	6	542	10.6.2026 - 2.8.2026	2026 FIVB Men's Volleyball Nations League	Volleyball		2026-06-10	2026-08-02	10.6.2026 - 2.8.2026|2026 fivb men's volleyball nations league|volleyball|	True		False	False	True
11–19 July	2026 FIFA World Cup	Association football		International	Spain	en	https://en.wikipedia.org/wiki/2026_in_sports	5	June	6	543	11.6.2026 - 19.7.2026	2026 FIFA World Cup	Association football		2026-06-11	2026-07-19	11.6.2026 - 19.7.2026|2026 fifa world cup|association football|	True		False	False	True
12–14	2026 ARRC Japan round	Motorcycle racing		International	R1:R2:	en	https://en.wikipedia.org/wiki/2026_in_sports	5	June	6	544	12.6.2026 - 14.6.2026	2026 ARRC Japan round	Motorcycle racing		2026-06-12	2026-06-14	12.6.2026 - 14.6.2026|2026 arrc japan round|motorcycle racing|	True		False	False	True
12–5 July	2026 ICC Women's T20 Cricket World Cup	T20 Cricket		International	Australia	en	https://en.wikipedia.org/wiki/2026_in_sports	5	June	6	545	12.6.2026 - 5.7.2026	2026 ICC Women's T20 Cricket World Cup	T20 Cricket		2026-06-12	2026-07-05	12.6.2026 - 5.7.2026|2026 icc women's t20 cricket world cup|t20 cricket|	True		False	False	True
13	RAF 10: Chimaev vs. Danis	Wrestling		International	Khamzat Chimaev	en	https://en.wikipedia.org/wiki/2026_in_sports	5	June	6	546	13.6.2026	RAF 10: Chimaev vs. Danis	Wrestling		2026-06-13	2026-06-13	13.6.2026|raf 10: chimaev vs. danis|wrestling|	True		False	False	True
13–14	2026 WSBK Emilia-Romagna round	Motorcycle racing		International	R1: Nicolò Bulega ( Aruba.it Racing – Ducati)SR: Nicolò Bulega ( Aruba.it Racing – Ducati)R2: Nicolò Bulega ( Aruba.it Racing – Ducati)	en	https://en.wikipedia.org/wiki/2026_in_sports	5	June	6	547	13.6.2026 - 14.6.2026	2026 WSBK Emilia-Romagna round	Motorcycle racing		2026-06-13	2026-06-14	13.6.2026 - 14.6.2026|2026 wsbk emilia-romagna round|motorcycle racing|	True		False	False	True
13–14	2025–26 EHF Champions League Final Four	Handball		Continental	Barça	en	https://en.wikipedia.org/wiki/2026_in_sports	5	June	6	548	13.6.2026 - 14.6.2026	2025–26 EHF Champions League Final Four	Handball		2026-06-13	2026-06-14	13.6.2026 - 14.6.2026|2025–26 ehf champions league final four|handball|	True		False	False	True
13–14	2026 24 Hours of Le Mans (WEC #4)	Endurance racing		International	Hypercar: Mike Conway & Kamui Kobayashi & Nyck de Vries ( Toyota Racing)LMGT3: Nicky Catsburg & Jonny Edgar & Ben Keating ( TF Sport)	en	https://en.wikipedia.org/wiki/2026_in_sports	5	June	6	549	13.6.2026 - 14.6.2026	2026 24 Hours of Le Mans (WEC #4)	Endurance racing		2026-06-13	2026-06-14	13.6.2026 - 14.6.2026|2026 24 hours of le mans (wec #4)|endurance racing|	True		False	False	True
14	2026 Barcelona-Catalunya Grand Prix (F1) #9	Formula racing		International	Lewis Hamilton ( Scuderia Ferrari)	en	https://en.wikipedia.org/wiki/2026_in_sports	5	June	6	550	14.6.2026	2026 Barcelona-Catalunya Grand Prix (F1) #9	Formula racing		2026-06-14	2026-06-14	14.6.2026|2026 barcelona-catalunya grand prix (f1) #9|formula racing|	True		False	False	True
14	UFC Freedom 250	Mixed martial arts		International	Justin Gaethje	en	https://en.wikipedia.org/wiki/2026_in_sports	5	June	6	551	14.6.2026	UFC Freedom 250	Mixed martial arts		2026-06-14	2026-06-14	14.6.2026|ufc freedom 250|mixed martial arts|	True		False	False	True
15–20	2026 Pan American Fencing Championships	Fencing		Continental	United States	en	https://en.wikipedia.org/wiki/2026_in_sports	5	June	6	552	15.6.2026 - 20.6.2026	2026 Pan American Fencing Championships	Fencing		2026-06-15	2026-06-20	15.6.2026 - 20.6.2026|2026 pan american fencing championships|fencing|	True		False	False	True
15–26	2026 ISSF Junior World Championship	Sport shooting		International	India	en	https://en.wikipedia.org/wiki/2026_in_sports	5	June	6	553	15.6.2026 - 26.6.2026	2026 ISSF Junior World Championship	Sport shooting		2026-06-15	2026-06-26	15.6.2026 - 26.6.2026|2026 issf junior world championship|sport shooting|	True		False	False	True
16–21	2026 European Fencing Championships	Fencing		Continental	Italy	en	https://en.wikipedia.org/wiki/2026_in_sports	5	June	6	554	16.6.2026 - 21.6.2026	2026 European Fencing Championships	Fencing		2026-06-16	2026-06-21	16.6.2026 - 21.6.2026|2026 european fencing championships|fencing|	True		False	False	True
18–21	2026 U.S. Open	Golf		International	Wyndham Clark	en	https://en.wikipedia.org/wiki/2026_in_sports	5	June	6	555	18.6.2026 - 21.6.2026	2026 U.S. Open	Golf		2026-06-18	2026-06-21	18.6.2026 - 21.6.2026|2026 u.s. open|golf|	True		False	False	True
20	2026 United Rugby Championship finals	Rugby union		International	Leinster	en	https://en.wikipedia.org/wiki/2026_in_sports	5	June	6	556	20.6.2026	2026 United Rugby Championship finals	Rugby union		2026-06-20	2026-06-20	20.6.2026|2026 united rugby championship finals|rugby union|	True		False	False	True
20–28	2026 AVC Men's Volleyball Cup	Volleyball		Continental	Indonesia	en	https://en.wikipedia.org/wiki/2026_in_sports	5	June	6	557	20.6.2026 - 28.6.2026	2026 AVC Men's Volleyball Cup	Volleyball		2026-06-20	2026-06-28	20.6.2026 - 28.6.2026|2026 avc men's volleyball cup|volleyball|	True		False	False	True
21	2026 Czech Republic motorcycle Grand Prix (MotoGP #9)	Motorcycle racing		International	MotoGP: Marc Márquez ( Ducati Lenovo Team)Moto2: Iván Ortolá ( QJMotor – Exocom – MSi)Moto3: Hakim Danish ( Aeon Credit – MT Helmets – MSi)	en	https://en.wikipedia.org/wiki/2026_in_sports	5	June	6	558	21.6.2026	2026 Czech Republic motorcycle Grand Prix (MotoGP #9)	Motorcycle racing		2026-06-21	2026-06-21	21.6.2026|2026 czech republic motorcycle grand prix (motogp #9)|motorcycle racing|	True		False	False	True
23–28	2026 Men's Beach Handball World Championships 2026 Women's Beach Handball World Championships	Beach handball		International	Men: GermanyWomen: Argentina	en	https://en.wikipedia.org/wiki/2026_in_sports	5	June	6	559	23.6.2026 - 28.6.2026	2026 Men's Beach Handball World Championships 2026 Women's Beach Handball World Championships	Beach handball		2026-06-23	2026-06-28	23.6.2026 - 28.6.2026|2026 men's beach handball world championships 2026 women's beach handball world championships|beach handball|	True		False	False	True
23–24	2026 NBA draft	Basketball		Domestic	AJ Dybantsa ( BYU)	en	https://en.wikipedia.org/wiki/2026_in_sports	5	June	6	560	23.6.2026 - 24.6.2026	2026 NBA draft	Basketball		2026-06-23	2026-06-24	23.6.2026 - 24.6.2026|2026 nba draft|basketball|	True		False	False	True
24–27	2026 Men's Slowpitch European Championship	Softball		Continental	Netherlands	en	https://en.wikipedia.org/wiki/2026_in_sports	5	June	6	561	24.6.2026 - 27.6.2026	2026 Men's Slowpitch European Championship	Softball		2026-06-24	2026-06-27	24.6.2026 - 27.6.2026|2026 men's slowpitch european championship|softball|	True		False	False	True
24–28	2026 European BMX Championships	BMX		Continental		en	https://en.wikipedia.org/wiki/2026_in_sports	5	June	6	562	24.6.2026 - 28.6.2026	2026 European BMX Championships	BMX		2026-06-24	2026-06-28	24.6.2026 - 28.6.2026|2026 european bmx championships|bmx|	True		False	False	True
24–28	2026 Finswimming World Championships	Finswimming		International	CMAS	en	https://en.wikipedia.org/wiki/2026_in_sports	5	June	6	563	24.6.2026 - 28.6.2026	2026 Finswimming World Championships	Finswimming		2026-06-24	2026-06-28	24.6.2026 - 28.6.2026|2026 finswimming world championships|finswimming|	True		False	False	True
24–5 July	2026 IHF Women's U20 Handball World Championship	Handball		International	Germany	en	https://en.wikipedia.org/wiki/2026_in_sports	5	June	6	564	24.6.2026 - 5.7.2026	2026 IHF Women's U20 Handball World Championship	Handball		2026-06-24	2026-07-05	24.6.2026 - 5.7.2026|2026 ihf women's u20 handball world championship|handball|	True		False	False	True
25–28	2026 Women's PGA Championship	Golf		International	Ryu Hae-ran	en	https://en.wikipedia.org/wiki/2026_in_sports	5	June	6	565	25.6.2026 - 28.6.2026	2026 Women's PGA Championship	Golf		2026-06-25	2026-06-28	25.6.2026 - 28.6.2026|2026 women's pga championship|golf|	True		False	False	True
25–4 July	2026 European Box Lacrosse Championships	Box lacrosse		Continental	Men: IrelandWomen: Israel	en	https://en.wikipedia.org/wiki/2026_in_sports	5	June	6	566	25.6.2026 - 4.7.2026	2026 European Box Lacrosse Championships	Box lacrosse		2026-06-25	2026-07-04	25.6.2026 - 4.7.2026|2026 european box lacrosse championships|box lacrosse|	True		False	False	True
26–27	2026 NHL entry draft	Ice Hockey		Domestic	Gavin McKenna	en	https://en.wikipedia.org/wiki/2026_in_sports	5	June	6	567	26.6.2026 - 27.6.2026	2026 NHL entry draft	Ice Hockey		2026-06-26	2026-06-27	26.6.2026 - 27.6.2026|2026 nhl entry draft|ice hockey|	True		False	False	True
26–28	2026 Modern Pentathlon World Cup Final	Modern pentathlon		International	Men: Marvin DogueWomen: Anna Jurt	en	https://en.wikipedia.org/wiki/2026_in_sports	5	June	6	568	26.6.2026 - 28.6.2026	2026 Modern Pentathlon World Cup Final	Modern pentathlon		2026-06-26	2026-06-28	26.6.2026 - 28.6.2026|2026 modern pentathlon world cup final|modern pentathlon|	True		False	False	True
27–5 July	2026 FIBA Under-17 Basketball World Cup	Basketball		International	United States	en	https://en.wikipedia.org/wiki/2026_in_sports	5	June	6	569	27.6.2026 - 5.7.2026	2026 FIBA Under-17 Basketball World Cup	Basketball		2026-06-27	2026-07-05	27.6.2026 - 5.7.2026|2026 fiba under-17 basketball world cup|basketball|	True		False	False	True
27–7 July	2026 IBF World Youth Championships	Bowling		International	United States	en	https://en.wikipedia.org/wiki/2026_in_sports	5	June	6	570	27.6.2026 - 7.7.2026	2026 IBF World Youth Championships	Bowling		2026-06-27	2026-07-07	27.6.2026 - 7.7.2026|2026 ibf world youth championships|bowling|	True		False	False	True
27–10 July	2026 UEFA Women's Under-19 Championship	Association football		Continental	Spain	en	https://en.wikipedia.org/wiki/2026_in_sports	5	June	6	571	27.6.2026 - 10.7.2026	2026 UEFA Women's Under-19 Championship	Association football		2026-06-27	2026-07-10	27.6.2026 - 10.7.2026|2026 uefa women's under-19 championship|association football|	True		False	False	True
28	2026 Austrian Grand Prix (F1) #10	Formula racing		International	George Russell ( Mercedes)	en	https://en.wikipedia.org/wiki/2026_in_sports	5	June	6	572	28.6.2026	2026 Austrian Grand Prix (F1) #10	Formula racing		2026-06-28	2026-06-28	28.6.2026|2026 austrian grand prix (f1) #10|formula racing|	True		False	False	True
28	2026 Dutch TT (MotoGP #10)	Motorcycle racing		International	MotoGP: Ai Ogura ( SuperFile Trackhouse MotoGP Team)Moto2: David Alonso ( CFMoto Azul Marino Aspar Team)Moto3: Máximo Quiles ( CFMoto Gaviota Aspar Team)	en	https://en.wikipedia.org/wiki/2026_in_sports	5	June	6	573	28.6.2026	2026 Dutch TT (MotoGP #10)	Motorcycle racing		2026-06-28	2026-06-28	28.6.2026|2026 dutch tt (motogp #10)|motorcycle racing|	True		False	False	True
28	2026 Ironman European Championships	Triathlon		International		en	https://en.wikipedia.org/wiki/2026_in_sports	5	June	6	574	28.6.2026	2026 Ironman European Championships	Triathlon		2026-06-28	2026-06-28	28.6.2026|2026 ironman european championships|triathlon|	True		False	False	True
28–11 July	2026 UEFA European Under-19 Championship	Association football		Continental	Spain	en	https://en.wikipedia.org/wiki/2026_in_sports	5	June	6	575	28.6.2026 - 11.7.2026	2026 UEFA European Under-19 Championship	Association football		2026-06-28	2026-07-11	28.6.2026 - 11.7.2026|2026 uefa european under-19 championship|association football|	True		False	False	True
29–4 July	2026 Men's U22 European Volleyball Championship	Vollyball		Continental	Czech Republic	en	https://en.wikipedia.org/wiki/2026_in_sports	5	June	6	576	29.6.2026 - 4.7.2026	2026 Men's U22 European Volleyball Championship	Vollyball		2026-06-29	2026-07-04	29.6.2026 - 4.7.2026|2026 men's u22 european volleyball championship|vollyball|	True		False	False	True
29–12 July	2026 Wimbledon Championships	Tennis		International	Men: Jannik SinnerWomen: Linda Nosková	en	https://en.wikipedia.org/wiki/2026_in_sports	5	June	6	577	29.6.2026 - 12.7.2026	2026 Wimbledon Championships	Tennis		2026-06-29	2026-07-12	29.6.2026 - 12.7.2026|2026 wimbledon championships|tennis|	True		False	False	True
30–4 July	2026 European Junior Artistic Swimming Championships	Artistic swimming		Continental		en	https://en.wikipedia.org/wiki/2026_in_sports	5	June	6	578	30.6.2026 - 4.7.2026	2026 European Junior Artistic Swimming Championships	Artistic swimming		2026-06-30	2026-07-04	30.6.2026 - 4.7.2026|2026 european junior artistic swimming championships|artistic swimming|	True		False	False	True
30–4 July	2026 U-16 Men's Softball European Championship 2026 U-18 Men's Softball European Championship	Softball		Continental	U-16: Czech RepublicU-18: Czech Republic	en	https://en.wikipedia.org/wiki/2026_in_sports	5	June	6	579	30.6.2026 - 4.7.2026	2026 U-16 Men's Softball European Championship 2026 U-18 Men's Softball European Championship	Softball		2026-06-30	2026-07-04	30.6.2026 - 4.7.2026|2026 u-16 men's softball european championship 2026 u-18 men's softball european championship|softball|	True		False	False	True
1–5	2026 ICF Junior and U23 Canoe Sprint World Championships	Canoeing		International	Hungary	en	https://en.wikipedia.org/wiki/2026_in_sports	6	July	7	580	1.7.2026 - 5.7.2026	2026 ICF Junior and U23 Canoe Sprint World Championships	Canoeing		2026-07-01	2026-07-05	1.7.2026 - 5.7.2026|2026 icf junior and u23 canoe sprint world championships|canoeing|	True		False	False	True
1–7	2026 AVC Girls' U18 Volleyball Championship	Volleyball		Continental	China	en	https://en.wikipedia.org/wiki/2026_in_sports	6	July	7	581	1.7.2026 - 7.7.2026	2026 AVC Girls' U18 Volleyball Championship	Volleyball		2026-07-01	2026-07-07	1.7.2026 - 7.7.2026|2026 avc girls' u18 volleyball championship|volleyball|	True		False	False	True
1–12	2026 Women's U18 European Volleyball Championship	Volleyball		Continental	Italy	en	https://en.wikipedia.org/wiki/2026_in_sports	6	July	7	582	1.7.2026 - 12.7.2026	2026 Women's U18 European Volleyball Championship	Volleyball		2026-07-01	2026-07-12	1.7.2026 - 12.7.2026|2026 women's u18 european volleyball championship|volleyball|	True		False	False	True
4–12	2026 FIBA U20 Women's EuroBasket	Basketball		Continental	France	en	https://en.wikipedia.org/wiki/2026_in_sports	6	July	7	583	4.7.2026 - 12.7.2026	2026 FIBA U20 Women's EuroBasket	Basketball		2026-07-04	2026-07-12	4.7.2026 - 12.7.2026|2026 fiba u20 women's eurobasket|basketball|	True		False	False	True
4–18	2026 Men's U18 European Volleyball Championship	Volleyball		Continental	Poland	en	https://en.wikipedia.org/wiki/2026_in_sports	6	July	7	584	4.7.2026 - 18.7.2026	2026 Men's U18 European Volleyball Championship	Volleyball		2026-07-04	2026-07-18	4.7.2026 - 18.7.2026|2026 men's u18 european volleyball championship|volleyball|	True		False	False	True
4–26	2026 Tour de France	Road bicycle racing		International	Tadej Pogačar ( UAE Team Emirates XRG)	en	https://en.wikipedia.org/wiki/2026_in_sports	6	July	7	585	4.7.2026 - 26.7.2026	2026 Tour de France	Road bicycle racing		2026-07-04	2026-07-26	4.7.2026 - 26.7.2026|2026 tour de france|road bicycle racing|	True		False	False	True
5	2026 British Grand Prix (F1) #11	Formula racing		International	Charles Leclerc ( Scuderia Ferrari)	en	https://en.wikipedia.org/wiki/2026_in_sports	6	July	7	586	5.7.2026	2026 British Grand Prix (F1) #11	Formula racing		2026-07-05	2026-07-05	5.7.2026|2026 british grand prix (f1) #11|formula racing|	True		False	False	True
5–11	2026 World Youth Weightlifting Championships	Weightlifting		International	Georgia	en	https://en.wikipedia.org/wiki/2026_in_sports	6	July	7	587	5.7.2026 - 11.7.2026	2026 World Youth Weightlifting Championships	Weightlifting		2026-07-05	2026-07-11	5.7.2026 - 11.7.2026|2026 world youth weightlifting championships|weightlifting|	True		False	False	True
6–12	2026 Women's U22 European Volleyball Championship	Volleyball		Continental	Italy	en	https://en.wikipedia.org/wiki/2026_in_sports	6	July	7	588	6.7.2026 - 12.7.2026	2026 Women's U22 European Volleyball Championship	Volleyball		2026-07-06	2026-07-12	6.7.2026 - 12.7.2026|2026 women's u22 european volleyball championship|volleyball|	True		False	False	True
6–12	2026 U20 European Wrestling Championship	Wrestling		Continental		en	https://en.wikipedia.org/wiki/2026_in_sports	6	July	7	589	6.7.2026 - 12.7.2026	2026 U20 European Wrestling Championship	Wrestling		2026-07-06	2026-07-12	6.7.2026 - 12.7.2026|2026 u20 european wrestling championship|wrestling|	True		False	False	True
7–11	2026 U-12 Baseball European Championship	Baseball		Continental	Germany	en	https://en.wikipedia.org/wiki/2026_in_sports	6	July	7	590	7.7.2026 - 11.7.2026	2026 U-12 Baseball European Championship	Baseball		2026-07-07	2026-07-11	7.7.2026 - 11.7.2026|2026 u-12 baseball european championship|baseball|	True		False	False	True
7–11	2026 World Orienteering Championships	Orienteering		International		en	https://en.wikipedia.org/wiki/2026_in_sports	6	July	7	591	7.7.2026 - 11.7.2026	2026 World Orienteering Championships	Orienteering		2026-07-07	2026-07-11	7.7.2026 - 11.7.2026|2026 world orienteering championships|orienteering|	True		False	False	True
7–12	2026 European Junior Swimming Championships	Swimming		Continental		en	https://en.wikipedia.org/wiki/2026_in_sports	6	July	7	592	7.7.2026 - 12.7.2026	2026 European Junior Swimming Championships	Swimming		2026-07-07	2026-07-12	7.7.2026 - 12.7.2026|2026 european junior swimming championships|swimming|	True		False	False	True
7–12	2026 UEC European Track Championships (under-23 & junior)	Track cycling		Continental	Italy	en	https://en.wikipedia.org/wiki/2026_in_sports	6	July	7	593	7.7.2026 - 12.7.2026	2026 UEC European Track Championships (under-23 & junior)	Track cycling		2026-07-07	2026-07-12	7.7.2026 - 12.7.2026|2026 uec european track championships (under-23 & junior)|track cycling|	True		False	False	True
8–19	2026 European Men's U-20 Handball Championship	Handball		Continental	Hungary	en	https://en.wikipedia.org/wiki/2026_in_sports	6	July	7	594	8.7.2026 - 19.7.2026	2026 European Men's U-20 Handball Championship	Handball		2026-07-08	2026-07-19	8.7.2026 - 19.7.2026|2026 european men's u-20 handball championship|handball|	True		False	False	True
9–12	2026 Evian Championship	Golf		International	Ryu Hae-ran	en	https://en.wikipedia.org/wiki/2026_in_sports	6	July	7	595	9.7.2026 - 12.7.2026	2026 Evian Championship	Golf		2026-07-09	2026-07-12	9.7.2026 - 12.7.2026|2026 evian championship|golf|	True		False	False	True
11	UFC 329: McGregor vs. Holloway 2	Mixed martial arts		International	Max Holloway	en	https://en.wikipedia.org/wiki/2026_in_sports	6	July	7	596	11.7.2026	UFC 329: McGregor vs. Holloway 2	Mixed martial arts		2026-07-11	2026-07-11	11.7.2026|ufc 329: mcgregor vs. holloway 2|mixed martial arts|	True		False	False	True
11	RAF Georgia: Dvalishvili vs. Cejudo	Wrestling		International	Merab Dvalishvili	en	https://en.wikipedia.org/wiki/2026_in_sports	6	July	7	597	11.7.2026	RAF Georgia: Dvalishvili vs. Cejudo	Wrestling		2026-07-11	2026-07-11	11.7.2026|raf georgia: dvalishvili vs. cejudo|wrestling|	True		False	False	True
11–12	2026 GT World Challenge Asia (Fuji Speedway round #4)	Endurance racing		International	R1: Chen Weian & Liu Kaishun ( Harmony Racing)R2: Laurin Heinrich & Lu Wei ( Origine Motorsport)	en	https://en.wikipedia.org/wiki/2026_in_sports	6	July	7	598	11.7.2026 - 12.7.2026	2026 GT World Challenge Asia (Fuji Speedway round #4)	Endurance racing		2026-07-11	2026-07-12	11.7.2026 - 12.7.2026|2026 gt world challenge asia (fuji speedway round #4)|endurance racing|	True		False	False	True
11–12	2026 WSBK Donington Park round	Motorcycle racing		International	R1: Iker Lecuona ( Aruba.it Racing – Ducati)SR: Nicolò Bulega ( Aruba.it Racing – Ducati)R2: Nicolò Bulega ( Aruba.it Racing – Ducati)	en	https://en.wikipedia.org/wiki/2026_in_sports	6	July	7	599	11.7.2026 - 12.7.2026	2026 WSBK Donington Park round	Motorcycle racing		2026-07-11	2026-07-12	11.7.2026 - 12.7.2026|2026 wsbk donington park round|motorcycle racing|	True		False	False	True
11–19	2026 FIBA Under-17 Women's Basketball World Cup	Basketball		International	United States	en	https://en.wikipedia.org/wiki/2026_in_sports	6	July	7	600	11.7.2026 - 19.7.2026	2026 FIBA Under-17 Women's Basketball World Cup	Basketball		2026-07-11	2026-07-19	11.7.2026 - 19.7.2026|2026 fiba under-17 women's basketball world cup|basketball|	True		False	False	True
11–19	2026 FIBA U20 EuroBasket	Basketball		Continental	Slovenia	en	https://en.wikipedia.org/wiki/2026_in_sports	6	July	7	601	11.7.2026 - 19.7.2026	2026 FIBA U20 EuroBasket	Basketball		2026-07-11	2026-07-19	11.7.2026 - 19.7.2026|2026 fiba u20 eurobasket|basketball|	True		False	False	True
12	2026 German motorcycle Grand Prix (MotoGP #11)	Motorcycle racing		International	MotoGP: Marc Márquez ( Ducati Lenovo Team)Moto2: Iván Ortolá ( QJMotor – MSi)Moto3: Brian Uriarte ( Red Bull KTM Ajo)	en	https://en.wikipedia.org/wiki/2026_in_sports	6	July	7	602	12.7.2026	2026 German motorcycle Grand Prix (MotoGP #11)	Motorcycle racing		2026-07-12	2026-07-12	12.7.2026|2026 german motorcycle grand prix (motogp #11)|motorcycle racing|	True		False	False	True
12	2026 6 Hours of São Paulo (WEC #5)	Endurance racing		International	Hypercar: Kevin Magnussen, Raffaele Marciello & Dries Vanthoor ( BMW M Team WRT)LMGT3: Peter Dempsey, Charlie Eastwood & Salih Yoluç ( Racing Team Turkey)	en	https://en.wikipedia.org/wiki/2026_in_sports	6	July	7	603	12.7.2026	2026 6 Hours of São Paulo (WEC #5)	Endurance racing		2026-07-12	2026-07-12	12.7.2026|2026 6 hours of são paulo (wec #5)|endurance racing|	True		False	False	True
12–18	2026 AVC Boys' U18 Volleyball Championship	Volleyball		Continental	Iran	en	https://en.wikipedia.org/wiki/2026_in_sports	6	July	7	604	12.7.2026 - 18.7.2026	2026 AVC Boys' U18 Volleyball Championship	Volleyball		2026-07-12	2026-07-18	12.7.2026 - 18.7.2026|2026 avc boys' u18 volleyball championship|volleyball|	True		False	False	True
13–19	2026 U-18 Baseball European Championship	Baseball		Continental	Italy	en	https://en.wikipedia.org/wiki/2026_in_sports	6	July	7	605	13.7.2026 - 19.7.2026	2026 U-18 Baseball European Championship	Baseball		2026-07-13	2026-07-19	13.7.2026 - 19.7.2026|2026 u-18 baseball european championship|baseball|	True		False	False	True
14	2026 Major League Baseball All-Star Game	Baseball		Domestic	American League	en	https://en.wikipedia.org/wiki/2026_in_sports	6	July	7	606	14.7.2026	2026 Major League Baseball All-Star Game	Baseball		2026-07-14	2026-07-14	14.7.2026|2026 major league baseball all-star game|baseball|	True		False	False	True
14–18	2026 Coed Slowpitch European Championship	Softball		Continental	Great Britain	en	https://en.wikipedia.org/wiki/2026_in_sports	6	July	7	607	14.7.2026 - 18.7.2026	2026 Coed Slowpitch European Championship	Softball		2026-07-14	2026-07-18	14.7.2026 - 18.7.2026|2026 coed slowpitch european championship|softball|	True		False	False	True
16–19	2026 Open Championship	Golf		International	Ryan Fox	en	https://en.wikipedia.org/wiki/2026_in_sports	6	July	7	608	16.7.2026 - 19.7.2026	2026 Open Championship	Golf		2026-07-16	2026-07-19	16.7.2026 - 19.7.2026|2026 open championship|golf|	True		False	False	True
17–8 August	2026 Lanka Premier League season	T20 Cricket		Domestic		en	https://en.wikipedia.org/wiki/2026_in_sports	6	July	7	609	17.7.2026 - 8.8.2026	2026 Lanka Premier League season	T20 Cricket		2026-07-17	2026-08-08	17.7.2026 - 8.8.2026|2026 lanka premier league season|t20 cricket|	True		False	False	True
18	RAF 11: Tsarukyan vs. Covington	Wrestling		International	Colby Covington	en	https://en.wikipedia.org/wiki/2026_in_sports	6	July	7	610	18.7.2026	RAF 11: Tsarukyan vs. Covington	Wrestling		2026-07-18	2026-07-18	18.7.2026|raf 11: tsarukyan vs. covington|wrestling|	True		False	False	True
19	2026 Belgian Grand Prix (F1) #12	Formula racing		International	Kimi Antonelli ( Mercedes)	en	https://en.wikipedia.org/wiki/2026_in_sports	6	July	7	611	19.7.2026	2026 Belgian Grand Prix (F1) #12	Formula racing		2026-07-19	2026-07-19	19.7.2026|2026 belgian grand prix (f1) #12|formula racing|	True		False	False	True
19–26	2026 European Inline Speed Skating Championships	Inline speed skating		Continental		en	https://en.wikipedia.org/wiki/2026_in_sports	6	July	7	612	19.7.2026 - 26.7.2026	2026 European Inline Speed Skating Championships	Inline speed skating		2026-07-19	2026-07-26	19.7.2026 - 26.7.2026|2026 european inline speed skating championships|inline speed skating|	True		False	False	True
20–25	2026 ICF Canoe Slalom World Championships	Canoe slalom		International	Czech Republic	en	https://en.wikipedia.org/wiki/2026_in_sports	6	July	7	613	20.7.2026 - 25.7.2026	2026 ICF Canoe Slalom World Championships	Canoe slalom		2026-07-20	2026-07-25	20.7.2026 - 25.7.2026|2026 icf canoe slalom world championships|canoe slalom|	True		False	False	True
20–25	2026 U-22 Women's Softball European Championship	Softball		Continental	Italy	en	https://en.wikipedia.org/wiki/2026_in_sports	6	July	7	614	20.7.2026 - 25.7.2026	2026 U-22 Women's Softball European Championship	Softball		2026-07-20	2026-07-25	20.7.2026 - 25.7.2026|2026 u-22 women's softball european championship|softball|	True		False	False	True
20–26	2026 European Youth Archery Championships	Archery		Continental		en	https://en.wikipedia.org/wiki/2026_in_sports	6	July	7	615	20.7.2026 - 26.7.2026	2026 European Youth Archery Championships	Archery		2026-07-20	2026-07-26	20.7.2026 - 26.7.2026|2026 european youth archery championships|archery|	True		False	False	True
21–26	2026 China Open	Badminton		International	Men: Chou Tien-chenWomen: Akane Yamaguchi	en	https://en.wikipedia.org/wiki/2026_in_sports	6	July	7	616	21.7.2026 - 26.7.2026	2026 China Open	Badminton		2026-07-21	2026-07-26	21.7.2026 - 26.7.2026|2026 china open|badminton|	True		False	False	True
21–16 August	2026 The Hundred season	Cricket		Domestic		en	https://en.wikipedia.org/wiki/2026_in_sports	6	July	7	617	21.7.2026 - 16.8.2026	2026 The Hundred season	Cricket		2026-07-21	2026-08-16	21.7.2026 - 16.8.2026|2026 the hundred season|cricket|	True		False	False	True
22–26	2026 World Rowing U23 Championships	Rowing		International		en	https://en.wikipedia.org/wiki/2026_in_sports	6	July	7	618	22.7.2026 - 26.7.2026	2026 World Rowing U23 Championships	Rowing		2026-07-22	2026-07-26	22.7.2026 - 26.7.2026|2026 world rowing u23 championships|rowing|	True		False	False	True
22–30	2026 World Fencing Championships	Fencing		International		en	https://en.wikipedia.org/wiki/2026_in_sports	6	July	7	619	22.7.2026 - 30.7.2026	2026 World Fencing Championships	Fencing		2026-07-22	2026-07-30	22.7.2026 - 30.7.2026|2026 world fencing championships|fencing|	True		False	False	True
23–29	2026 World Junior Modern Pentathlon Championships	Modern pentathlon		International		en	https://en.wikipedia.org/wiki/2026_in_sports	6	July	7	620	23.7.2026 - 29.7.2026	2026 World Junior Modern Pentathlon Championships	Modern pentathlon		2026-07-23	2026-07-29	23.7.2026 - 29.7.2026|2026 world junior modern pentathlon championships|modern pentathlon|	True		False	False	True
23–2 August	2026 Commonwealth Games	Commonwealth Games		International		en	https://en.wikipedia.org/wiki/2026_in_sports	6	July	7	621	23.7.2026 - 2.8.2026	2026 Commonwealth Games	Commonwealth Games		2026-07-23	2026-08-02	23.7.2026 - 2.8.2026|2026 commonwealth games|commonwealth games|	True		False	False	True
24–2 August	2026 World Lacrosse Women's Championship	Lacrosse		International		en	https://en.wikipedia.org/wiki/2026_in_sports	6	July	7	622	24.7.2026 - 2.8.2026	2026 World Lacrosse Women's Championship	Lacrosse		2026-07-24	2026-08-02	24.7.2026 - 2.8.2026|2026 world lacrosse women's championship|lacrosse|	True		False	False	True
26	2026 Hungarian Grand Prix (F1) #13	Formula racing		International	Lando Norris ( McLaren)	en	https://en.wikipedia.org/wiki/2026_in_sports	6	July	7	623	26.7.2026	2026 Hungarian Grand Prix (F1) #13	Formula racing		2026-07-26	2026-07-26	26.7.2026|2026 hungarian grand prix (f1) #13|formula racing|	True		False	False	True
26–16 August	2026 Women's Africa Cup of Nations	Association football		Continental		en	https://en.wikipedia.org/wiki/2026_in_sports	6	July	7	624	26.7.2026 - 16.8.2026	2026 Women's Africa Cup of Nations	Association football		2026-07-26	2026-08-16	26.7.2026 - 16.8.2026|2026 women's africa cup of nations|association football|	True		False	False	True
26–13 December	2026 AFA Liga Profesional de Fútbol Tornea Clausura season	Association football		Domestic		en	https://en.wikipedia.org/wiki/2026_in_sports	6	July	7	625	26.7.2026 - 13.12.2026	2026 AFA Liga Profesional de Fútbol Tornea Clausura season	Association football		2026-07-26	2026-12-13	26.7.2026 - 13.12.2026|2026 afa liga profesional de fútbol tornea clausura season|association football|	True		False	False	True
27–1 August	2026 U-15 Women's Softball European Championship	Softball		Continental		en	https://en.wikipedia.org/wiki/2026_in_sports	6	July	7	626	27.7.2026 - 1.8.2026	2026 U-15 Women's Softball European Championship	Softball		2026-07-27	2026-08-01	27.7.2026 - 1.8.2026|2026 u-15 women's softball european championship|softball|	True		False	False	True
29–9 August	2026 IHF Women's U18 Handball World Championship	Handball		International		en	https://en.wikipedia.org/wiki/2026_in_sports	6	July	7	627	29.7.2026 - 9.8.2026	2026 IHF Women's U18 Handball World Championship	Handball		2026-07-29	2026-08-09	29.7.2026 - 9.8.2026|2026 ihf women's u18 handball world championship|handball|	True		False	False	True
30–2 August	2026 UEC Mountain Bike European Cross Country Championships	Mountain biking		Continental		en	https://en.wikipedia.org/wiki/2026_in_sports	6	July	7	628	30.7.2026 - 2.8.2026	2026 UEC Mountain Bike European Cross Country Championships	Mountain biking		2026-07-30	2026-08-02	30.7.2026 - 2.8.2026|2026 uec mountain bike european cross country championships|mountain biking|	True		False	False	True
30–2 August	2026 European Rowing Championships	Rowing		Continental		en	https://en.wikipedia.org/wiki/2026_in_sports	6	July	7	629	30.7.2026 - 2.8.2026	2026 European Rowing Championships	Rowing		2026-07-30	2026-08-02	30.7.2026 - 2.8.2026|2026 european rowing championships|rowing|	True		False	False	True
31–16 August	2026 European Aquatics Championships	Aquatics		Continental		en	https://en.wikipedia.org/wiki/2026_in_sports	6	July	7	630	31.7.2026 - 16.8.2026	2026 European Aquatics Championships	Aquatics		2026-07-31	2026-08-16	31.7.2026 - 16.8.2026|2026 european aquatics championships|aquatics|	True		False	False	True
1–9	2026 Tour de France Femmes	Road bicycle racing		International		en	https://en.wikipedia.org/wiki/2026_in_sports	7	August	8	631	1.8.2026 - 9.8.2026	2026 Tour de France Femmes	Road bicycle racing		2026-08-01	2026-08-09	1.8.2026 - 9.8.2026|2026 tour de france femmes|road bicycle racing|	True		False	False	True
2–12	2026 Canadian Open	Tennis		International		en	https://en.wikipedia.org/wiki/2026_in_sports	7	August	8	632	2.8.2026 - 12.8.2026	2026 Canadian Open	Tennis		2026-08-02	2026-08-12	2.8.2026 - 12.8.2026|2026 canadian open|tennis|	True		False	False	True
3–9	2026 European Modern Pentathlon Championships	Modern pentathlon		Continental		en	https://en.wikipedia.org/wiki/2026_in_sports	7	August	8	633	3.8.2026 - 9.8.2026	2026 European Modern Pentathlon Championships	Modern pentathlon		2026-08-03	2026-08-09	3.8.2026 - 9.8.2026|2026 european modern pentathlon championships|modern pentathlon|	True		False	False	True
5–9	2026 World Rowing Junior Championships	Rowing		International		en	https://en.wikipedia.org/wiki/2026_in_sports	7	August	8	634	5.8.2026 - 9.8.2026	2026 World Rowing Junior Championships	Rowing		2026-08-05	2026-08-09	5.8.2026 - 9.8.2026|2026 world rowing junior championships|rowing|	True		False	False	True
6–16	2026 FIVB Volleyball Girls' U17 World Championship	Volleyball		International		en	https://en.wikipedia.org/wiki/2026_in_sports	7	August	8	635	6.8.2026 - 16.8.2026	2026 FIVB Volleyball Girls' U17 World Championship	Volleyball		2026-08-06	2026-08-16	6.8.2026 - 16.8.2026|2026 fivb volleyball girls' u17 world championship|volleyball|	True		False	False	True
7–23 May 2027	2026–27 Eredivisie season	Association football		Domestic		en	https://en.wikipedia.org/wiki/2026_in_sports	7	August	8	636		2026–27 Eredivisie season	Association football					False	unparseable_date	False	False	False
9	2026 British motorcycle Grand Prix (MotoGP #12)	Motorcycle racing		International	MotoGP:Moto2:Moto3:	en	https://en.wikipedia.org/wiki/2026_in_sports	7	August	8	637	9.8.2026	2026 British motorcycle Grand Prix (MotoGP #12)	Motorcycle racing		2026-08-09	2026-08-09	9.8.2026|2026 british motorcycle grand prix (motogp #12)|motorcycle racing|	True		False	False	True
9 – 28/29 November	2026 AFL Women's season	Australian rules football		Domestic		en	https://en.wikipedia.org/wiki/2026_in_sports	7	August	8	638		2026 AFL Women's season	Australian rules football					False	unparseable_date	False	False	False
9–22 May 2027	2026/27 Bundesliga season	Association football		Domestic		en	https://en.wikipedia.org/wiki/2026_in_sports	7	August	8	639		2026/27 Bundesliga season	Association football					False	unparseable_date	False	False	False
10–16	2026 European Athletics Championships	Athletics		Continental		en	https://en.wikipedia.org/wiki/2026_in_sports	7	August	8	640	10.8.2026 - 16.8.2026	2026 European Athletics Championships	Athletics		2026-08-10	2026-08-16	10.8.2026 - 16.8.2026|2026 european athletics championships|athletics|	True		False	False	True
11–23	2026 FEI World Championships	Equestrian		International		en	https://en.wikipedia.org/wiki/2026_in_sports	7	August	8	641	11.8.2026 - 23.8.2026	2026 FEI World Championships	Equestrian		2026-08-11	2026-08-23	11.8.2026 - 23.8.2026|2026 fei world championships|equestrian|	True		False	False	True
12–16	2026 Rhythmic Gymnastics World Championships	Rhythmic gymnastics		International		en	https://en.wikipedia.org/wiki/2026_in_sports	7	August	8	642	12.8.2026 - 16.8.2026	2026 Rhythmic Gymnastics World Championships	Rhythmic gymnastics		2026-08-12	2026-08-16	12.8.2026 - 16.8.2026|2026 rhythmic gymnastics world championships|rhythmic gymnastics|	True		False	False	True
13–23	2026 Cincinnati Open	Tennis		International		en	https://en.wikipedia.org/wiki/2026_in_sports	7	August	8	643	13.8.2026 - 23.8.2026	2026 Cincinnati Open	Tennis		2026-08-13	2026-08-23	13.8.2026 - 23.8.2026|2026 cincinnati open|tennis|	True		False	False	True
13–30	2026 FedEx Cup Playoffs	Golf		International		en	https://en.wikipedia.org/wiki/2026_in_sports	7	August	8	644	13.8.2026 - 30.8.2026	2026 FedEx Cup Playoffs	Golf		2026-08-13	2026-08-30	13.8.2026 - 30.8.2026|2026 fedex cup playoffs|golf|	True		False	False	True
13–16	2026 IFAF Men's Flag Football World Championship 2026 IFAF Women's Flag Football World Championship	Flag football		International		en	https://en.wikipedia.org/wiki/2026_in_sports	7	August	8	645	13.8.2026 - 16.8.2026	2026 IFAF Men's Flag Football World Championship 2026 IFAF Women's Flag Football World Championship	Flag football		2026-08-13	2026-08-16	13.8.2026 - 16.8.2026|2026 ifaf men's flag football world championship 2026 ifaf women's flag football world championship|flag football|	True		False	False	True
14–30	2026 Men's FIH Hockey World Cup	Field hockey		International		en	https://en.wikipedia.org/wiki/2026_in_sports	7	August	8	646	14.8.2026 - 30.8.2026	2026 Men's FIH Hockey World Cup	Field hockey		2026-08-14	2026-08-30	14.8.2026 - 30.8.2026|2026 men's fih hockey world cup|field hockey|	True		False	False	True
14–30	2026 Women's FIH Hockey World Cup	Field hockey		International		en	https://en.wikipedia.org/wiki/2026_in_sports	7	August	8	647	14.8.2026 - 30.8.2026	2026 Women's FIH Hockey World Cup	Field hockey		2026-08-14	2026-08-30	14.8.2026 - 30.8.2026|2026 women's fih hockey world cup|field hockey|	True		False	False	True
15–17 May 2027	2026/27 DFB-Pokal Frauen season	Association football		Domestic		en	https://en.wikipedia.org/wiki/2026_in_sports	7	August	8	648		2026/27 DFB-Pokal Frauen season	Association football					False	unparseable_date	False	False	False
16	2026 FA Community Shield	Association football		Domestic		en	https://en.wikipedia.org/wiki/2026_in_sports	7	August	8	649	16.8.2026	2026 FA Community Shield	Association football		2026-08-16	2026-08-16	16.8.2026|2026 fa community shield|association football|	True		False	False	True
16–15 May 2027	2026/27 Coupe de France season	Association football		Domestic		en	https://en.wikipedia.org/wiki/2026_in_sports	7	August	8	650		2026/27 Coupe de France season	Association football					False	unparseable_date	False	False	False
17–23	2026 BWF World Championships	Badminton		International		en	https://en.wikipedia.org/wiki/2026_in_sports	7	August	8	651	17.8.2026 - 23.8.2026	2026 BWF World Championships	Badminton		2026-08-17	2026-08-23	17.8.2026 - 23.8.2026|2026 bwf world championships|badminton|	True		False	False	True
19–29	2026 FIVB Volleyball Boys' U17 World Championship	Volleyball		International		en	https://en.wikipedia.org/wiki/2026_in_sports	7	August	8	652	19.8.2026 - 29.8.2026	2026 FIVB Volleyball Boys' U17 World Championship	Volleyball		2026-08-19	2026-08-29	19.8.2026 - 29.8.2026|2026 fivb volleyball boys' u17 world championship|volleyball|	True		False	False	True
20–23	2026 World Judo Cadet Championships	Judo		International		en	https://en.wikipedia.org/wiki/2026_in_sports	7	August	8	653	20.8.2026 - 23.8.2026	2026 World Judo Cadet Championships	Judo		2026-08-20	2026-08-23	20.8.2026 - 23.8.2026|2026 world judo cadet championships|judo|	True		False	False	True
20–30	2026 Little League World Series	Baseball		Domestic		en	https://en.wikipedia.org/wiki/2026_in_sports	7	August	8	654	20.8.2026 - 30.8.2026	2026 Little League World Series	Baseball		2026-08-20	2026-08-30	20.8.2026 - 30.8.2026|2026 little league world series|baseball|	True		False	False	True
21–3 September	2026 Mediterranean Games	Mediterranean Games		International		en	https://en.wikipedia.org/wiki/2026_in_sports	7	August	8	655	21.8.2026 - 3.9.2026	2026 Mediterranean Games	Mediterranean Games		2026-08-21	2026-09-03	21.8.2026 - 3.9.2026|2026 mediterranean games|mediterranean games|	True		False	False	True
21–6 September	2026 Women's European Volleyball Championship	Volleyball		Continental		en	https://en.wikipedia.org/wiki/2026_in_sports	7	August	8	656	21.8.2026 - 6.9.2026	2026 Women's European Volleyball Championship	Volleyball		2026-08-21	2026-09-06	21.8.2026 - 6.9.2026|2026 women's european volleyball championship|volleyball|	True		False	False	True
21–23 May 2027	2026/27 Frauen-Bundesliga season	Association football		Domestic		en	https://en.wikipedia.org/wiki/2026_in_sports	7	August	8	657		2026/27 Frauen-Bundesliga season	Association football					False	unparseable_date	False	False	False
21–29 May 2027	2026/27 DFB-Pokal season	Association football		Domestic		en	https://en.wikipedia.org/wiki/2026_in_sports	7	August	8	658		2026/27 DFB-Pokal season	Association football					False	unparseable_date	False	False	False
22	2026 Franz Beckenbauer Supercup	Association football		Domestic		en	https://en.wikipedia.org/wiki/2026_in_sports	7	August	8	659	22.8.2026	2026 Franz Beckenbauer Supercup	Association football		2026-08-22	2026-08-22	22.8.2026|2026 franz beckenbauer supercup|association football|	True		False	False	True
22	RAF 12	Wrestling		International		en	https://en.wikipedia.org/wiki/2026_in_sports	7	August	8	660	22.8.2026	RAF 12	Wrestling		2026-08-22	2026-08-22	22.8.2026|raf 12|wrestling|	True		False	False	True
22–13 September	2026 Vuelta a España	Road bicycle racing		International		en	https://en.wikipedia.org/wiki/2026_in_sports	7	August	8	661	22.8.2026 - 13.9.2026	2026 Vuelta a España	Road bicycle racing		2026-08-22	2026-09-13	22.8.2026 - 13.9.2026|2026 vuelta a españa|road bicycle racing|	True		False	False	True
22–29 May 2027	2026/27 Ligue 1 season	Association football		Domestic		en	https://en.wikipedia.org/wiki/2026_in_sports	7	August	8	662		2026/27 Ligue 1 season	Association football					False	unparseable_date	False	False	False
22–30 May 2027	2026/27 Premier League season	Association football		Domestic		en	https://en.wikipedia.org/wiki/2026_in_sports	7	August	8	663		2026/27 Premier League season	Association football					False	unparseable_date	False	False	False
23–30 May 2027	2026/27 Serie A season	Association football		Domestic		en	https://en.wikipedia.org/wiki/2026_in_sports	7	August	8	664		2026/27 Serie A season	Association football					False	unparseable_date	False	False	False
23	2026 Dutch Grand Prix (F1) #14	Formula Racing		International		en	https://en.wikipedia.org/wiki/2026_in_sports	7	August	8	665	23.8.2026	2026 Dutch Grand Prix (F1) #14	Formula Racing		2026-08-23	2026-08-23	23.8.2026|2026 dutch grand prix (f1) #14|formula racing|	True		False	False	True
23–30	2026 World Rowing Championships	Rowing		International		en	https://en.wikipedia.org/wiki/2026_in_sports	7	August	8	666	23.8.2026 - 30.8.2026	2026 World Rowing Championships	Rowing		2026-08-23	2026-08-30	23.8.2026 - 30.8.2026|2026 world rowing championships|rowing|	True		False	False	True
24–30	2026 World Modern Pentathlon Championships	Modern pentathlon		International		en	https://en.wikipedia.org/wiki/2026_in_sports	7	August	8	667	24.8.2026 - 30.8.2026	2026 World Modern Pentathlon Championships	Modern pentathlon		2026-08-24	2026-08-30	24.8.2026 - 30.8.2026|2026 world modern pentathlon championships|modern pentathlon|	True		False	False	True
26–30	2026 UCI Mountain Bike World Championships	Mountain biking		International		en	https://en.wikipedia.org/wiki/2026_in_sports	7	August	8	668	26.8.2026 - 30.8.2026	2026 UCI Mountain Bike World Championships	Mountain biking		2026-08-26	2026-08-30	26.8.2026 - 30.8.2026|2026 uci mountain bike world championships|mountain biking|	True		False	False	True
26–30	2026 ICF Canoe Sprint World Championships	Canoeing		International		en	https://en.wikipedia.org/wiki/2026_in_sports	7	August	8	669	26.8.2026 - 30.8.2026	2026 ICF Canoe Sprint World Championships	Canoeing		2026-08-26	2026-08-30	26.8.2026 - 30.8.2026|2026 icf canoe sprint world championships|canoeing|	True		False	False	True
26–30	2026 PDGA World Championships	Disc golf		International		en	https://en.wikipedia.org/wiki/2026_in_sports	7	August	8	670	26.8.2026 - 30.8.2026	2026 PDGA World Championships	Disc golf		2026-08-26	2026-08-30	26.8.2026 - 30.8.2026|2026 pdga world championships|disc golf|	True		False	False	True
26–30	2026 Oceania Table Tennis Championships	Table tennis		Continental		en	https://en.wikipedia.org/wiki/2026_in_sports	7	August	8	671	26.8.2026 - 30.8.2026	2026 Oceania Table Tennis Championships	Table tennis		2026-08-26	2026-08-30	26.8.2026 - 30.8.2026|2026 oceania table tennis championships|table tennis|	True		False	False	True
28–30	2026 FIS Grass Skiing World Cup Final	Grass skiing		International		en	https://en.wikipedia.org/wiki/2026_in_sports	7	August	8	672	28.8.2026 - 30.8.2026	2026 FIS Grass Skiing World Cup Final	Grass skiing		2026-08-28	2026-08-30	28.8.2026 - 30.8.2026|2026 fis grass skiing world cup final|grass skiing|	True		False	False	True
29–30	2026 GT World Challenge Asia (Okayama round #5)	Endurance racing		International	R1:R2:	en	https://en.wikipedia.org/wiki/2026_in_sports	7	August	8	673	29.8.2026 - 30.8.2026	2026 GT World Challenge Asia (Okayama round #5)	Endurance racing		2026-08-29	2026-08-30	29.8.2026 - 30.8.2026|2026 gt world challenge asia (okayama round #5)|endurance racing|	True		False	False	True
29–12 December	2026 NCAA Division I FBS football season	American football		Domestic		en	https://en.wikipedia.org/wiki/2026_in_sports	7	August	8	674	29.8.2026 - 12.12.2026	2026 NCAA Division I FBS football season	American football		2026-08-29	2026-12-12	29.8.2026 - 12.12.2026|2026 ncaa division i fbs football season|american football|	True		False	False	True
30	2026 Sydney Marathon (WMM #4)	Marathon		International		en	https://en.wikipedia.org/wiki/2026_in_sports	7	August	8	675	30.8.2026	2026 Sydney Marathon (WMM #4)	Marathon		2026-08-30	2026-08-30	30.8.2026|2026 sydney marathon (wmm #4)|marathon|	True		False	False	True
30	2026 UEC Gravel Bike European Championships	Gravel biking		International		en	https://en.wikipedia.org/wiki/2026_in_sports	7	August	8	676	30.8.2026	2026 UEC Gravel Bike European Championships	Gravel biking		2026-08-30	2026-08-30	30.8.2026|2026 uec gravel bike european championships|gravel biking|	True		False	False	True
30	2026 Aragon motorcycle Grand Prix (MotoGP #13)	Motorcycle racing		International	MotoGP:Moto2:Moto3:	en	https://en.wikipedia.org/wiki/2026_in_sports	7	August	8	677	30.8.2026	2026 Aragon motorcycle Grand Prix (MotoGP #13)	Motorcycle racing		2026-08-30	2026-08-30	30.8.2026|2026 aragon motorcycle grand prix (motogp #13)|motorcycle racing|	True		False	False	True
31–13 September	2026 US Open	Tennis		International		en	https://en.wikipedia.org/wiki/2026_in_sports	7	August	8	678	31.8.2026 - 13.9.2026	2026 US Open	Tennis		2026-08-31	2026-09-13	31.8.2026 - 13.9.2026|2026 us open|tennis|	True		False	False	True
31–13 September	2026 European Artistic Roller Skating Championships	Artistic roller skating		Continental		en	https://en.wikipedia.org/wiki/2026_in_sports	7	August	8	679	31.8.2026 - 13.9.2026	2026 European Artistic Roller Skating Championships	Artistic roller skating		2026-08-31	2026-09-13	31.8.2026 - 13.9.2026|2026 european artistic roller skating championships|artistic roller skating|	True		False	False	True
4–6	2026 UCI Para-cycling Road World Championships	Road Cycling		International		en	https://en.wikipedia.org/wiki/2026_in_sports	8	September	9	680	4.9.2026 - 6.9.2026	2026 UCI Para-cycling Road World Championships	Road Cycling		2026-09-04	2026-09-06	4.9.2026 - 6.9.2026|2026 uci para-cycling road world championships|road cycling|	True		False	False	True
4–13	2026 FIBA Women's Basketball World Cup	Basketball		International		en	https://en.wikipedia.org/wiki/2026_in_sports	8	September	9	681	4.9.2026 - 13.9.2026	2026 FIBA Women's Basketball World Cup	Basketball		2026-09-04	2026-09-13	4.9.2026 - 13.9.2026|2026 fiba women's basketball world cup|basketball|	True		False	False	True
5–6	2026 European Rowing Under 23 Championships	Rowing		Continental		en	https://en.wikipedia.org/wiki/2026_in_sports	8	September	9	682	5.9.2026 - 6.9.2026	2026 European Rowing Under 23 Championships	Rowing		2026-09-05	2026-09-06	5.9.2026 - 6.9.2026|2026 european rowing under 23 championships|rowing|	True		False	False	True
5–6	2026 WSBK French round	Motorcycle racing		International	R1:SR:R2:	en	https://en.wikipedia.org/wiki/2026_in_sports	8	September	9	683	5.9.2026 - 6.9.2026	2026 WSBK French round	Motorcycle racing		2026-09-05	2026-09-06	5.9.2026 - 6.9.2026|2026 wsbk french round|motorcycle racing|	True		False	False	True
5–27	2026 FIFA U-20 Women's World Cup	Association football		International		en	https://en.wikipedia.org/wiki/2026_in_sports	8	September	9	684	5.9.2026 - 27.9.2026	2026 FIFA U-20 Women's World Cup	Association football		2026-09-05	2026-09-27	5.9.2026 - 27.9.2026|2026 fifa u-20 women's world cup|association football|	True		False	False	True
6	2026 Italian Grand Prix (F1) #15	Formula racing		International		en	https://en.wikipedia.org/wiki/2026_in_sports	8	September	9	685	6.9.2026	2026 Italian Grand Prix (F1) #15	Formula racing		2026-09-06	2026-09-06	6.9.2026|2026 italian grand prix (f1) #15|formula racing|	True		False	False	True
6	2026 Lone Star Le Mans (WEC #6)	Endurance racing		International	Hypercar:LMGT3:	en	https://en.wikipedia.org/wiki/2026_in_sports	8	September	9	686	6.9.2026	2026 Lone Star Le Mans (WEC #6)	Endurance racing		2026-09-06	2026-09-06	6.9.2026|2026 lone star le mans (wec #6)|endurance racing|	True		False	False	True
8–5 June 2027	2026–27 UEFA Champions League season	Association football		Continental		en	https://en.wikipedia.org/wiki/2026_in_sports	8	September	9	687		2026–27 UEFA Champions League season	Association football					False	unparseable_date	False	False	False
9–12	2026 World Team Disc Golf Championships	Disc golf		International		en	https://en.wikipedia.org/wiki/2026_in_sports	8	September	9	688	9.9.2026 - 12.9.2026	2026 World Team Disc Golf Championships	Disc golf		2026-09-09	2026-09-12	9.9.2026 - 12.9.2026|2026 world team disc golf championships|disc golf|	True		False	False	True
						en	https://en.wikipedia.org/wiki/2026_in_sports	8	September	9	689								False	missing_date	False	False	False
9–19	2026 IWBF Wheelchair Basketball World Championships	Wheelchair Basketball		International		en	https://en.wikipedia.org/wiki/2026_in_sports	8	September	9	690	9.9.2026 - 19.9.2026	2026 IWBF Wheelchair Basketball World Championships	Wheelchair Basketball		2026-09-09	2026-09-19	9.9.2026 - 19.9.2026|2026 iwbf wheelchair basketball world championships|wheelchair basketball|	True		False	False	True
9–26	2026 Men's European Volleyball Championship	Volleyball		Continental		en	https://en.wikipedia.org/wiki/2026_in_sports	8	September	9	691	9.9.2026 - 26.9.2026	2026 Men's European Volleyball Championship	Volleyball		2026-09-09	2026-09-26	9.9.2026 - 26.9.2026|2026 men's european volleyball championship|volleyball|	True		False	False	True
9–10 January	2026 NFL season	American football		Domestic		en	https://en.wikipedia.org/wiki/2026_in_sports	8	September	9	692	9.9.2026 - 10.1.2026	2026 NFL season	American football		2026-09-09	2026-01-10	9.9.2026 - 10.1.2026|2026 nfl season|american football|	True		False	False	True
10–11	2026 WSBK Estoril round	Motorcycle racing		International	R1:SR:R2:	en	https://en.wikipedia.org/wiki/2026_in_sports	8	September	9	693	10.9.2026 - 11.9.2026	2026 WSBK Estoril round	Motorcycle racing		2026-09-10	2026-09-11	10.9.2026 - 11.9.2026|2026 wsbk estoril round|motorcycle racing|	True		False	False	True
11–13	2026 ARRC Sepang round	Motorcycle racing		International	R1:R2:	en	https://en.wikipedia.org/wiki/2026_in_sports	8	September	9	694	11.9.2026 - 13.9.2026	2026 ARRC Sepang round	Motorcycle racing		2026-09-11	2026-09-13	11.9.2026 - 13.9.2026|2026 arrc sepang round|motorcycle racing|	True		False	False	True
11–13	2026 UEC Mountain Bike Marathon European Championships	Mountain biking		International		en	https://en.wikipedia.org/wiki/2026_in_sports	8	September	9	695	11.9.2026 - 13.9.2026	2026 UEC Mountain Bike Marathon European Championships	Mountain biking		2026-09-11	2026-09-13	11.9.2026 - 13.9.2026|2026 uec mountain bike marathon european championships|mountain biking|	True		False	False	True
11–13	2026 World Athletics Ultimate Championship	Athletics		International		en	https://en.wikipedia.org/wiki/2026_in_sports	8	September	9	696	11.9.2026 - 13.9.2026	2026 World Athletics Ultimate Championship	Athletics		2026-09-11	2026-09-13	11.9.2026 - 13.9.2026|2026 world athletics ultimate championship|athletics|	True		False	False	True
12	2026 UCI Mountain Bike Marathon World Championships	Mountain Bike Cycling		International		en	https://en.wikipedia.org/wiki/2026_in_sports	8	September	9	697	12.9.2026	2026 UCI Mountain Bike Marathon World Championships	Mountain Bike Cycling		2026-09-12	2026-09-12	12.9.2026|2026 uci mountain bike marathon world championships|mountain bike cycling|	True		False	False	True
12–13	2026 Archery World Cup Final	Archery		International		en	https://en.wikipedia.org/wiki/2026_in_sports	8	September	9	698	12.9.2026 - 13.9.2026	2026 Archery World Cup Final	Archery		2026-09-12	2026-09-13	12.9.2026 - 13.9.2026|2026 archery world cup final|archery|	True		False	False	True
13	2026 San Marino and Rimini Riviera motorcycle Grand Prix (MotoGP #14)	Motorcycle racing		International	MotoGP:Moto2:Moto3:	en	https://en.wikipedia.org/wiki/2026_in_sports	8	September	9	699	13.9.2026	2026 San Marino and Rimini Riviera motorcycle Grand Prix (MotoGP #14)	Motorcycle racing		2026-09-13	2026-09-13	13.9.2026|2026 san marino and rimini riviera motorcycle grand prix (motogp #14)|motorcycle racing|	True		False	False	True
13	2026 Spanish Grand Prix (F1) #16	Formula racing		International		en	https://en.wikipedia.org/wiki/2026_in_sports	8	September	9	700	13.9.2026	2026 Spanish Grand Prix (F1) #16	Formula racing		2026-09-13	2026-09-13	13.9.2026|2026 spanish grand prix (f1) #16|formula racing|	True		False	False	True
14–1 May 2027	2026–27 AFC Champions League Elite season	Association football		Continental		en	https://en.wikipedia.org/wiki/2026_in_sports	8	September	9	701		2026–27 AFC Champions League Elite season	Association football					False	unparseable_date	False	False	False
15–26	2026 European Amateur Boxing Championships	Amateur boxing		Continental		en	https://en.wikipedia.org/wiki/2026_in_sports	8	September	9	702	15.9.2026 - 26.9.2026	2026 European Amateur Boxing Championships	Amateur boxing		2026-09-15	2026-09-26	15.9.2026 - 26.9.2026|2026 european amateur boxing championships|amateur boxing|	True		False	False	True
15–15 May 2027	2026–27 AFC Champions League Two season	Association football		Continental		en	https://en.wikipedia.org/wiki/2026_in_sports	8	September	9	703		2026–27 AFC Champions League Two season	Association football					False	unparseable_date	False	False	False
16–26 May 2027	2026–27 UEFA Europa League season	Association football		Continental		en	https://en.wikipedia.org/wiki/2026_in_sports	8	September	9	704		2026–27 UEFA Europa League season	Association football					False	unparseable_date	False	False	False
17–18	2026 WSBK Spanish round	Motorcycle racing		International	R1:SR:R2:	en	https://en.wikipedia.org/wiki/2026_in_sports	8	September	9	705	17.9.2026 - 18.9.2026	2026 WSBK Spanish round	Motorcycle racing		2026-09-17	2026-09-18	17.9.2026 - 18.9.2026|2026 wsbk spanish round|motorcycle racing|	True		False	False	True
17–20	2026 Baseball5 Pan American Championship	Baseball5		Continental		en	https://en.wikipedia.org/wiki/2026_in_sports	8	September	9	706	17.9.2026 - 20.9.2026	2026 Baseball5 Pan American Championship	Baseball5		2026-09-17	2026-09-20	17.9.2026 - 20.9.2026|2026 baseball5 pan american championship|baseball5|	True		False	False	True
19–26	2026 European Bowls Championships	Bowls		Continental		en	https://en.wikipedia.org/wiki/2026_in_sports	8	September	9	707	19.9.2026 - 26.9.2026	2026 European Bowls Championships	Bowls		2026-09-19	2026-09-26	19.9.2026 - 26.9.2026|2026 european bowls championships|bowls|	True		False	False	True
19–4 October	2026 Asian Games	Asian Games		International		en	https://en.wikipedia.org/wiki/2026_in_sports	8	September	9	708	19.9.2026 - 4.10.2026	2026 Asian Games	Asian Games		2026-09-19	2026-10-04	19.9.2026 - 4.10.2026|2026 asian games|asian games|	True		False	False	True
20	2026 Austrian motorcycle Grand Prix (MotoGP #15)	Motorcycle racing		International	MotoGP:Moto2:Moto3:	en	https://en.wikipedia.org/wiki/2026_in_sports	8	September	9	709	20.9.2026	2026 Austrian motorcycle Grand Prix (MotoGP #15)	Motorcycle racing		2026-09-20	2026-09-20	20.9.2026|2026 austrian motorcycle grand prix (motogp #15)|motorcycle racing|	True		False	False	True
20	2026 Caribbean Premier League finals	Cricket		Domestic		en	https://en.wikipedia.org/wiki/2026_in_sports	8	September	9	710	20.9.2026	2026 Caribbean Premier League finals	Cricket		2026-09-20	2026-09-20	20.9.2026|2026 caribbean premier league finals|cricket|	True		False	False	True
20–27	2026 UCI Road World Championships	Road bicycle racing		International		en	https://en.wikipedia.org/wiki/2026_in_sports	8	September	9	711	20.9.2026 - 27.9.2026	2026 UCI Road World Championships	Road bicycle racing		2026-09-20	2026-09-27	20.9.2026 - 27.9.2026|2026 uci road world championships|road bicycle racing|	True		False	False	True
22–27	2026 European Orienteering Championships	Orienteering		Continental		en	https://en.wikipedia.org/wiki/2026_in_sports	8	September	9	712	22.9.2026 - 27.9.2026	2026 European Orienteering Championships	Orienteering		2026-09-22	2026-09-27	22.9.2026 - 27.9.2026|2026 european orienteering championships|orienteering|	True		False	False	True
24–3 October	2026 World Archery 3D Championships	Archery		International		en	https://en.wikipedia.org/wiki/2026_in_sports	8	September	9	713	24.9.2026 - 3.10.2026	2026 World Archery 3D Championships	Archery		2026-09-24	2026-10-03	24.9.2026 - 3.10.2026|2026 world archery 3d championships|archery|	True		False	False	True
25–4 October	2026 U-15 Baseball World Cup	Baseball		International		en	https://en.wikipedia.org/wiki/2026_in_sports	8	September	9	714	25.9.2026 - 4.10.2026	2026 U-15 Baseball World Cup	Baseball		2026-09-25	2026-10-04	25.9.2026 - 4.10.2026|2026 u-15 baseball world cup|baseball|	True		False	False	True
25–19 June 2027	2026–27 Premiership Rugby season	Rugby union		Domestic		en	https://en.wikipedia.org/wiki/2026_in_sports	8	September	9	715		2026–27 Premiership Rugby season	Rugby union					False	unparseable_date	False	False	False
26	2026 Azerbaijan Grand Prix (F1) #17	Formula racing		International		en	https://en.wikipedia.org/wiki/2026_in_sports	8	September	9	716	26.9.2026	2026 Azerbaijan Grand Prix (F1) #17	Formula racing		2026-09-26	2026-09-26	26.9.2026|2026 azerbaijan grand prix (f1) #17|formula racing|	True		False	False	True
27	2026 6 Hours of Fuji (WEC #7)	Endurance racing		International	Hypercar:LMGT3:	en	https://en.wikipedia.org/wiki/2026_in_sports	8	September	9	717	27.9.2026	2026 6 Hours of Fuji (WEC #7)	Endurance racing		2026-09-27	2026-09-27	27.9.2026|2026 6 hours of fuji (wec #7)|endurance racing|	True		False	False	True
27	2026 Berlin Marathon (WMM #5)	Marathon		International		en	https://en.wikipedia.org/wiki/2026_in_sports	8	September	9	718	27.9.2026	2026 Berlin Marathon (WMM #5)	Marathon		2026-09-27	2026-09-27	27.9.2026|2026 berlin marathon (wmm #5)|marathon|	True		False	False	True
30–18 October	2026 World Skate Games	Roller sports		International		en	https://en.wikipedia.org/wiki/2026_in_sports	8	September	9	719	30.9.2026 - 18.10.2026	2026 World Skate Games	Roller sports		2026-09-30	2026-10-18	30.9.2026 - 18.10.2026|2026 world skate games|roller sports|	True		False	False	True
1	2026 Malaysian motorcycle Grand Prix (MotoGP #19)	Motorcycle racing		International	MotoGP:Moto2:Moto3:	en	https://en.wikipedia.org/wiki/2026_in_sports	10	November	11	720	1.11.2026	2026 Malaysian motorcycle Grand Prix (MotoGP #19)	Motorcycle racing		2026-11-01	2026-11-01	1.11.2026|2026 malaysian motorcycle grand prix (motogp #19)|motorcycle racing|	True		False	False	True
1	2026 New York City Marathon (WMM #7)	Marathon		International		en	https://en.wikipedia.org/wiki/2026_in_sports	10	November	11	721	1.11.2026	2026 New York City Marathon (WMM #7)	Marathon		2026-11-01	2026-11-01	1.11.2026|2026 new york city marathon (wmm #7)|marathon|	True		False	False	True
1–8	2026 BWF Para-Badminton World Championships	Para-badminton		International		en	https://en.wikipedia.org/wiki/2026_in_sports	10	November	11	722	1.11.2026 - 8.11.2026	2026 BWF Para-Badminton World Championships	Para-badminton		2026-11-01	2026-11-08	1.11.2026 - 8.11.2026|2026 bwf para-badminton world championships|para-badminton|	True		False	False	True
3–7	2026 UCI Urban Cycling World Championships	Urban Cycling		International		en	https://en.wikipedia.org/wiki/2026_in_sports	10	November	11	723	3.11.2026 - 7.11.2026	2026 UCI Urban Cycling World Championships	Urban Cycling		2026-11-03	2026-11-07	3.11.2026 - 7.11.2026|2026 uci urban cycling world championships|urban cycling|	True		False	False	True
5–8	2026 Trampoline Gymnastics World Championships	Trampoline		International		en	https://en.wikipedia.org/wiki/2026_in_sports	10	November	11	724	5.11.2026 - 8.11.2026	2026 Trampoline Gymnastics World Championships	Trampoline		2026-11-05	2026-11-08	5.11.2026 - 8.11.2026|2026 trampoline gymnastics world championships|trampoline|	True		False	False	True
6–7	2026 Breeders' Cup	Horse racing		International		en	https://en.wikipedia.org/wiki/2026_in_sports	10	November	11	725	6.11.2026 - 7.11.2026	2026 Breeders' Cup	Horse racing		2026-11-06	2026-11-07	6.11.2026 - 7.11.2026|2026 breeders' cup|horse racing|	True		False	False	True
6–15	2026 U-23 Baseball World Cup	Baseball		International		en	https://en.wikipedia.org/wiki/2026_in_sports	10	November	11	726	6.11.2026 - 15.11.2026	2026 U-23 Baseball World Cup	Baseball		2026-11-06	2026-11-15	6.11.2026 - 15.11.2026|2026 u-23 baseball world cup|baseball|	True		False	False	True
7	2026 8 Hours of Bahrain (WEC #8)	Endurance racing		International	Hypercar:LMGT3:	en	https://en.wikipedia.org/wiki/2026_in_sports	10	November	11	727	7.11.2026	2026 8 Hours of Bahrain (WEC #8)	Endurance racing		2026-11-07	2026-11-07	7.11.2026|2026 8 hours of bahrain (wec #8)|endurance racing|	True		False	False	True
8	2026 Qatar motorcycle Grand Prix (MotoGP #20)	Motorcycle racing		International	MotoGP:Moto2:Moto3:	en	https://en.wikipedia.org/wiki/2026_in_sports	10	November	11	728	8.11.2026	2026 Qatar motorcycle Grand Prix (MotoGP #20)	Motorcycle racing		2026-11-08	2026-11-08	8.11.2026|2026 qatar motorcycle grand prix (motogp #20)|motorcycle racing|	True		False	False	True
8	2026 Sao Paulo Grand Prix (F1) #20	Formula racing		International		en	https://en.wikipedia.org/wiki/2026_in_sports	10	November	11	729	8.11.2026	2026 Sao Paulo Grand Prix (F1) #20	Formula racing		2026-11-08	2026-11-08	8.11.2026|2026 sao paulo grand prix (f1) #20|formula racing|	True		False	False	True
8–9	2026 UCI Cyclo-cross European Championships	Cyclo-cross		International		en	https://en.wikipedia.org/wiki/2026_in_sports	10	November	11	730	8.11.2026 - 9.11.2026	2026 UCI Cyclo-cross European Championships	Cyclo-cross		2026-11-08	2026-11-09	8.11.2026 - 9.11.2026|2026 uci cyclo-cross european championships|cyclo-cross|	True		False	False	True
13	2026 European Cross Country Championships	Athletics		Continental		en	https://en.wikipedia.org/wiki/2026_in_sports	10	November	11	731	13.11.2026	2026 European Cross Country Championships	Athletics		2026-11-13	2026-11-13	13.11.2026|2026 european cross country championships|athletics|	True		False	False	True
13–22	2026 Amputee Football World Cup	Amputee football		International		en	https://en.wikipedia.org/wiki/2026_in_sports	10	November	11	732	13.11.2026 - 22.11.2026	2026 Amputee Football World Cup	Amputee football		2026-11-13	2026-11-22	13.11.2026 - 22.11.2026|2026 amputee football world cup|amputee football|	True		False	False	True
15	2026 Portuguese motorcycle Grand Prix (MotoGP #21)	Motorcycle racing		International	MotoGP:Moto2:Moto3:	en	https://en.wikipedia.org/wiki/2026_in_sports	10	November	11	733	15.11.2026	2026 Portuguese motorcycle Grand Prix (MotoGP #21)	Motorcycle racing		2026-11-15	2026-11-15	15.11.2026|2026 portuguese motorcycle grand prix (motogp #21)|motorcycle racing|	True		False	False	True
15	113th Grey Cup	Canadian football		Domestic		en	https://en.wikipedia.org/wiki/2026_in_sports	10	November	11	734	15.11.2026	113th Grey Cup	Canadian football		2026-11-15	2026-11-15	15.11.2026|113th grey cup|canadian football|	True		False	False	True
15–22	2026 ATP Finals	Tennis		International		en	https://en.wikipedia.org/wiki/2026_in_sports	10	November	11	735	15.11.2026 - 22.11.2026	2026 ATP Finals	Tennis		2026-11-15	2026-11-22	15.11.2026 - 22.11.2026|2026 atp finals|tennis|	True		False	False	True
19–22	2026 World Judo Juniors Championships	Judo		International		en	https://en.wikipedia.org/wiki/2026_in_sports	10	November	11	736	19.11.2026 - 22.11.2026	2026 World Judo Juniors Championships	Judo		2026-11-19	2026-11-22	19.11.2026 - 22.11.2026|2026 world judo juniors championships|judo|	True		False	False	True
20–27	2026 U-12 Pan American Baseball Championship	Baseball		Continental		en	https://en.wikipedia.org/wiki/2026_in_sports	10	November	11	737	20.11.2026 - 27.11.2026	2026 U-12 Pan American Baseball Championship	Baseball		2026-11-20	2026-11-27	20.11.2026 - 27.11.2026|2026 u-12 pan american baseball championship|baseball|	True		False	False	True
21	2026 Las Vegas Grand Prix (F1) #21	Formula Racing		International		en	https://en.wikipedia.org/wiki/2026_in_sports	10	November	11	738	21.11.2026	2026 Las Vegas Grand Prix (F1) #21	Formula Racing		2026-11-21	2026-11-21	21.11.2026|2026 las vegas grand prix (f1) #21|formula racing|	True		False	False	True
21–28	2026 ITTF World Youth Championships	Table tennis		International		en	https://en.wikipedia.org/wiki/2026_in_sports	10	November	11	739	21.11.2026 - 28.11.2026	2026 ITTF World Youth Championships	Table tennis		2026-11-21	2026-11-28	21.11.2026 - 28.11.2026|2026 ittf world youth championships|table tennis|	True		False	False	True
22	2026 Valencian Community motorcycle Grand Prix (MotoGP #22)	Motorcycle racing		International	MotoGP:Moto2:Moto3:	en	https://en.wikipedia.org/wiki/2026_in_sports	10	November	11	740	22.11.2026	2026 Valencian Community motorcycle Grand Prix (MotoGP #22)	Motorcycle racing		2026-11-22	2026-11-22	22.11.2026|2026 valencian community motorcycle grand prix (motogp #22)|motorcycle racing|	True		False	False	True
23–29	2026 Teqball World Championships	Teqball		International		en	https://en.wikipedia.org/wiki/2026_in_sports	10	November	11	741	23.11.2026 - 29.11.2026	2026 Teqball World Championships	Teqball		2026-11-23	2026-11-29	23.11.2026 - 29.11.2026|2026 teqball world championships|teqball|	True		False	False	True
25–2 December	2026 World Boxing Cup Finals	Amateur boxing		International		en	https://en.wikipedia.org/wiki/2026_in_sports	10	November	11	742	25.11.2026 - 2.12.2026	2026 World Boxing Cup Finals	Amateur boxing		2026-11-25	2026-12-02	25.11.2026 - 2.12.2026|2026 world boxing cup finals|amateur boxing|	True		False	False	True
28	2026 Copa Libertadores final	Association football		Continental		en	https://en.wikipedia.org/wiki/2026_in_sports	10	November	11	743	28.11.2026	2026 Copa Libertadores final	Association football		2026-11-28	2026-11-28	28.11.2026|2026 copa libertadores final|association football|	True		False	False	True
29	2026 Lusail Grand Prix (F1) #22	Formula Racing		International		en	https://en.wikipedia.org/wiki/2026_in_sports	10	November	11	744	29.11.2026	2026 Lusail Grand Prix (F1) #22	Formula Racing		2026-11-29	2026-11-29	29.11.2026|2026 lusail grand prix (f1) #22|formula racing|	True		False	False	True
29–6 December	2026 ITTF Mixed Team World Cup	Table tennis		International		en	https://en.wikipedia.org/wiki/2026_in_sports	10	November	11	745	29.11.2026 - 6.12.2026	2026 ITTF Mixed Team World Cup	Table tennis		2026-11-29	2026-12-06	29.11.2026 - 6.12.2026|2026 ittf mixed team world cup|table tennis|	True		False	False	True
30–6 December	2026 World Bowls Junior Indoor Championship	Bowls		International		en	https://en.wikipedia.org/wiki/2026_in_sports	10	November	11	746	30.11.2026 - 6.12.2026	2026 World Bowls Junior Indoor Championship	Bowls		2026-11-30	2026-12-06	30.11.2026 - 6.12.2026|2026 world bowls junior indoor championship|bowls|	True		False	False	True
						en	https://en.wikipedia.org/wiki/2026_in_sports	10	November	11	747								False	missing_date	False	False	False
3–20	2026 European Women's Handball Championship	Handball		Continental		en	https://en.wikipedia.org/wiki/2026_in_sports	11	December	12	748	3.12.2026 - 20.12.2026	2026 European Women's Handball Championship	Handball		2026-12-03	2026-12-20	3.12.2026 - 20.12.2026|2026 european women's handball championship|handball|	True		False	False	True
4–6	2026 ARRC Chang round	Motorcycle racing		International	R1:R2:	en	https://en.wikipedia.org/wiki/2026_in_sports	11	December	12	749	4.12.2026 - 6.12.2026	2026 ARRC Chang round	Motorcycle racing		2026-12-04	2026-12-06	4.12.2026 - 6.12.2026|2026 arrc chang round|motorcycle racing|	True		False	False	True
6	2026 Abu Dhabi Grand Prix (F1) #23	Formula Racing		International		en	https://en.wikipedia.org/wiki/2026_in_sports	11	December	12	750	6.12.2026	2026 Abu Dhabi Grand Prix (F1) #23	Formula Racing		2026-12-06	2026-12-06	6.12.2026|2026 abu dhabi grand prix (f1) #23|formula racing|	True		False	False	True
6	2026 Copa do Brasil final	Association football		Domestic		en	https://en.wikipedia.org/wiki/2026_in_sports	11	December	12	751	6.12.2026	2026 Copa do Brasil final	Association football		2026-12-06	2026-12-06	6.12.2026|2026 copa do brasil final|association football|	True		False	False	True
7–13	2026 FIVB Volleyball Women's Club World Championship	Volleyball		International		en	https://en.wikipedia.org/wiki/2026_in_sports	11	December	12	752	7.12.2026 - 13.12.2026	2026 FIVB Volleyball Women's Club World Championship	Volleyball		2026-12-07	2026-12-13	7.12.2026 - 13.12.2026|2026 fivb volleyball women's club world championship|volleyball|	True		False	False	True
7–13	2026 BWF World Tour Finals	Badminton		International		en	https://en.wikipedia.org/wiki/2026_in_sports	11	December	12	753	7.12.2026 - 13.12.2026	2026 BWF World Tour Finals	Badminton		2026-12-07	2026-12-13	7.12.2026 - 13.12.2026|2026 bwf world tour finals|badminton|	True		False	False	True
9–13	2026 Baseball5 World Cup	Baseball5		International		en	https://en.wikipedia.org/wiki/2026_in_sports	11	December	12	754	9.12.2026 - 13.12.2026	2026 Baseball5 World Cup	Baseball5		2026-12-09	2026-12-13	9.12.2026 - 13.12.2026|2026 baseball5 world cup|baseball5|	True		False	False	True
13	2026 Liga Profesional de Fútbol Tornea Clausura final	Association football		Domestic		en	https://en.wikipedia.org/wiki/2026_in_sports	11	December	12	755	13.12.2026	2026 Liga Profesional de Fútbol Tornea Clausura final	Association football		2026-12-13	2026-12-13	13.12.2026|2026 liga profesional de fútbol tornea clausura final|association football|	True		False	False	True
14–20	2026 FIVB Volleyball Men's Club World Championship	Volleyball		International		en	https://en.wikipedia.org/wiki/2026_in_sports	11	December	12	756	14.12.2026 - 20.12.2026	2026 FIVB Volleyball Men's Club World Championship	Volleyball		2026-12-14	2026-12-20	14.12.2026 - 20.12.2026|2026 fivb volleyball men's club world championship|volleyball|	True		False	False	True
18	2026 MLS Cup	Association football		Binational		en	https://en.wikipedia.org/wiki/2026_in_sports	11	December	12	757	18.12.2026	2026 MLS Cup	Association football		2026-12-18	2026-12-18	18.12.2026|2026 mls cup|association football|	True		False	False	True
20	2026 European Women's Handball Championship final	Handball		Binational		en	https://en.wikipedia.org/wiki/2026_in_sports	11	December	12	758	20.12.2026	2026 European Women's Handball Championship final	Handball		2026-12-20	2026-12-20	20.12.2026|2026 european women's handball championship final|handball|	True		False	False	True
26–5 January 2027	2027 World Junior Ice Hockey Championships	Ice Hockey		International		en	https://en.wikipedia.org/wiki/2026_in_sports	11	December	12	759		2027 World Junior Ice Hockey Championships	Ice Hockey					False	unparseable_date	False	False	False
