Datum	Ereignis	Sportart	Ort	event_id	competition_key	season	sport_key	discipline_key	coverage	audience_countries	uk_home_nations	event_kind	host_countries	division	gender	stage
11.12.2025 - 3.1.2026	2026 PDC World Darts Championship	Darts		event-839b860788180cf14c5ce19e61a6f63c28726123b79738319810e3fe526a9418	catalog_other	2026	other		not_tagged			national_championship			mixed	other:2026 pdc world darts championship
21.12.2025 - 18.1.2026	2025 Africa Cup of Nations	Association football		event-a4e8efba020c232288683c44793f2bc3b30adf6f90e8362b5f2be16486733429	catalog_football	2025	football		not_tagged			tournament			mixed	football:2025 africa cup of nations
26.12.2025 - 5.1.2026	2026 World Junior Ice Hockey Championships	Ice hockey		event-cb377d82a7bccdb322dea59334c7d768f9ef5c725331a86d7b3fc44fd4d3c7e0	catalog_ice_hockey	2026	ice_hockey		not_tagged			national_championship			mixed	ice_hockey:2026 world junior ice hockey championships
2.1.2026	2026 NHL Winter Classic	Ice Hockey		event-20f8c932462bf00dea130d9cfdb5ed52cdcd89a5f27a040834d52f05d787ef17	catalog_ice_hockey	2026	ice_hockey		not_tagged			tournament			mixed	ice_hockey:2026 nhl winter classic
2.1.2026 - 11.1.2026	2026 United Cup	Tennis		event-82edf312cdc6e268383b60544a03ba2fff2a90d382a909e370ca511b34e4077e	catalog_tennis	2026	tennis		not_tagged			tournament			mixed	tennis:2026 united cup
3.1.2026 - 17.1.2026	2026 Dakar Rally (WRRC #1)	Rally raid		event-0b059f11bd79adebb4164d55c6cc6654deb022948e7b6c2a3ea2671cbfdaaeb1	catalog_rallying	2026	rallying		not_tagged			tournament			mixed	rallying:2026 dakar rally (wrrc #1)
6.1.2026 - 11.1.2026	2026 Asia-Pacific Men's Lacrosse Championship	Lacrosse		event-1bfaf1f86d36019ef7a4e1e2f47a2dd4c7928a7cf0ee0cfff2b03bf0f4bc8490	catalog_other	2026	other		not_tagged			national_championship			male	other:2026 asia-pacific men's lacrosse championship
6.1.2026 - 24.1.2026	2026 AFC U-23 Asian Cup	Association football		event-c4a1a53b67b7143627fb1cb989589bc99cfb080b115e385e26d5924e94d89279	catalog_football	2026	football		not_tagged			tournament			mixed	football:2026 afc u-23 asian cup
8.1.2026 - 11.1.2026	2026 Men's EuroHockey Indoor Championship	Field hockey		event-e2a9623d12b8ce87e28dc55081a5f609e2de05956f521d790f2c899e125c3495	catalog_field_hockey	2026	field_hockey		not_tagged			national_championship			male	field_hockey:2026 men's eurohockey indoor championship
9.1.2026 - 11.1.2026	IBSF European Championships 2026	Bobsleigh and skeleton		event-a864b045a483d509ac025b9fd09c0d9840ba5806fde529bd4f5570f8fc7d04e0	catalog_other	2026	other		not_tagged			national_championship			mixed	other:ibsf european championships 2026
9.1.2026 - 11.1.2026	2026 European Speed Skating Championships	Speed skating		event-097cf6a4e87fc467949a0474ace0172a2e30bad1d3adb2adc34ea2766c1ccb4e	catalog_other	2026	other		not_tagged			national_championship			mixed	other:2026 european speed skating championships
9.1.2026 - 25.1.2026	2026 World Indoor Bowls Championship	Bowls		event-1f6036f06463a6054099181e4a4cf42a0374f15494121017f9b80f014e88fc6b	catalog_other	2026	other		not_tagged			national_championship			mixed	other:2026 world indoor bowls championship
10.1.2026	2026 World Athletics Cross Country Championships	Athletics		event-bd8544f03626ad9214d3cec24bc3ef4d778ea7ae35d8f4748670b75127254e89	catalog_athletics	2026	athletics		not_tagged			national_championship			mixed	athletics:2026 world athletics cross country championships
10.1.2026	2026 Mexico City ePrix (FE #2)	Formula racing		event-99b077c032d7ef1c8ef907d6b120cfd5e60b2badea0aeb76b385d3dfd9bf775d	catalog_formula_racing	2026	formula_racing		not_tagged			tournament			mixed	formula_racing:2026 mexico city eprix (fe #2)
10.1.2026	RAF 05: Covington vs. Rockhold	Wrestling		event-21ec381eda3ce8a9fd17661ee902bf1c26773560bd8d82005c043c653a5c34f5	catalog_wrestling	2026	wrestling		not_tagged			tournament			mixed	wrestling:raf 05: covington vs. rockhold
10.1.2026 - 18.1.2026	2026 IIHF U18 Women's World Championship	Ice hockey		event-3e7371e69bb8b20b0c79c5aec37d849fe3b3add8d0c5f43133a5d26f561d1039	catalog_ice_hockey	2026	ice_hockey		not_tagged			national_championship			female	ice_hockey:2026 iihf u18 women's world championship
10.1.2026 - 25.1.2026	2026 Men's European Water Polo Championship	Water polo		event-58498d89db0f5469ec750fff0ddda1da54523c0ca925d1ae6d7d6939e0389df4	catalog_other	2026	other		not_tagged			national_championship			male	other:2026 men's european water polo championship
11.1.2026 - 18.1.2026	2026 Masters (Triple Crown #2)	Snooker		event-a40115ff350bc6b6d31c0c0523439491ee3ed022709f002ef2bc077f60b5e4ce	catalog_snooker	2026	snooker		not_tagged			tournament			mixed	snooker:2026 masters (triple crown #2)
12.1.2026 - 16.1.2026	2026 South and Central American Women's Junior Handball Championship	Handball		event-5d5e469d79d0b038e1aff41b553c112b86aa4cb73835523d0e729d5ce5f5cc49	catalog_handball	2026	handball		not_tagged			national_championship			female	handball:2026 south and central american women's junior handball championship
12.1.2026 - 18.1.2026	2026 Bandy World Championship 2026 Women's Bandy World Championship	Bandy		event-0c16617d9029f50129450fd514ceaff0a9fc96f7c82fd73ca49dbf18aa0bc1d7	catalog_other	2026	other		not_tagged			national_championship			female	other:2026 bandy world championship 2026 women's bandy world championship
13.1.2026 - 18.1.2026	2026 European Figure Skating Championships	Figure skating		event-2a4d0242d5d6204532ede4ce2de8df0fe9e2d975618e729c05eff6e7b0d31cea	catalog_other	2026	other		not_tagged			national_championship			mixed	other:2026 european figure skating championships
13.1.2026 - 25.1.2026	2026 SAFF Women's Futsal Championship	Futsal		event-3d7739c80a432b117997eaccc7cfe5144f923088cd049cbe6f984c107940c797	catalog_futsal	2026	futsal		not_tagged			national_championship			female	futsal:2026 saff women's futsal championship
14.1.2026 - 26.1.2026	2026 SAFF Futsal Championship	Futsal		event-bb4d128a03e215156d16eee592f9bfd487f87620e1d66316be2a49f0f0ad684c	catalog_futsal	2026	futsal		not_tagged			national_championship			mixed	futsal:2026 saff futsal championship
15.1.2026 - 18.1.2026	2026 Women's EuroHockey Indoor Championship	Field hockey		event-32caec02850ba2a880926d1db4f79ef4420ecc0a679537015295ee13c3c331f1	catalog_field_hockey	2026	field_hockey		not_tagged			national_championship			female	field_hockey:2026 women's eurohockey indoor championship
15.1.2026 - 29.1.2026	2026 Asian Men's Handball Championship	Handball		event-9573f34378edffb93952809ecdbe25fccc833b488ccc8ff0c8d9424718891573	catalog_handball	2026	handball		not_tagged			national_championship			male	handball:2026 asian men's handball championship
15.1.2026 - 1.2.2026	2026 European Men's Handball Championship	Handball		event-1eb6161f61c246abbae70dbbff33671aacadb4d2a168e45658afa648181ea5b0	catalog_handball	2026	handball		not_tagged			national_championship			male	handball:2026 european men's handball championship
15.1.2026 - 6.2.2026	2026 Under-19 Men's Cricket World Cup	Cricket		event-bff86cfa6707a462f44b8ec61146d50006ebc7d6ffaccbb2181963635e1dd2a9	catalog_cricket	2026	cricket		not_tagged			tournament			male	cricket:2026 under-19 men's cricket world cup
16.1.2026 - 18.1.2026	2026 European Short Track Speed Skating Championships	Short-track speed skating		event-b46517a7014bf98d23fa0cdfaff0ac1beca2a05545870670ca02bfbcede6923b	catalog_other	2026	other		not_tagged			national_championship			mixed	other:2026 european short track speed skating championships
17.1.2026 - 24.1.2026	2026 FIL European Luge Championships	Luge		event-a2af1cb287caea56dde2ca1197552cfbcb315c12574b26e15af258fcb07bfb9a	catalog_other	2026	other		not_tagged			national_championship			mixed	other:2026 fil european luge championships
18.1.2026	2025 Africa Cup of Nations final	Association football		event-21dbf3c0227293e69717618e0e3c17a4ebdaea22ac3fbdb79a3f930de20d68bf	catalog_football	2025	football		not_tagged			cup_final			mixed	football:2025 africa cup of nations final
18.1.2026 - 1.2.2026	2026 Australian Open	Tennis		event-839843bf8b6480e7ef26e8e4a46d54f1d662bec1bf58e7cca43f5c52b0911cf4	catalog_tennis	2026	tennis		not_tagged			tournament			mixed	tennis:2026 australian open
19.1.2026	2026 College Football Playoff National Championship	American football		event-f2c3d146249763bcde857496d31ef92fcf4a6ef521884fe5fe1ff5f3a7a9df0e	catalog_american_football	2026	american_football		not_tagged			national_championship			mixed	american_football:2026 college football playoff national championship
19.1.2026 - 24.1.2026	2026 South and Central American Men's Handball Championship	Handball		event-519762c0fa1812fb34287afcfb1efb383d89e5c7d429cec49662928478e65b85	catalog_handball	2026	handball		not_tagged			national_championship			male	handball:2026 south and central american men's handball championship
21.1.2026 - 25.1.2026	2026 IBU Junior Open European Championships	Biathlon		event-4996bcb8be1793d5157b20d730dc9a0c60896f6ccf4da3e21b55d7259bce3fe8	catalog_other	2026	other		not_tagged			national_championship			mixed	other:2026 ibu junior open european championships
21.1.2026 - 25.1.2026	2026 Four Continents Figure Skating Championships	Figure skating		event-1d959112ed5ed40ad82a751c7f05bf4482e6c2df29a1d7b40659fc695e141baa	catalog_other	2026	other		not_tagged			national_championship			mixed	other:2026 four continents figure skating championships
21.1.2026 - 31.1.2026	2026 African Men's Handball Championship	Handball		event-f5cbb8057f53d8aa62887e64c5de567155d13acc5651c71470796b7b2c9a5245	catalog_handball	2026	handball		not_tagged			national_championship			male	handball:2026 african men's handball championship
21.1.2026 - 7.2.2026	UEFA Futsal Euro 2026	Futsal		event-dfa663eacd5c371457c0852d1922fd7381f743b28330693a85026b5f97d9e0ed	catalog_futsal	2026	futsal		not_tagged			tournament			mixed	futsal:uefa futsal euro 2026
22.1.2026 - 25.1.2026	2026 Monte Carlo Rally (WRC #1)	Rallying		event-bc48bc0369e73eb45085becd8b90310feae3e9fc2f23d13f7d371ceb40a7af25	catalog_rallying	2026	rallying		not_tagged			tournament			mixed	rallying:2026 monte carlo rally (wrc #1)
22.1.2026 - 25.1.2026	FIS Ski Flying World Championships 2026	Ski flying		event-4b16dab9fd0069717bad790b0d68649df62b9b37afd3a08bca2d2a38bea3e06d	catalog_other	2026	other		not_tagged			national_championship			mixed	other:fis ski flying world championships 2026
24.1.2026	UFC 324: Gaethje vs. Pimblett	Mixed martial arts		event-7bdfe29172c60153f17b909a1eb297d26f5a100d674a65c6d3205f489977f0eb	catalog_mixed_martial_arts	2026	mixed_martial_arts		not_tagged			tournament			mixed	mixed_martial_arts:ufc 324: gaethje vs. pimblett
24.1.2026	2026 Rugby Europe Super Cup final	Rugby union		event-b355bf3b4a621b243272d7ad588020bc653821570951cd3d41cc2a8f091aa4d5	catalog_rugby	2026	rugby		not_tagged			cup_final			mixed	rugby:2026 rugby europe super cup final
24.1.2026 - 1.2.2026	2026 Copa América de Futsal	Futsal		event-52178f76b5f10680cb6e1c16e79ee5ed9f61c7b06bc711fae33a7d14a28bb2f3	catalog_futsal	2026	futsal		not_tagged			tournament			mixed	futsal:2026 copa américa de futsal
25.1.2026	2025–26 Big Bash League final	T20 Cricket		event-582a5674899f9c32a6ddd832a6b9c0168ba8c73a988eb27a6c3e3d2f1c184d12	catalog_cricket	2025	cricket		not_tagged			cup_final			mixed	cricket:2025–26 big bash league final
25.1.2026	2026 SA20 final	T20 Cricket		event-b321c56fc5a2a55d1e4bc7db7b0ca918c0d85595d3bd2602802888783288c645	catalog_cricket	2026	cricket		not_tagged			cup_final			mixed	cricket:2026 sa20 final
25.1.2026 - 1.2.2026	2026 IBU Open European Championships	Biathlon		event-ae712e15cda043dda69a4f3d853b89c0550d91dedb425352022623a9698bbdbe	catalog_other	2026	other		not_tagged			national_championship			mixed	other:2026 ibu open european championships
26.1.2026 - 5.2.2026	2026 Women's European Water Polo Championship	Water polo		event-09b9985ca2463a07d7f7366403dafc120bdf304882f970970db4229d70aa178e	catalog_other	2026	other		not_tagged			national_championship			female	other:2026 women's european water polo championship
27.1.2026 - 7.2.2026	2026 AFC Futsal Asian Cup	Futsal		event-24210551caab6567412068dc688164b6216e22c633f68856f7a2f8995f6bc15f	catalog_futsal	2026	futsal		not_tagged			tournament			mixed	futsal:2026 afc futsal asian cup
28.1.2026 - 1.2.2026	2026 ITTF Pan-America Cup	Table Tennis		event-54ace92fc5d8a12797ad7b872f86f93b37f1052c5b16db84bfdd44345e03afd1	catalog_table_tennis	2026	table_tennis		not_tagged			tournament			mixed	table_tennis:2026 ittf pan-america cup
29.1.2026 - 1.2.2026	2026 PDC World Masters	Darts		event-6e346072c8a6c7b14336747198c7922e3cabeda110729781c92bc9e7cb6bcb13	catalog_other	2026	other		not_tagged			tournament			mixed	other:2026 pdc world masters
29.1.2026 - 1.2.2026	2026 World Junior Short Track Speed Skating Championships	Short-track speed skating		event-457c55abe3b455b157e62e6fb528de7ef3490a704ad6e41d190358d0b8a866b0	catalog_other	2026	other		not_tagged			national_championship			mixed	other:2026 world junior short track speed skating championships
30.1.2026 - 1.2.2026	2026 UCI Cyclo-cross World Championships	Cyclo-cross		event-69caebfad21cc27fef79ae768c066710541147278749c4f58a1325d87884be34	catalog_other	2026	other		not_tagged			national_championship			mixed	other:2026 uci cyclo-cross world championships
31.1.2026	2026 Miami ePrix (FE #3)	Formula racing		event-53199495c287137845d44649402e5c6f365c57ecf38be7a3b44ad4f62303a705	catalog_formula_racing	2026	formula_racing		not_tagged			tournament			mixed	formula_racing:2026 miami eprix (fe #3)
31.1.2026	2025–26 Super Smash final	T20 Cricket		event-eed879d90abb1d503d077f8d94e2f3a67d81d39aa391ec94b85ed103bb2c0173	catalog_cricket	2025	cricket		not_tagged			cup_final			mixed	cricket:2025–26 super smash final
31.1.2026 - 1.2.2026	2026 ITTF-Oceania Cup	Table Tennis		event-2aeccd83464c9495c36efcdc014103cee5e6a30bf48fd868cc21c3ba89c49bfc	catalog_table_tennis	2026	table_tennis		not_tagged			tournament			mixed	table_tennis:2026 ittf-oceania cup
1.2.2026	2026 FIFA Women's Champions Cup final	Association football		event-b75a6003698103cad28cadd9d9bed1c4e30e06e35811e431711158c569f98be6	catalog_football	2026	football		not_tagged			cup_final			female	football:2026 fifa women's champions cup final
1.2.2026	2026 NHL Stadium Series	Ice Hockey		event-e9e649136b02a23d26c04530484a4cecba975e8f8604a44d53c6d17c4700f5d3	catalog_ice_hockey	2026	ice_hockey		not_tagged			tournament			mixed	ice_hockey:2026 nhl stadium series
1.2.2026	UFC 325: Volkanovski vs. Lopes 2	Mixed martial arts		event-9fde7bcae803175fbcffcb55fca66f0f45fbe96e917e6d463b5a741b081b0646	catalog_mixed_martial_arts	2026	mixed_martial_arts		not_tagged			tournament			mixed	mixed_martial_arts:ufc 325: volkanovski vs. lopes 2
1.2.2026 - 5.2.2026	2026 UEC European Track Championships	Track cycling		event-505b50cc8aa9dab2ebafbe5404f09f45902d9c095e979f0ba1a8b095e84f12c2	catalog_cycling	2026	cycling		not_tagged			national_championship			mixed	cycling:2026 uec european track championships
2.2.2026 - 14.2.2026	2026 Asian Rifle/Pistol Championships	Shooting		event-1eb019ce945d1185629cf65a567bbcd77e81b131d5799b54b403e77c175e7e5b	catalog_other	2026	other		not_tagged			national_championship			mixed	other:2026 asian rifle/pistol championships
3.2.2026	2026 Pro Bowl Games	American football		event-7f6f8897024413a1cf6aa969c34654d01a1c9134596449d80a595e4bc7a6fdbe	catalog_american_football	2026	american_football		not_tagged			tournament			mixed	american_football:2026 pro bowl games
3.2.2026 - 7.2.2026	2026 European/African Ice Swimming Championships	Winter swimming		event-1f8b6ed98d654ec1f6ad682905571401baa5808c051fbe05b77c5109d7b0f33f	catalog_other	2026	other		not_tagged			national_championship			mixed	other:2026 european/african ice swimming championships
3.2.2026 - 8.2.2026	2026 Badminton Asia Team Championships	Badminton		event-16582e2478560e2938d8fa1baf127268be3ec7d9e897e57057814d045ca888a8	catalog_badminton	2026	badminton		not_tagged			national_championship			mixed	badminton:2026 badminton asia team championships
3.2.2026 - 8.2.2026	2026 World Grand Prix (Players Series #1)	Snooker		event-84e3882a33a2044fa595df76dc455bfcb34cf8e84d4cb57766f43a848f5cea04	catalog_snooker	2026	snooker		not_tagged			tournament			mixed	snooker:2026 world grand prix (players series #1)
4.2.2026 - 8.2.2026	2026 ITTF-ATTU Asian Cup	Table Tennis		event-d716e159de594ff040ebba02ca91a4fc5b6ce420067c9ff5b002de0053e2f0cb	catalog_table_tennis	2026	table_tennis		not_tagged			tournament			mixed	table_tennis:2026 ittf-attu asian cup
4.2.2026 - 28.2.2026	2026 South American Under-20 Women's Football Championship	Association football		event-fb75290dcd22d5b5f891a9333d3fec241ec44d368da1d1c4d5666c61ea74d251	catalog_football	2026	football		not_tagged			national_championship			female	football:2026 south american under-20 women's football championship
5.2.2026	2026 Women's Premier League final	T20 Cricket		event-53a675dbbb0522fcf957855d2acb91633583d580881921e36bec426cf7432b11	catalog_cricket	2026	cricket		not_tagged			cup_final			female	cricket:2026 women's premier league final
5.2.2026 - 8.2.2026	2026 Europe Top 16 Cup	Table tennis		event-d68f85bc1076483a8a7178ccba3affcb92ec3601f3fb7f77c17f7574baff8f99	catalog_table_tennis	2026	table_tennis		not_tagged			tournament			mixed	table_tennis:2026 europe top 16 cup
5.2.2026 - 14.3.2026	2026 Six Nations Championship	Rugby union		event-4e525b2dbb5f2e3f2d5ac9604694280899d5e35284bf33a41a35302685493b15	catalog_rugby	2026	rugby		not_tagged			national_championship			mixed	rugby:2026 six nations championship
6.2.2026 - 8.2.2026	2026 Asian Indoor Athletics Championships	Athletics		event-cb8bd78b27138fb7b398d63fa96a3039cd2285be5732ee57da4900e27c80efcf	catalog_athletics	2026	athletics		not_tagged			national_championship			mixed	athletics:2026 asian indoor athletics championships
6.2.2026 - 22.2.2026	2026 Winter Olympics	Multi-sport		event-70318a2a8f627bade590777c145d96007a79c1215bd0e8028958acb111ad2caf	catalog_other	2026	other		not_tagged			tournament			mixed	other:2026 winter olympics
7.2.2026	2026 UCI Snow Bike World Championships	Snow biking		event-db37ad5217b43cff4aba61040a2ed5e3bd8497f323abefb9712e181b9d9e3c68	catalog_other	2026	other		not_tagged			national_championship			mixed	other:2026 uci snow bike world championships
7.2.2026 - 9.2.2026	2026 ITTF Africa Cup	Table Tennis		event-6cfe6777e67fdc6f6910c8a87f361d8da307901254e005a0f8650e7db0040fc7	catalog_table_tennis	2026	table_tennis		not_tagged			tournament			mixed	table_tennis:2026 ittf africa cup
7.2.2026 - 8.3.2026	2026 Men's T20 World Cup	T20 Cricket		event-4cb1610ca8da22ee0bda01f5f16e902c4de6087f7b8f67a3b8587c2f3db970ff	catalog_cricket	2026	cricket		not_tagged			tournament			male	cricket:2026 men's t20 world cup
8.2.2026	Super Bowl LX	American football		event-64925f07c5ae3b0cf1a199dbed817e9ea272409f1e728704070f6b66b3c2be3c	catalog_american_football	2026	american_football		not_tagged			cup_final			mixed	american_football:super bowl lx
8.2.2026 - 14.2.2026	2026 BWF Para-Badminton World Championships	Para-badminton		event-2498938ba48431c8668981763136966cf6a655bce0795f775c5d37f9a7245146	catalog_badminton	2026	badminton		not_tagged			national_championship			mixed	badminton:2026 bwf para-badminton world championships
8.2.2026 - 15.2.2026	2026 Oceania Badminton Championships	Badminton		event-866dabb4528d0c86abe3b1ef2af3e23bd910f4506d7b7fb5617200c7432890bf	catalog_badminton	2026	badminton		not_tagged			national_championship			mixed	badminton:2026 oceania badminton championships
8.2.2026 - 15.2.2026	2026 European Junior Shooting Championships	Sport shooting		event-0b1c9f170b05337511266e4b6a528ea88c2e7bf67edf27ff6e61f30641980482	catalog_other	2026	other		not_tagged			national_championship			mixed	other:2026 european junior shooting championships
9.2.2026 - 12.2.2026	2026 All Africa Men's and Women's Team Badminton Championships	Badminton		event-7629d17034cb6ddd78b01fea99318c8f4b4a5ad3181d67e13e3469a5b14aa2e3	catalog_badminton	2026	badminton		not_tagged			national_championship			female	badminton:2026 all africa men's and women's team badminton championships
11.2.2026 - 15.2.2026	2026 European Men's and Women's Team Badminton Championships	Badminton		event-4ad764bdcd3e04fcf62992f14fe3f9b21aeed2367b761506c2e1b70adf12e0ae	catalog_badminton	2026	badminton		not_tagged			national_championship			female	badminton:2026 european men's and women's team badminton championships
12.2.2026 - 15.2.2026	2026 Pan Am Male & Female Badminton Cup	Badminton		event-1677b39fbe1d78b4c2a84847a0192bfdb57b9640ab5ddf4ecde3a41456b2c4b5	catalog_badminton	2026	badminton		not_tagged			tournament			female	badminton:2026 pan am male & female badminton cup
12.2.2026 - 15.2.2026	2026 Rally Sweden (WRC #2)	Rallying		event-adc40c60ca2889c34154d7495eee2bbe98a98d732b615e15b5b3a8cfa32fe2c7	catalog_rallying	2026	rallying		not_tagged			tournament			mixed	rallying:2026 rally sweden (wrc #2)
13.2.2026 - 14.2.2026	2026 Jeddah ePrix (FE #4/5)	Formula racing		event-8e03583da3fa9ad61ac7ac00b01a8d289da5f2f1e2e1ed3c04235ba5bc5d27ec	catalog_formula_racing	2026	formula_racing		not_tagged			tournament			mixed	formula_racing:2026 jeddah eprix (fe #4/5)
13.2.2026 - 15.2.2026	2026 African Badminton Championships	Badminton		event-f1ddeebfcefd023300eb9a74891ef77575259edb92dd2d15d3bfa20b13cd5c95	catalog_badminton	2026	badminton		not_tagged			national_championship			mixed	badminton:2026 african badminton championships
13.2.2026 - 15.2.2026	FIDE Freestyle Chess World Championship 2026	Chess		event-d2e2ac033da90b6f033e1ae95608e73bd74882eab644ffc8c4efe46074878a4b	catalog_other	2026	other		not_tagged			national_championship			mixed	other:fide freestyle chess world championship 2026
13.2.2026 - 15.2.2026	2026 Men's EuroHockey Indoor Club Cup	Indoor hockey		event-d38f9c06a6f33b1dc4a32909258fe83354ba123d2306f36a85566cf3efa5d24b	catalog_field_hockey	2026	field_hockey		not_tagged			tournament			male	field_hockey:2026 men's eurohockey indoor club cup
14.2.2026	2026 Saudi Cup	Horse racing		event-bca7b76d463970c23ec3adac8bea957531b6a11517e52162186e76fc44e974cc	catalog_horse_racing	2026	horse_racing		not_tagged			tournament			mixed	horse_racing:2026 saudi cup
15.2.2026	2026 NBA All-Star Game	Basketball		event-9a85183165e0d07ac36b4c788a1dd41d9021847d28526564a4d6797e73ebb7a2	nba	2026	basketball		not_tagged			tournament			mixed	basketball:2026 nba all-star game
15.2.2026	2026 Daytona 500	Stock car racing		event-2a4c5e6e64ccaacf587be530b63fb7c3d308f6c10b3a7da61d6caddaa3bd14f1	catalog_other	2026	other		not_tagged			tournament			mixed	other:2026 daytona 500
16.2.2026 - 21.2.2026	2026 European Indoor Archery Championships	Archery		event-e385ec80dfaeb59db7bc81f2df5ab0d1a3d13357c5bfc2a66fbd15870e02daa0	catalog_archery	2026	archery		not_tagged			national_championship			mixed	archery:2026 european indoor archery championships
16.2.2026 - 22.2.2026	2026 Pan American Track Cycling Championships	Track cycling		event-e78656663acad05ce07d3a1130134ad1e89f18b7c73964e2c2b9d2fe8f0b1ae5	catalog_cycling	2026	cycling		not_tagged			national_championship			mixed	cycling:2026 pan american track cycling championships
17.2.2026 - 22.2.2026	2026 Players Championship (Players Series #2)	Snooker		event-77a741df95d31b811da86ebd289f087767b4169a463175db9931044c5e8f37e2	catalog_snooker	2026	snooker		not_tagged			national_championship			mixed	snooker:2026 players championship (players series #2)
18.2.2026 - 22.2.2026	2026 Women's South American Volleyball Club Championship	Volleyball		event-0ead6cfe04c14184ab276e181ebb5d604b9fef9aace18bbd3ae337e37bcded8e	catalog_volleyball	2026	volleyball		not_tagged			national_championship			female	volleyball:2026 women's south american volleyball club championship
19.2.2026 - 26.2.2026	2026 Recopa Sudamericana	Association football		event-6b7d252a2ad03b05c1498b05ab720b0c7147a73462a453a722a9e64762c035da	catalog_football	2026	football		not_tagged			tournament			mixed	football:2026 recopa sudamericana
20.2.2026 - 22.2.2026	2026 Women's EuroHockey Indoor Club Cup	Indoor hockey		event-8fea76bc5ec31b39d99de1e00c64be41f73297cd5fa5de216307086316498c12	catalog_field_hockey	2026	field_hockey		not_tagged			tournament			female	field_hockey:2026 women's eurohockey indoor club cup
20.2.2026 - 27.2.2026	2026 European Cadets and Juniors Fencing Championships	Fencing		event-bee3628c2b7acc3178afa2488c1383cec7ff44d2bba3f6c6eb8f9fa67c9346b3	catalog_fencing	2026	fencing		not_tagged			national_championship			mixed	fencing:2026 european cadets and juniors fencing championships
21.2.2026 - 22.2.2026	2026 WSBK Australian round	Motorcycle racing		event-22b7702306d25468a107e24852fb205bb26b2c1c261d2bc2f83beebec4522844	catalog_motorcycle_racing	2026	motorcycle_racing		not_tagged			tournament			mixed	motorcycle_racing:2026 wsbk australian round
21.2.2026 - 28.2.2026	2026 Men's Softball Pan American Championship	Softball		event-b0a00e373de7607412cd8a20b1a6deab686017b463cb4af0ae70dfec6abfcc93	catalog_softball	2026	softball		not_tagged			national_championship			male	softball:2026 men's softball pan american championship
24.2.2026 - 3.3.2026	2026 World Junior Curling Championships	Curling		event-808f360286caa7f36bc8408e3642c60f9569d45dcf10fb4495cfc7cd1643482b	catalog_curling	2026	curling		not_tagged			national_championship			mixed	curling:2026 world junior curling championships
25.2.2026 - 1.3.2026	2026 South American Men's Volleyball Club Championship	Volleyball		event-c4fd50bde1b58c604619f929132357c70ecd99a8eed6925b1a36ee0520f868cd	catalog_volleyball	2026	volleyball		not_tagged			national_championship			male	volleyball:2026 south american men's volleyball club championship
27.2.2026 - 1.3.2026	2026 World Junior Speed Skating Championships	Speed skating		event-b8907fab1ece65e1137afafb917056bc5b8e28566056eaec10ed883edaebb566	catalog_other	2026	other		not_tagged			national_championship			mixed	other:2026 world junior speed skating championships
27.2.2026 - 5.3.2026	2026 European 10 m Events Championships	Sport shooting		event-76493951ea2370772cc4d34cd6a75a6102c1cf08e5889db0750d157139aec7de	catalog_other	2026	other		not_tagged			national_championship			mixed	other:2026 european 10 m events championships
28.2.2026	RAF 06: Cejudo vs. Faber	Wrestling		event-9aad8069e82d439b9adc79c0957f42d12f30045a661d0feaa044b722144870fe	catalog_wrestling	2026	wrestling		not_tagged			tournament			mixed	wrestling:raf 06: cejudo vs. faber
28.2.2026 - 6.3.2026	2026 World Ski Orienteering Championships	Ski orienteering		event-fba036af86b2bf7aac96d776acb297d054404ae2ffe9c4abc6ef508f4943f135	catalog_other	2026	other		not_tagged			national_championship			mixed	other:2026 world ski orienteering championships
28.2.2026 - 8.3.2026	Biathlon Junior World Championships 2026	Biathlon		event-a2fd99a28eedbaa97ea9f93a029779f34a8f98394413d08c5716900249e6c0df	catalog_other	2026	other		not_tagged			national_championship			mixed	other:biathlon junior world championships 2026
1.3.2026	2026 Tokyo Marathon (WMM #1)	Marathon		event-4aae23e34fd11159d72064a1b0f29bbc6ea6622ff1e2c63ff6568061eeb38fb2	catalog_marathon	2026	marathon		not_tagged			tournament			mixed	marathon:2026 tokyo marathon (wmm #1)
1.3.2026	2026 Thailand motorcycle Grand Prix (MotoGP #1)	Motorcycle racing		event-4652fac3b9282a481bcd70438eb58e2e5bc733e62e8c62c2299d79c59b78a6ab	catalog_motorcycle_racing	2026	motorcycle_racing		not_tagged			tournament			mixed	motorcycle_racing:2026 thailand motorcycle grand prix (motogp #1)
1.3.2026 - 8.3.2026	2025 World Skateboarding Championship	Street skateboarding		event-3c951b171aa4741b2d7f7b21caeb56f5ec4ed67c9cb065502a64739343727550	catalog_other	2025	other		not_tagged			national_championship			mixed	other:2025 world skateboarding championship
1.3.2026 - 21.3.2026	2026 AFC Women's Asian Cup	Association football		event-06c876cd04e0010c01096d5191127d74686d6aaecff67d5b1508e1a4fe3170a4	catalog_football	2026	football		not_tagged			tournament			female	football:2026 afc women's asian cup
2.3.2026 - 8.3.2026	2026 Nordic Junior World Ski Championships	Nordic skiing		event-1509e8f79e951579032486375b4ec5d7ee39982b7c3a5aeb72e8b254072f582a	catalog_other	2026	other		not_tagged			national_championship			mixed	other:2026 nordic junior world ski championships
3.3.2026	2026 Champions Hockey League final	Ice hockey		event-614286dd2651f8e27fbb4d160307c2f1eb441a39e5128a359491bd5846f8ba60	catalog_ice_hockey	2026	ice_hockey		not_tagged			cup_final			mixed	ice_hockey:2026 champions hockey league final
4.3.2026 - 7.3.2026	2026 World Junior Figure Skating Championships	Figure skating		event-bbe710a92dd216eac12e2aae454faa3e050083b36280569f0e78686e4ab9f648	catalog_other	2026	other		not_tagged			national_championship			mixed	other:2026 world junior figure skating championships
4.3.2026 - 15.3.2026	2026 Indian Wells Open	Tennis		event-5525949c6f49b01de91d786f71b1a59950538f278be6616f62f3abad94ac3179	catalog_tennis	2026	tennis		not_tagged			tournament			mixed	tennis:2026 indian wells open
5.3.2026 - 6.3.2026	2026 World Sprint Speed Skating Championships	Speed skating		event-f8e8a77deee5ad8906124445fb4a1727f22179fcbc645e12665920048da182d1	catalog_other	2026	other		not_tagged			national_championship			mixed	other:2026 world sprint speed skating championships
5.3.2026 - 15.3.2026	World Junior Alpine Skiing Championships 2026	Alpine skiing		event-d881ab02a19487707e8f68fa5a493bf731ac6dfd74f676c7ce87cffde7e6af1f	catalog_other	2026	other		not_tagged			national_championship			mixed	other:world junior alpine skiing championships 2026
5.3.2026 - 17.3.2026	2026 World Baseball Classic	Baseball		event-3f6e248deb876e3cfc9fdfe552c681a0e434d1b60a42b69d421780b8209a3e21	catalog_baseball	2026	baseball		not_tagged			tournament			mixed	baseball:2026 world baseball classic
6.3.2026 - 14.3.2026	2026 470 European Championship	Sailing		event-fbfb2bbf4256cbedf332178fc346641ae60c401f8e74aae8c6759da789a3d134	catalog_other	2026	other		not_tagged			national_championship			mixed	other:2026 470 european championship
6.3.2026 - 15.3.2026	2026 Winter Paralympics	Multi-sport		event-6c587445a259f226ed56042c33fe611fd38a9eae763b5109976f0674033b83a1	catalog_other	2026	other		not_tagged			tournament			mixed	other:2026 winter paralympics
7.3.2026	UFC 326: Holloway vs Oliveira 2	Mixed martial arts		event-4162bab223adf155be3bd3e74255fdafbb836e94569ec58905ccfb8f094630ca	catalog_mixed_martial_arts	2026	mixed_martial_arts		not_tagged			tournament			mixed	mixed_martial_arts:ufc 326: holloway vs oliveira 2
7.3.2026 - 8.3.2026	2026 World Allround Speed Skating Championships	Speed skating		event-364d72899667d1f5331b0f36d20d69f35fb7e8106f7f8201b7972384ffd432c7	catalog_other	2026	other		not_tagged			national_championship			mixed	other:2026 world allround speed skating championships
7.3.2026 - 22.3.2026	2026 U-20 Copa Libertadores	Association football		event-5148aa77b9488a65072c5b9adfc61a15056eb9ca60a78bb30487fd4b19f604d4	catalog_football	2026	football		not_tagged			tournament			mixed	football:2026 u-20 copa libertadores
8.3.2026	2026 Australian Grand Prix (F1 #1)	Formula racing		event-425a50e3cb5ff33bbd71c2a18edf9d395a74bad8e001cef1ea11547e79513d49	catalog_formula_racing	2026	formula_racing		not_tagged			tournament			mixed	formula_racing:2026 australian grand prix (f1 #1)
9.3.2026 - 15.3.2026	2026 European U23 Wrestling Championships	Wrestling		event-8d83ecc6cd77dfae67ee9fa4b2aec038027f0ef6612f27a9442ef3758087f5fa	catalog_wrestling	2026	wrestling		not_tagged			national_championship			mixed	wrestling:2026 european u23 wrestling championships
12.3.2026 - 13.3.2026	IBSF Junior World Championships Skeleton 2026	Skeleton		event-5ba8e841eac30cb0972b7f4b93a42b0717e4a8ba54e3f98031df125fe28e27c6	catalog_other	2026	other		not_tagged			national_championship			mixed	other:ibsf junior world championships skeleton 2026
12.3.2026 - 15.3.2026	2026 Players Championship	Golf		event-ced219200e308bb1414f1d37b1c0148a843d8e830d0257148b850289141fb5d7	catalog_golf	2026	golf		not_tagged			national_championship			mixed	golf:2026 players championship
12.3.2026 - 15.3.2026	2026 Safari Rally (WRC #3)	Rallying		event-1aad1c3558524f66db28767a248561a2248de7877444eca00c6aab4326ef10cd	catalog_rallying	2026	rallying		not_tagged			tournament			mixed	rallying:2026 safari rally (wrc #3)
13.3.2026 - 14.3.2026	2026 World Junior Synchronized Skating Championships	Synchronized skating		event-2a615ad2cb13d484a8656b80239f2ae5a5d84b4bc6ee85f077f7e6f139282de5	catalog_other	2026	other		not_tagged			national_championship			mixed	other:2026 world junior synchronized skating championships
13.3.2026 - 15.3.2026	2026 FIBA 3x3 Champions Cup	3x3 basketball		event-1409ddf871e23ce1994207cb5baca86d956ca590884853e79d25b94fe236a5ae	catalog_other	2026	other		not_tagged			tournament			mixed	other:2026 fiba 3x3 champions cup
13.3.2026 - 15.3.2026	2026 World Short Track Speed Skating Championships	Short track		event-89a815c2c9fdc9679f857dbc99631e0e5e3b57ee411ad0a48b88d12a3fbe2ab3	catalog_other	2026	other		not_tagged			national_championship			mixed	other:2026 world short track speed skating championships
14.3.2026 - 22.3.2026	2026 World Women's Curling Championship	Curling		event-7c9ab3b2d54b05473ff9d1e91ba78c7bf6b676ef876a361cb61b87818f997ea8	catalog_curling	2026	curling		not_tagged			national_championship			female	curling:2026 world women's curling championship
15.3.2026	2026 Chinese Grand Prix (F1 #2)	Formula racing		event-f0b61d45997abe87abadb4c43b173ff68939313fa1d79290984e2642752677f2	catalog_formula_racing	2026	formula_racing		not_tagged			tournament			mixed	formula_racing:2026 chinese grand prix (f1 #2)
17.3.2026 - 6.4.2026	2026 NCAA Division I men's basketball tournament	Basketball		event-a546def44ad4dc119475355c02dcf723d3e424242f491ff2e33230d71af7bbc1	catalog_basketball	2026	basketball		not_tagged			tournament			male	basketball:2026 ncaa division i men's basketball tournament
18.3.2026 - 29.3.2026	2026 Miami Open	Tennis		event-3be3cef580005ee017df592a8d2cf40e25be8000baf7e4750bb431f76b8223ee	catalog_tennis	2026	tennis		not_tagged			tournament			mixed	tennis:2026 miami open
20.3.2026 - 22.3.2026	2026 World Athletics Indoor Championships	Athletics		event-f2d5110514f8cc93eef759fcd8cde7d04c19fd889bf3ae02632c3b2c14bb47ae	catalog_athletics	2026	athletics		not_tagged			national_championship			mixed	athletics:2026 world athletics indoor championships
20.3.2026 - 5.4.2026	2026 NCAA Division I women's basketball tournament	Basketball		event-c3345b24724cb0a07b921e945ac5df5e9ff670dffce4a86e92de434fed29eaad	catalog_basketball	2026	basketball		not_tagged			tournament			female	basketball:2026 ncaa division i women's basketball tournament
21.3.2026	2026 Madrid ePrix (FE #6)	Formula racing		event-bdc307810c5b4508ff9f929389539eaaaebedb1ea6241199fb3e892d475beae4	catalog_formula_racing	2026	formula_racing		not_tagged			tournament			mixed	formula_racing:2026 madrid eprix (fe #6)
21.3.2026	2026 Milan–San Remo (Monument #1)	Road bicycle racing		event-f94ffd67c217fa889efa269f6a6ea53d16953adc6e156352aae552eccb612987	catalog_cycling	2026	cycling		not_tagged			tournament			male	cycling:2026 milan–san remo (monument #1)
22.3.2026	2026 Brazilian motorcycle Grand Prix (MotoGP #2)	Motorcycle racing		event-ee871e6de22115c6ae817d99b9df77bf6278a0e2192edfc4d30045e9a30b1f6d	catalog_motorcycle_racing	2026	motorcycle_racing		not_tagged			tournament			mixed	motorcycle_racing:2026 brazilian motorcycle grand prix (motogp #2)
24.3.2026 - 29.3.2026	2026 Baseball Champions League Americas	Baseball		event-fa401a1eaa6dd79ad217e9449bd39d6d1f570d63cc8bfa8035f5b630556f8f5f	catalog_baseball	2026	baseball		not_tagged			tournament			mixed	baseball:2026 baseball champions league americas
24.3.2026 - 29.3.2026	2026 World Figure Skating Championships	Figure Skating		event-74242339afad449eebf7b361e6d385302f68fd3e2334502c4e2d2a35d062f79e	catalog_other	2026	other		not_tagged			national_championship			mixed	other:2026 world figure skating championships
25.3.2026 - 31.3.2026	2026 Asian Track Cycling Championships	Track cycling		event-4fccad1f84cd0daedddfdec37f98c9b1f5236dc80a7ec65645e59d2910fe479b	catalog_cycling	2026	cycling		not_tagged			national_championship			mixed	cycling:2026 asian track cycling championships
27.3.2026 - 31.3.2026	2026 Baseball5 Asia Cup	Baseball5		event-347e90bd428fc0d068c72325737e739b2b81d160c43c6811cabca4dce74cef76	catalog_other	2026	other		not_tagged			tournament			mixed	other:2026 baseball5 asia cup
28.3.2026	2026 Qatar 1812 km (WEC #1)	Endurance racing		event-6357e2656e28d9fa73e3779f7174519d06c383231f4179fd27da7015db937680	catalog_endurance_racing	2026	endurance_racing		not_tagged			tournament			mixed	endurance_racing:2026 qatar 1812 km (wec #1)
28.3.2026	2026 Dubai World Cup	Horse racing		event-53e970ea0226359b9d8fea53c7038bcba13a5be351397c8707cc53f274b86fc8	catalog_horse_racing	2026	horse_racing		not_tagged			tournament			mixed	horse_racing:2026 dubai world cup
28.3.2026	RAF 07: Tsarukyan vs. Poullas 2	Wrestling		event-2b9e46c1caa9912641338effa1e42ed6c81bb57929633f719a224f36700d00c8	catalog_wrestling	2026	wrestling		not_tagged			tournament			mixed	wrestling:raf 07: tsarukyan vs. poullas 2
28.3.2026 - 29.3.2026	2026 WSBK Portuguese round	Motorcycle racing		event-2887ebc62aaa3667789a1d60bbc6fb2ec83af1257c73ba21ba86b55f3d1f19bb	catalog_motorcycle_racing	2026	motorcycle_racing		not_tagged			tournament			mixed	motorcycle_racing:2026 wsbk portuguese round
28.3.2026 - 5.4.2026	2026 World Men's Curling Championship	Curling		event-93c33bca9d2f771069ed6abd7f77bbea11a694f2f56a4f011b1ad670c9597e93	catalog_curling	2026	curling		not_tagged			national_championship			male	curling:2026 world men's curling championship
28.3.2026 - 16.4.2026	Candidates Tournament 2026 Women's Candidates Tournament 2026	Chess		event-d008851f902f47cfbcd10b0a318afa76771b5bcc59b5d00c69b1376e8064bd8a	catalog_other	2026	other		not_tagged			tournament			female	other:candidates tournament 2026 women's candidates tournament 2026
28.3.2026 - 18.4.2026	2026 Rugby Europe Women's Championship	Rugby union		event-0cc5290185b8897eb61e81427de8ec6fd582d9a36bf684670ee3bce1faea2739	catalog_rugby	2026	rugby		not_tagged			national_championship			female	rugby:2026 rugby europe women's championship
29.3.2026	2026 Japanese Grand Prix (F1 #3)	Formula racing		event-34ba5eaa8dd4c2fec7d34b6ee38965f2d302c3d522c6da808c0da407b6e50df2	catalog_formula_racing	2026	formula_racing		not_tagged			tournament			mixed	formula_racing:2026 japanese grand prix (f1 #3)
29.3.2026	2026 Motorcycle Grand Prix of the Americas (MotoGP #3)	Motorcycle racing		event-3a0d30324883f1a365dd5442df30181c1c320da9568e43ed09b9dfeeaad36c5c	catalog_motorcycle_racing	2026	motorcycle_racing		not_tagged			tournament			mixed	motorcycle_racing:2026 motorcycle grand prix of the americas (motogp #3)
30.3.2026 - 5.4.2026	2026 Tour Championship (Players Series #3)	Snooker		event-92a5669fdb6d14137dfaca90d111c93b591dae57686a3c04285900be23760434	catalog_snooker	2026	snooker		not_tagged			national_championship			mixed	snooker:2026 tour championship (players series #3)
30.3.2026 - 5.4.2026	2026 ITTF Men's World Cup 2026 ITTF Women's World Cup	Table tennis		event-a51068df22e6f4adeb66ae9aa4c5766934b9c8e69a2dd5bfdf77034b01232f4b	catalog_table_tennis	2026	table_tennis		not_tagged			tournament			female	table_tennis:2026 ittf men's world cup 2026 ittf women's world cup
1.4.2026 - 5.4.2026	2026 FIBA 3x3 Asia Cup	3x3 basketball		event-6b607e5d4facfd71289d4ecfce6d6a6d897a6f7bf45e43a3f256a490e0fd2abc	catalog_other	2026	other		not_tagged			tournament			mixed	other:2026 fiba 3x3 asia cup
1.4.2026 - 6.4.2026	2026 Women's Euro Hockey League	Field hockey		event-f676d9a63f473320a2ffc341d8df99acf9804f44b56bcf591337b5262229836c	catalog_field_hockey	2026	field_hockey		not_tagged			tournament			female	field_hockey:2026 women's euro hockey league
1.4.2026 - 9.4.2026	2026 Junior and Cadet Fencing World Championships	Fencing		event-d1bc0adbed9c061bbf61af0dd625825bf863a8d49c58f0a186866b54157ad049	catalog_fencing	2026	fencing		not_tagged			national_championship			mixed	fencing:2026 junior and cadet fencing world championships
1.4.2026 - 18.4.2026	2026 AFC U-20 Women's Asian Cup	Association football		event-8b730ff4cea71a8155859807903db07f6f47b28043d5a9dd5ad0f7b81f96276a	catalog_football	2026	football		not_tagged			tournament			female	football:2026 afc u-20 women's asian cup
2.4.2026 - 6.4.2026	2026 Men's Euro Hockey League Final8	Field hockey		event-2b37d1c1cbb7d774c344f9cc03055f0042a93101a419f2614d78710155f07f25	catalog_field_hockey	2026	field_hockey		not_tagged			cup_final			male	field_hockey:2026 men's euro hockey league final8
2.4.2026 - 9.4.2026	2026 EuroCup Women final	Basketball		event-d75e27f80ba9da9fe09dc532cb3347a8da42fc96d2dbc647f8d2532e78fd5a44	catalog_basketball	2026	basketball		not_tagged			cup_final			female	basketball:2026 eurocup women final
4.4.2026 - 5.4.2026	2026 GT World Challenge Asia (Malaysia round #1)	Endurance racing		event-3c7ea815571f2479d6048eabd8320d372a568ff4598756904570e91f3d2549c5	catalog_endurance_racing	2026	endurance_racing		not_tagged			tournament			mixed	endurance_racing:2026 gt world challenge asia (malaysia round #1)
5.4.2026	2026 Tour of Flanders (Monument #2)	Road bicycle racing		event-0656eaa2dce5fd6c9b898255bb66e19560e8f83f6a9551dfe492b4a63d7c6867	catalog_cycling	2026	cycling		not_tagged			tournament			male	cycling:2026 tour of flanders (monument #2)
5.4.2026 - 12.4.2026	2026 Monte-Carlo Masters	Tennis		event-117d5b2d1f93d08124e31c15cf52590d22dd1d737762a7fc965bbe7fa3b943ad	catalog_tennis	2026	tennis		not_tagged			tournament			mixed	tennis:2026 monte-carlo masters
6.4.2026 - 12.4.2026	2026 Asian Wrestling Championships	Wrestling		event-dd3bfd6a507cef070306e026e3515020635e55dce43d703de1b5a654d2b5cc7b	catalog_wrestling	2026	wrestling		not_tagged			national_championship			mixed	wrestling:2026 asian wrestling championships
6.4.2026 - 18.4.2026	2026 Men's Junior Pan American Championship 2026 Women's Junior Pan American Championship	Field hockey		event-ab7f9a4bd8f53eaeceed7ad158030de1665e37e70dbb0691abf42e5b4c7cecd3	catalog_field_hockey	2026	field_hockey		not_tagged			national_championship			female	field_hockey:2026 men's junior pan american championship 2026 women's junior pan american championship
7.4.2026 - 10.4.2026	2026 Pan Am Badminton Championships	Badminton		event-d32cb65d4279746c603b410cda0ca827f4ade7cc553d1baf2e49016b8103e0c4	catalog_badminton	2026	badminton		not_tagged			national_championship			mixed	badminton:2026 pan am badminton championships
7.4.2026 - 12.4.2026	2026 Badminton Asia Championships	Badminton		event-a54507ad579c1088c97d059fa2300b5ae8f1603487cc81d0754a0d94e744ba14	catalog_badminton	2026	badminton		not_tagged			national_championship			mixed	badminton:2026 badminton asia championships
7.4.2026 - 12.4.2026	2026 European Badminton Championships	Badminton		event-af33b5bf3a01efe12162be160f7acfa31796d704b3e9294eab960334fd6d1e76	catalog_badminton	2026	badminton		not_tagged			national_championship			mixed	badminton:2026 european badminton championships
8.4.2026 - 12.4.2026	2026 World Climbing Asia Championship	Climbing		event-980807b4ff602890f5f2e3f3b8fcb32a6f18fb62560d545d957ba44a463d16a4	catalog_other	2026	other		not_tagged			national_championship			mixed	other:2026 world climbing asia championship
8.4.2026 - 12.4.2026	2026 FEI World Cup Finals (show jumping and dressage)	Equestrian		event-69152d8522464a2cafd5a19446f6d7f18bedb9e82156b6bb25f66ef167e897b9	catalog_other	2026	other		not_tagged			cup_final			mixed	other:2026 fei world cup finals (show jumping and dressage)
8.4.2026 - 12.4.2026	2026 European Trampoline Championships	Gymnastics		event-ccf1cc4adb28109c7d5afa48dad6503dcf9cd1540e5fff3fa6dd98f1525f9754	catalog_other	2026	other		not_tagged			national_championship			mixed	other:2026 european trampoline championships
9.4.2026 - 12.4.2026	2026 Masters Tournament	Golf		event-6703591e9aa59ca42356b5f947782d7b8d8bbcb26fb697263a321e98e3d93887	catalog_golf	2026	golf		not_tagged			tournament			male	golf:2026 masters tournament
9.4.2026 - 12.4.2026	2026 Croatia Rally (WRC #4)	Rallying		event-9b9dad2f3276febfb524626351784b87849536f6f081582d16855c33680fd6ee	catalog_rallying	2026	rallying		not_tagged			tournament			mixed	rallying:2026 croatia rally (wrc #4)
10.4.2026 - 12.4.2026	2026 ARRC Malaysia round	Motorcycle racing		event-2df2e49061c1356bfbe5ac562b0658c7002519dd2a0f50a3d2608089b34f0191	catalog_motorcycle_racing	2026	motorcycle_racing		not_tagged			tournament			mixed	motorcycle_racing:2026 arrc malaysia round
11.4.2026	2026 Grand National	Horse racing		event-fc93698564465877aadf94c8eb9fef673027936af009462818e7b0dd1ad3de5b	catalog_horse_racing	2026	horse_racing		not_tagged			tournament			mixed	horse_racing:2026 grand national
11.4.2026	UFC 327: Procházka vs. Ulberg	Mixed martial arts		event-fc0d38ea6e64946d113a024f691d8778a1767eb77d2c88b71254f5128ce5f855	catalog_mixed_martial_arts	2026	mixed_martial_arts		not_tagged			tournament			mixed	mixed_martial_arts:ufc 327: procházka vs. ulberg
11.4.2026 - 24.4.2026	2026 CAVB Women's African Club Championship	Volleyball		event-ba5cacc45101b64908489f35b0dabfaaff5abbdc97004e23ee3a716e8a3aadf3	catalog_volleyball	2026	volleyball		not_tagged			national_championship			female	volleyball:2026 cavb women's african club championship
11.4.2026 - 17.5.2026	2026 Women's Six Nations Championship	Rugby union		event-e70e0b14113717df1596d2aa35a42eb9d10a2c91903bf05430613853407993aa	catalog_rugby	2026	rugby		not_tagged			national_championship			female	rugby:2026 women's six nations championship
11.4.2026 - 26.7.2026	2026 All-Ireland Senior Football Championship	Gaelic football		event-4690161c8d0344975fe7210d3018fe59d63683f63d755a17c2e6b83a0459ffa0	catalog_other	2026	other		not_tagged			national_championship			mixed	other:2026 all-ireland senior football championship
12.4.2026	2026 Bahrain Grand Prix (F1) #4	Formula racing		event-f539c000ed9c73a406a4bcdb7b469c48b840e54090bc2a416c4cb220b1b63240	catalog_formula_racing	2026	formula_racing		not_tagged			tournament			mixed	formula_racing:2026 bahrain grand prix (f1) #4
12.4.2026	2026 World Athletics Race Walking Team Championships	Race walking		event-9e90de5e7a3c9a6f651973c42913402881658c966d299aaa693fb4f80d8cb1a7	catalog_other	2026	other		not_tagged			national_championship			mixed	other:2026 world athletics race walking team championships
12.4.2026	2026 Paris–Roubaix (Monument #3)	Road bicycle racing		event-6df53813e9ed5b567a98470f311e38825616f97c797daba1aac3ff50d608f945	catalog_cycling	2026	cycling		not_tagged			tournament			male	cycling:2026 paris–roubaix (monument #3)
12.4.2026 - 17.4.2026	2026 World Junior Taekwondo Championships	Taekwondo		event-135251b35939b4bca9befc8cd1b28935c960c75d2bf9a0fb1c7210502c884193	catalog_other	2026	other		not_tagged			national_championship			mixed	other:2026 world junior taekwondo championships
12.4.2026 - 25.4.2026	2026 South American Youth Games	Multi-sport		event-a38dfb30db9e3ff2effdbd73eb856f7dc81e561c2deb3fb6a0580f2e3735ebe9	catalog_other	2026	other		not_tagged			tournament			mixed	other:2026 south american youth games
15.4.2026 - 19.4.2026	2026 EuroLeague Women Final Six	Basketball		event-2992a23c1e36cd9301a454806ed3b226967c24c86c1a854498effe173f16c989	catalog_basketball	2026	basketball		not_tagged			cup_final			female	basketball:2026 euroleague women final six
16.4.2026 - 19.4.2026	2026 Asian Judo Championships	Judo		event-2fb01f4fde4688c4b0e08a43a2060494c6b9b98d6dd1568957e20bfbd8f6c7ac	catalog_judo	2026	judo		not_tagged			national_championship			mixed	judo:2026 asian judo championships
16.4.2026 - 19.4.2026	2026 European Judo Championships	Judo		event-9112e092bc74608c24303d6d8f6086c2990f649baf710a63e465c82fe0a3dbc6	catalog_judo	2026	judo		not_tagged			national_championship			mixed	judo:2026 european judo championships
16.4.2026 - 19.4.2026	2026 Pan American Judo Championships	Judo		event-f70b888f725bab4d26dcde0ac55224be3b4c904d7468c922c47766fb45e2a0f1	catalog_judo	2026	judo		not_tagged			national_championship			mixed	judo:2026 pan american judo championships
18.4.2026	2026 Copa del Rey final	Association football		event-2ddbc7a41b818d4e94b57e0eab7aeaafa55d3d97e42e531e1c778251b910567f	catalog_football	2026	football		not_tagged			cup_final			mixed	football:2026 copa del rey final
18.4.2026	RAF 08: Tsarukyan vs. Faber	Wrestling		event-75f721887988a97151e0f7bdb658945e094053d45ce0be8ffc834bb884f00a44	catalog_wrestling	2026	wrestling		not_tagged			tournament			mixed	wrestling:raf 08: tsarukyan vs. faber
18.4.2026 - 19.4.2026	2026 WSBK Dutch round	Motorcycle racing		event-8d05cd7b2af910e49c08830d204daa279482648678dd09763425c87a96f017e0	catalog_motorcycle_racing	2026	motorcycle_racing		not_tagged			tournament			mixed	motorcycle_racing:2026 wsbk dutch round
18.4.2026 - 4.5.2026	2026 World Snooker Championship	Snooker		event-a75ff96f88f0f6dd45195a3357f222c5e37eeb600f9859979da042dae2764a2c	catalog_snooker	2026	snooker		not_tagged			national_championship			mixed	snooker:2026 world snooker championship
18.4.2026 - 14.6.2026	2026 Stanley Cup playoffs	Ice hockey		event-9cae63f82bc354941793d1e7c87ce8761dbda177ca8a794ec073adf3fdd2e9f7	catalog_ice_hockey	2026	ice_hockey		not_tagged			tournament			mixed	ice_hockey:2026 stanley cup playoffs
18.4.2026 - 19.7.2026	2026 All-Ireland Senior Hurling Championship	Hurling		event-f69f8ab1e21dc1f11cfa70683794cfdef67e7db8221b7269a0792048c2e34cae	catalog_other	2026	other		not_tagged			national_championship			mixed	other:2026 all-ireland senior hurling championship
19.4.2026	2026 KNVB Cup final	Association football		event-1cbd97547f57c3bdb5c0a2b3fb03c2fa9481af924a811d68a0f05c216d3b3c16	catalog_football	2026	football		not_tagged			cup_final			mixed	football:2026 knvb cup final
19.4.2026	2026 6 Hours of Imola (WEC #1)	Endurance racing		event-6f23b638d744b690337b5befe02ad4e03eb13a0873965945cf6af36f1f3fb6ad	catalog_endurance_racing	2026	endurance_racing		not_tagged			tournament			mixed	endurance_racing:2026 6 hours of imola (wec #1)
19.4.2026	2026 Saudi Arabian Grand Prix (F1) #5	Formula racing		event-a545cd48fc236a99ec00a0880f2e72423eeb2d3020d9f2dd015d10127e1c08f6	catalog_formula_racing	2026	formula_racing		not_tagged			tournament			mixed	formula_racing:2026 saudi arabian grand prix (f1) #5
19.4.2026 - 26.4.2026	2026 European Weightlifting Championships	Weightlifting		event-441e7a76546c5be7986c46abc9581450f365fd69832bf45606cdbf699179ed6e	catalog_weightlifting	2026	weightlifting		not_tagged			national_championship			mixed	weightlifting:2026 european weightlifting championships
20.4.2026	2026 Boston Marathon (WMM #2)	Marathon		event-3538aef757eb91d1d85508f25898245da860eaead4390a7c2f14f651e10d5b48	catalog_marathon	2026	marathon		not_tagged			tournament			mixed	marathon:2026 boston marathon (wmm #2)
20.4.2026 - 26.4.2026	2026 IKF World Kempo Championship	Kempo		event-ee7ed874aa061d19302c9e379bd827b516cc5d3482d69b85da7debd31c82d34b	catalog_other	2026	other		not_tagged			national_championship			mixed	other:2026 ikf world kempo championship
20.4.2026 - 26.4.2026	2026 European Wrestling Championships	Wrestling		event-f88bac5503b0dfc5e2d75a594cabe8b456d35a38c741e24047874629f7692edf	catalog_wrestling	2026	wrestling		not_tagged			national_championship			mixed	wrestling:2026 european wrestling championships
20.4.2026 - 3.5.2026	2026 CAVB African Volleyball Club Championships	Volleyball		event-eb447cbcbb7185981fa4a03ceb7909dfd74fcc418059b1a63151a3a33911df26	catalog_volleyball	2026	volleyball		not_tagged			national_championship			mixed	volleyball:2026 cavb african volleyball club championships
22.4.2026 - 29.4.2026	2026 FIBA Europe Cup Finals	Basketball		event-a3c168a8d8c2e397cc5c8e0afe65924996b5ce566a742c797d8cb02b39cdcaaa	catalog_basketball	2026	basketball		not_tagged			cup_final			mixed	basketball:2026 fiba europe cup finals
22.4.2026 - 30.4.2026	2026 Asian Beach Games	Multi-sport		event-a350902efabe871e08ffd2e115ce8e823155c17ec289101fb02b8fd1f21c6f47	catalog_other	2026	other		not_tagged			tournament			mixed	other:2026 asian beach games
22.4.2026 - 1.5.2026	2026 EuroCup Finals	Basketball		event-4fca0d30a86eafa346d80745d667bffac1f00b0e5ae0c2652e531e7927362ad7	catalog_basketball	2026	basketball		not_tagged			cup_final			mixed	basketball:2026 eurocup finals
22.4.2026 - 2.5.2026	2026 IIHF World U18 Championships	Ice hockey		event-05db9e9e3af157bd98e3e01fe35acf9436fcbce72eb3c71510174a241631ced3	catalog_ice_hockey	2026	ice_hockey		not_tagged			national_championship			mixed	ice_hockey:2026 iihf world u18 championships
22.4.2026 - 3.5.2026	2026 Madrid Open	Tennis		event-52b63b3bf0dfb4252f4e0ccd880e06f5ea89d6d151be477af86ca00ddf31a19d	catalog_tennis	2026	tennis		not_tagged			tournament			mixed	tennis:2026 madrid open
23.4.2026 - 25.4.2026	2026 NFL draft	American football		event-d10269a42aed90d0d8d69692cf5d8d140159e0de91a7cc9381141e94e9879da5	nfl	2026	american_football		not_tagged			tournament			mixed	american_football:2026 nfl draft
23.4.2026 - 26.4.2026	2026 Chevron Championship	Golf		event-16c35c2b4269438475e44aea9e7ec33ace84b04538a0bbe33d5d87f9fbd791b9	catalog_golf	2026	golf		not_tagged			national_championship			mixed	golf:2026 chevron championship
23.4.2026 - 26.4.2026	2026 Rally Islas Canarias (WRC #5)	Rallying		event-5c121eff576a2b2761aa0dffaedef1bde726242eeedb0848ee46043b3c5f688d	catalog_rallying	2026	rallying		not_tagged			tournament			mixed	rallying:2026 rally islas canarias (wrc #5)
24.4.2026 - 27.4.2026	2026 African Beach Handball Championship	Beach Handball		event-c43b248d7b741b5df5c166cea147fed0dedf79c7777f010b7b291a10a5dbe753	catalog_handball	2026	handball		not_tagged			national_championship			mixed	handball:2026 african beach handball championship
24.4.2026 - 3.5.2026	2026 Thomas & Uber Cup	Badminton		event-73e5efca8431ab66eaef553ce0250ea6040afe7f43ee0c9829a776036c7993a3	catalog_badminton	2026	badminton		not_tagged			tournament			mixed	badminton:2026 thomas & uber cup
25.4.2026	2026 AFC Champions League Elite final	Association football		event-0dd8c3a9dd7d487ccd47625c793acd2c96dda6688adf64dd023159cc2461fb38	catalog_football	2026	football		not_tagged			cup_final			mixed	football:2026 afc champions league elite final
25.4.2026 - 1.5.2026	2026 UEFA Women's Europa Cup final	Association football		event-9734155761fda442e044ffd8c4a1e39e146e22b0bd85ac5451fc21e71067fee2	catalog_football	2026	football		not_tagged			cup_final			female	football:2026 uefa women's europa cup final
25.4.2026 - 2.5.2026	2026 World Mixed Doubles Curling Championship	Curling		event-e969b64d866cf9da4aba6e281ff0f00052970a017556c66d01eb57daaee1120c	catalog_curling	2026	curling		not_tagged			national_championship			mixed	curling:2026 world mixed doubles curling championship
25.4.2026 - 3.5.2026	2026 U-23 Men's Softball World Cup	Softball		event-e46ad7933441c39c19e7491064a9319d1d49fc49e9fb41c2254eb0b0ada93ba7	catalog_softball	2026	softball		not_tagged			tournament			male	softball:2026 u-23 men's softball world cup
26.4.2026	2026 London Marathon (WMM #3)	Marathon		event-cde2d24888c981105a23ffb2e45c3e9e245378fbe351d983500dd2da6e3bca51	catalog_marathon	2026	marathon		not_tagged			tournament			mixed	marathon:2026 london marathon (wmm #3)
26.4.2026	2026 Spanish motorcycle Grand Prix (MotoGP #4)	Motorcycle racing		event-9f49731174d4efbac72ef71932b1f55cd2cf2e56263321606b6dfd5baf90b68c	catalog_motorcycle_racing	2026	motorcycle_racing		not_tagged			tournament			mixed	motorcycle_racing:2026 spanish motorcycle grand prix (motogp #4)
26.4.2026	2026 Liège–Bastogne–Liège (Monument #4)	Road bicycle racing		event-e0103bbc1e6b584b24f7668b34ebab2db2d826edd336ab8d7d03eac009157868	catalog_cycling	2026	cycling		not_tagged			tournament			male	cycling:2026 liège–bastogne–liège (monument #4)
26.4.2026 - 30.4.2026	2026 AVC Women's Volleyball Champions League	Volleyball		event-7f2bb90c2160ca1af15960fd1e83e9126facd1b6532980d9adef3abe64ef7f86	catalog_volleyball	2026	volleyball		not_tagged			tournament			female	volleyball:2026 avc women's volleyball champions league
27.4.2026 - 30.4.2026	2026 Pan American Weightlifting Championships	Weightlifting		event-2a1340c545476ae892be5d0d77bbf2edb16b068c4916030c0cceecfa1ce0f433	catalog_weightlifting	2026	weightlifting		not_tagged			national_championship			mixed	weightlifting:2026 pan american weightlifting championships
27.4.2026 - 1.5.2026	2026 Oceania Weightlifting Championships 2026 Oceania Junior Weightlifting Championships 2026 Oceania Youth Weightlifting Championships	Weightlifting		event-2aa85d8c93b604d63cf4b6e2f5b2da2b590c3733f90023d3041884512abff01d	catalog_weightlifting	2026	weightlifting		not_tagged			national_championship			mixed	weightlifting:2026 oceania weightlifting championships 2026 oceania junior weightlifting championships 2026 oceania youth weightlifting championships
27.4.2026 - 3.5.2026	2026 IIHF U18 Asia Cup	Ice hockey		event-039f756dcbe856f06d86fdab5d5c48580f54ee9862299a02aca7309961c05b5e	catalog_ice_hockey	2026	ice_hockey		not_tagged			tournament			mixed	ice_hockey:2026 iihf u18 asia cup
27.4.2026 - 9.5.2026	2026 U20 Rugby Championship	Rugby union		event-2d343d9b7be468e162797a71e009db1b5651e1d4e16da065a72bbc0dde30ce96	catalog_rugby	2026	rugby		not_tagged			national_championship			mixed	rugby:2026 u20 rugby championship
28.4.2026 - 10.5.2026	2026 World Team Table Tennis Championships	Table tennis		event-8084389585f263d76b7381d774f46f1e90f9fec6fe375e2d06491ee664ffa070	catalog_table_tennis	2026	table_tennis		not_tagged			national_championship			mixed	table_tennis:2026 world team table tennis championships
30.4.2026 - 2.5.2026	2026 African Rhythmic Gymnastics Championships	Rhythmic gymnastics		event-1acc00cdf43d0c7a75625e4314a7372df907d1fd858e423fbe816cc697152051	catalog_other	2026	other		not_tagged			national_championship			mixed	other:2026 african rhythmic gymnastics championships
30.4.2026 - 3.5.2026	2026 Rhythmic Gymnastics European Cup	Rhythmic gymnastics		event-2022f5ded3ff9461e7bc348ce80434a6944eca2a4fe3eaa7ce6cbe4d13dead79	catalog_other	2026	other		not_tagged			tournament			mixed	other:2026 rhythmic gymnastics european cup
30.4.2026 - 20.5.2026	2026 Walter Cup playoffs	Ice hockey		event-d7132ff8311df1c05dea41da5a23eceb24a33664b830e688fd96af0239b87f4c	catalog_ice_hockey	2026	ice_hockey		not_tagged			tournament			mixed	ice_hockey:2026 walter cup playoffs
1.5.2026 - 17.5.2026	2026 AFC U-17 Women's Asian Cup	Association football		event-ee3d5e9061763b084f403f10c4598a51be25e0cbf1c4f88e847258a0fb8fb010	catalog_football	2026	football		not_tagged			tournament			female	football:2026 afc u-17 women's asian cup
2.5.2026	2026 Kentucky Derby	Horse racing		event-17ece075409d76a278120f7dcbaf77bc59a79f5ef8695c4398f1909081755029	catalog_horse_racing	2026	horse_racing		not_tagged			tournament			mixed	horse_racing:2026 kentucky derby
2.5.2026 - 3.5.2026	2026 World Athletics Relays	Athletics		event-b19491bb0da1f51ce1b3ecf310ad2b577cffc2f1f0c20b36d1f9ca85010c4613	catalog_athletics	2026	athletics		not_tagged			tournament			mixed	athletics:2026 world athletics relays
2.5.2026 - 3.5.2026	2026 GT World Challenge Asia (Indonesia round #2)	Endurance racing		event-c14d437a6a4b984bb5fabbe75ec895503cde02eb68c871a711e48d72b69723a5	catalog_endurance_racing	2026	endurance_racing		not_tagged			tournament			mixed	endurance_racing:2026 gt world challenge asia (indonesia round #2)
2.5.2026 - 3.5.2026	2026 WSBK Hungarian round	Motorcycle racing		event-9f24e4951182c6f38e9a5930ada9b10b6f17ff881b3a658f703959c0140328ee	catalog_motorcycle_racing	2026	motorcycle_racing		not_tagged			tournament			mixed	motorcycle_racing:2026 wsbk hungarian round
2.5.2026 - 3.5.2026	2026 CEV Women's Champions League Final Four	Volleyball		event-cfc006139e06165c3f1d0cde05c75494c839aeaf150a4a078081f6d12c816ad6	catalog_volleyball	2026	volleyball		not_tagged			cup_final			female	volleyball:2026 cev women's champions league final four
2.5.2026 - 8.5.2026	2026 World Junior Weightlifting Championships	Weightlifting		event-4dcffee8855e7b8a34f61a72e35f8a2f1b5fac1d3fd37a2b79ba39774e2af503	catalog_weightlifting	2026	weightlifting		not_tagged			national_championship			mixed	weightlifting:2026 world junior weightlifting championships
3.5.2026	2026 Miami Grand Prix (F1 #4)	Formula racing		event-b1d66377664c8b6b00dea753de13788b72c94367caa71a16a33e07c072561ba2	catalog_formula_racing	2026	formula_racing		not_tagged			tournament			mixed	formula_racing:2026 miami grand prix (f1 #4)
3.5.2026 - 9.5.2026	2026 La Vuelta Femenina	Road bicycle racing		event-a993237f27315d66d04a896df622eb96677e26c1d96236a16274b2a2b40d8898	catalog_cycling	2026	cycling		not_tagged			tournament			male	cycling:2026 la vuelta femenina
4.5.2026 - 17.5.2026	2026 UEFA Women's Under-17 Championship	Association football		event-38e696b1b5f0cdbe358f7bcf72e155d120f2450a845fb9ede0bedac1391e71bd	catalog_football	2026	football		not_tagged			national_championship			female	football:2026 uefa women's under-17 championship
5.5.2026 - 10.5.2026	2026 World Junior Mixed Doubles Curling Championship	Curling		event-1a59b615bd0f9d238abf54e7c8c6bcc9bec0170b6fdca5f0fdcc7d4ac98cdc7b	catalog_curling	2026	curling		not_tagged			national_championship			mixed	curling:2026 world junior mixed doubles curling championship
5.5.2026 - 10.5.2026	2026 African Swimming Championships	Swimming		event-232aeb97fbfa85beb0866d89c3985d5a3ad0feeced147d8ee387e349cd1efb7b	catalog_swimming	2026	swimming		not_tagged			national_championship			mixed	swimming:2026 african swimming championships
5.5.2026 - 17.5.2026	2026 Italian Open	Tennis		event-f20c3844a340073ace50f9b0552f8de21a92508f6547492cbc7efb25ad80f178	catalog_tennis	2026	tennis		not_tagged			tournament			mixed	tennis:2026 italian open
5.5.2026 - 22.5.2026	2026 AFC U-17 Asian Cup	Association football		event-a0b4643560ead3b482115271da8ebb7b139358bf79004ccd1fa901233463be51	catalog_football	2026	football		not_tagged			tournament			mixed	football:2026 afc u-17 asian cup
6.5.2026 - 10.5.2026	2026 Women's U-19 World Floorball Championships	Floorball		event-8533fd2087faef4bd50371e5156d2e4d99bfbd8a23a8aa14794dcb55832ff679	catalog_other	2026	other		not_tagged			national_championship			female	other:2026 women's u-19 world floorball championships
7.5.2026 - 9.5.2026	2026 Basketball Champions League Final Four	Basketball		event-f9a8c24d377bd214b2c0d37a938174467b78a648eabbda60b2ea4672224ebb82	catalog_basketball	2026	basketball		not_tagged			cup_final			mixed	basketball:2026 basketball champions league final four
7.5.2026 - 10.5.2026	2026 Rally de Portugal (WRC #6)	Rallying		event-348dd4287f3daf5dd2c786a2626be22ca94102d37cdd6a926d6f962787aada9a	catalog_rallying	2026	rallying		not_tagged			tournament			mixed	rallying:2026 rally de portugal (wrc #6)
8.5.2026 - 10.5.2026	2026 UEFA Futsal Champions League Finals	Futsal		event-e916928b38d1b9d15ad358c2a2aab0750a7d5047870681086b6038996c0eafea	catalog_futsal	2026	futsal		not_tagged			cup_final			mixed	futsal:2026 uefa futsal champions league finals
8.5.2026 - 10.5.2026	2026 ARRC Thailand round	Motorcycle racing		event-71b5f1e0afed3e4a9722ea0b2b3cc88e2e58aa749cb0a92495cbe0c1d3f30c19	catalog_motorcycle_racing	2026	motorcycle_racing		not_tagged			tournament			mixed	motorcycle_racing:2026 arrc thailand round
8.5.2026 - 16.5.2026	2026 Men's World Squash Championship 2026 Women's World Squash Championship	Squash		event-bb1829690d1b8b3bda54769975a6c9c0b503290876e1a5dc6c27fb6d60eadc4f	catalog_other	2026	other		not_tagged			national_championship			female	other:2026 men's world squash championship 2026 women's world squash championship
8.5.2026 - 31.5.2026	2026 Giro d'Italia	Road bicycle racing		event-c3c3fb982d8cdc176b764b22647820c2c5d46f265c3dc5f185bd510099ffab27	catalog_cycling	2026	cycling		not_tagged			tournament			mixed	cycling:2026 giro d'italia
9.5.2026	2026 6 Hours of Spa-Francorchamps (WEC #2)	Endurance racing		event-f2f77315155772e5af9da54391512ea3726b4b3d4552563851616ad29ed5ad29	catalog_endurance_racing	2026	endurance_racing		not_tagged			tournament			mixed	endurance_racing:2026 6 hours of spa-francorchamps (wec #2)
9.5.2026	UFC 328: Chimaev vs. Strickland	Mixed martial arts		event-b09d7649f89794540d0211d62c9ca49732601a269fa8d2e262c389e459996247	catalog_mixed_martial_arts	2026	mixed_martial_arts		not_tagged			tournament			mixed	mixed_martial_arts:ufc 328: chimaev vs. strickland
9.5.2026 - 16.5.2026	2026 CAF Confederation Cup final	Association football		event-4844865dbe8f39cb2d21762377e04dee639af258276a083aaafa82646cc11d93	catalog_football	2026	football		not_tagged			cup_final			mixed	football:2026 caf confederation cup final
10.5.2026	2026 Coupe de France Féminine final	Association football		event-1ab36e5c2e9b3837a89738542b82f393f0a2f3ab36427cbc1e365b7b7a4f9c83	coupe_de_france	2026	football		not_tagged			cup_final			mixed	football:2026 coupe de france féminine final
10.5.2026	2026 French motorcycle Grand Prix (MotoGP #5)	Motorcycle racing		event-eb1e3386a7fd0291e928fc91fbc6d9a8cfa7e8444624917eff28a08e58ddb2ca	catalog_motorcycle_racing	2026	motorcycle_racing		not_tagged			tournament			mixed	motorcycle_racing:2026 french motorcycle grand prix (motogp #5)
11.5.2026 - 14.5.2026	2026 European Taekwondo Championships	Taekwondo		event-6d89e477c01d2372f316dad43fcd402c366ee14ff0b2d500d11e572ea8f8fc19	catalog_other	2026	other		not_tagged			national_championship			mixed	other:2026 european taekwondo championships
11.5.2026 - 17.5.2026	2026 Asian Weightlifting Championships	Weightlifting		event-4b49bdee05ada9161c00066e481549bad96d77a4462a50a0d9988694ecf7fd48	catalog_weightlifting	2026	weightlifting		not_tagged			national_championship			mixed	weightlifting:2026 asian weightlifting championships
12.5.2026 - 16.5.2026	2026 Nor.Ca. Men's Handball Championship	Handball		event-4148b4160ce3f7093f17af01e951deda5da30d4811746baa81cd3530c7e44632	catalog_handball	2026	handball		not_tagged			national_championship			male	handball:2026 nor.ca. men's handball championship
12.5.2026 - 16.5.2026	2026 African Weightlifting Championships	Weightlifting		event-aa010bf113da099ce99408af4c33fcaaa115214754b2f390f6d151118fea2e58	catalog_weightlifting	2026	weightlifting		not_tagged			national_championship			mixed	weightlifting:2026 african weightlifting championships
12.5.2026 - 17.5.2026	2026 African Championships in Athletics	Athletics		event-0559b98d821259508a4f625601ba4fdef5450ee24787fcc8799fae3ad6216160	catalog_athletics	2026	athletics		not_tagged			national_championship			mixed	athletics:2026 african championships in athletics
12.5.2026 - 19.5.2026	2026 World Women's Snooker Championship	Snooker		event-3878c774fdb9e064ed460d3b8e6cb240bd557268df2307be12d59f25fbd24d5a	catalog_snooker	2026	snooker		not_tagged			national_championship			female	snooker:2026 world women's snooker championship
13.5.2026	2026 AFC Challenge League final	Association football		event-63c9f605793c3848014ef785ea080e8d76802c7f032881637d44401e0ca61f34	catalog_football	2026	football		not_tagged			cup_final			mixed	football:2026 afc challenge league final
13.5.2026	2026 Coppa Italia final	Association football		event-f44d86f6e1525d357e5fc0e8be865ca0008cf8f668e36d891074f644d94e2a97	coppa_italia	2026	football		not_tagged			cup_final			mixed	football:2026 coppa italia final
13.5.2026 - 17.5.2026	2026 AVC Men's Volleyball Champions League	Volleyball		event-4f59b78ab9e64fff9a1adceb3bfbddb2e845d790094aa9e751992850653b3b1b	catalog_volleyball	2026	volleyball		not_tagged			tournament			male	volleyball:2026 avc men's volleyball champions league
13.5.2026 - 2.6.2026	2026 U-17 Africa Cup of Nations	Association football		event-a80b98e6dae578c46bd6d241abb77b7107f57b6d1f94608cfea1b1cf674e9a3f	catalog_football	2026	football		not_tagged			tournament			mixed	football:2026 u-17 africa cup of nations
14.5.2026	2026 DFB-Pokal der Frauen final	Association football		event-62ffa0cedb449ee3e54a36876e9447bca6195ff9c96622bf624aabd9d1ff41b4	catalog_football	2026	football		not_tagged			cup_final			mixed	football:2026 dfb-pokal der frauen final
14.5.2026 - 17.5.2026	2026 PGA Championship	Golf		event-8521e4d9a3279d9188030cc55a4881f77c4ec2f5a53fde4f010faf09a20f996a	catalog_golf	2026	golf		not_tagged			national_championship			mixed	golf:2026 pga championship
15.5.2026 - 31.5.2026	2026 IIHF World Championship	Ice Hockey		event-944048a136b21c598208ad03fc1e61af60dd3be0d05b4cb600a928e591a5cedb	catalog_ice_hockey	2026	ice_hockey		not_tagged			national_championship			mixed	ice_hockey:2026 iihf world championship
16.5.2026	2026 AFC Champions League Two final	Association football		event-d443760f2cee56d77c7ed8f8c5283123f74a7eb332ae8cca659d43582aa0619d	catalog_football	2026	football		not_tagged			cup_final			mixed	football:2026 afc champions league two final
16.5.2026	2026 Copa de la Reina de Fútbol final	Association football		event-49876804a3391e7ce433239591eb7d0e868641546fce789e14b5fa4dfe3e0316	catalog_football	2026	football		not_tagged			cup_final			mixed	football:2026 copa de la reina de fútbol final
16.5.2026	2026 FA Cup final	Association football		event-21dc8aeabe570d42d6e9d80af30c0c69f1a6f8a1514daa4b1bc95a25b423e6d5	catalog_football	2026	football		not_tagged			cup_final			mixed	football:2026 fa cup final
16.5.2026	2026 KNVB Women's Cup final	Association football		event-fc3576e394dc1497b7ae61adda30ec37a60b770abce391a9f3cc8b2c8d945433	catalog_football	2026	football		not_tagged			cup_final			female	football:2026 knvb women's cup final
16.5.2026	2026 Preakness Stakes	Horse racing		event-c0088909e68d732b059adc760db4eea2362d2e0792a6208bf7c9ce6b306f09f2	catalog_horse_racing	2026	horse_racing		not_tagged			tournament			mixed	horse_racing:2026 preakness stakes
16.5.2026	MVP MMA: Rousey vs. Carano	Mixed martial arts		event-576c57eb457b7f1e9126ad6e53271d2cbc60bec30a1ad6b46a3ca21a7240f9c5	catalog_mixed_martial_arts	2026	mixed_martial_arts		not_tagged			tournament			mixed	mixed_martial_arts:mvp mma: rousey vs. carano
16.5.2026 - 17.5.2026	2026 WSBK Czech round	Motorcycle racing		event-90c6d1d079f65c9e348687feaf22601c0e57776e5a6c03b20eb1be9f00d1aa34	catalog_motorcycle_racing	2026	motorcycle_racing		not_tagged			tournament			mixed	motorcycle_racing:2026 wsbk czech round
16.5.2026 - 17.5.2026	2026 CEV Champions League Final Four	Volleyball		event-3e60ceaa75219f60bbdf1c78a2f1d20e6063c954d068c66fb28f71a5db9a1c02	catalog_volleyball	2026	volleyball		not_tagged			cup_final			mixed	volleyball:2026 cev champions league final four
16.5.2026 - 23.5.2026	TM ISTAF Sepaktakraw World Cup 2026	Sepak takraw		event-4b8cd81e3ab6c5f978fcb1657211ef911451ee92da9c6337205f7cf5b3430256	catalog_other	2026	other		not_tagged			tournament			mixed	other:tm istaf sepaktakraw world cup 2026
16.5.2026 - 9.8.2026	2026 All-Ireland Senior Camogie Championship	Camogie		event-0d4d18b798480c2506eb9be8c910d0708527475a36e0a6068c28ebdd6c750e3b	catalog_other	2026	other		not_tagged			national_championship			mixed	other:2026 all-ireland senior camogie championship
17.5.2026	2026 Catalan motorcycle Grand Prix (MotoGP #6)	Motorcycle racing		event-6a01f5c12c975b3bf4eddd956e8151b543b6a55fa6e3da074e289917d66f65ba	catalog_motorcycle_racing	2026	motorcycle_racing		not_tagged			tournament			mixed	motorcycle_racing:2026 catalan motorcycle grand prix (motogp #6)
17.5.2026 - 24.5.2026	2026 CAF Champions League final	Association football		event-586be0172f7294cc91825dea06b0434659375dab29047dfc2b7c28664a59f306	catalog_football	2026	football		not_tagged			cup_final			mixed	football:2026 caf champions league final
18.5.2026 - 24.5.2026	2026 European Archery Championships	Archery		event-f4f4e6af27324d09e2aa58c54eef8241bd760cdd9213126874e12097a28d1b0c	catalog_archery	2026	archery		not_tagged			national_championship			mixed	archery:2026 european archery championships
20.5.2026	2026 UEFA Europa League final	Association football		event-b9c93b90e85444bddce95208ce96ed8cc05d48721494a2f3e43059cd6b98bc1e	catalog_football	2026	football		not_tagged			cup_final			mixed	football:2026 uefa europa league final
20.5.2026 - 24.5.2026	2026 European Karate Championships	Karate		event-b97fd74a221398927445eb7de80eb95486b9e5b28d9c5250e33223ac4ccbb74d	catalog_other	2026	other		not_tagged			national_championship			mixed	other:2026 european karate championships
22.5.2026	2026 Coupe de France final	Association football		event-5aa653f6815094a858b6383ec6ffbb0b80e15f73859af3d5f693898f83ef6cce	coupe_de_france	2026	football		not_tagged			cup_final			mixed	football:2026 coupe de france final
22.5.2026	2026 Turkish Cup final	Association football		event-2c91211a2654864144d929fd7ef01eccfd52df49b9e0f056c6fb1e92f7dcf487	catalog_football	2026	football		not_tagged			cup_final			mixed	football:2026 turkish cup final
22.5.2026 - 24.5.2026	2026 EuroLeague Final Four	Basketball		event-229b816cd40ced301521114330718385d1a44dd440f39d6f56617c8f94a57a84	catalog_basketball	2026	basketball		not_tagged			cup_final			mixed	basketball:2026 euroleague final four
23.5.2026	2026 AFC Women's Champions League final	Association football		event-bb52ab1f88fc9ad0be28dde6e600cbd6aec3dbe09091ff77554ef79522f43c0b	catalog_football	2026	football		not_tagged			cup_final			female	football:2026 afc women's champions league final
23.5.2026	2026 CONCACAF W Champions Cup final	Association football		event-63a8e54a00851673f9563bc48f09abb8694078055b7988fd6d7769993fc410bb	catalog_football	2026	football		not_tagged			cup_final			mixed	football:2026 concacaf w champions cup final
23.5.2026	2026 DFB-Pokal final	Association football		event-b9ef5fa56930b7d073cc525b98e307b7011ab83b0a5a463fc223a2c907fb709c	catalog_football	2026	football		not_tagged			cup_final			mixed	football:2026 dfb-pokal final
23.5.2026	2026 Scottish Cup final	Association football		event-1267dcd189633a520d6a6265e67441a4b0a9f290bdece0d7a9b3b70145d8ae21	scottish_cup	2026	football		not_tagged			cup_final			mixed	football:2026 scottish cup final
23.5.2026	2026 UEFA Women's Champions League final	Association football		event-42e8422d2dbae2eb8709f312b0a57cf9a9a31f654ada150c42a87043d3292c51	catalog_football	2026	football		not_tagged			cup_final			female	football:2026 uefa women's champions league final
23.5.2026	2026 European Rugby Champions Cup final	Rugby union		event-c5cdda34d0cb0f76b7b067ce7a0c19a3263b123b7ec3da94ccbdcf29e0465561	catalog_rugby	2026	rugby		not_tagged			cup_final			mixed	rugby:2026 european rugby champions cup final
23.5.2026 - 24.5.2026	2026 European Rowing U19 Championships	Rowing		event-34bd664a15eb9d6be93e137072ecd3626b4502c60ce165f61a21318937c48344	catalog_rowing	2026	rowing		not_tagged			national_championship			mixed	rowing:2026 european rowing u19 championships
23.5.2026 - 25.5.2026	2026 Men's and Women's Hoofdklasse Hockey finals	Field hockey		event-e0dbe036ad0deab910d0687e7f66fc5d98774d4de8263a70fae23d90c1dc990b	catalog_field_hockey	2026	field_hockey		not_tagged			cup_final			female	field_hockey:2026 men's and women's hoofdklasse hockey finals
23.5.2026 - 26.5.2026	2026 Asian Rhythmic Gymnastics Championships	Rhythmic gymnastics		event-2a1a540f8ac60390eaf153d3aafa6cbdcc728d0e66e27feb6e5418899555b744	catalog_other	2026	other		not_tagged			national_championship			mixed	other:2026 asian rhythmic gymnastics championships
23.5.2026 - 31.5.2026	2026 Rugby Africa Women's Cup	Rugby union		event-ed14df8b924e4865f7dc78424ba6e2fc8f589b4467df5cdc16aff6a05e2737c0	catalog_rugby	2026	rugby		not_tagged			tournament			female	rugby:2026 rugby africa women's cup
24.5.2026	2026 Coppa Italia Femminile final	Association football		event-e98e270ddd655fee7b2f69350fd58ebefbd2825976636e746a2bc2c871827972	coppa_italia	2026	football		not_tagged			cup_final			mixed	football:2026 coppa italia femminile final
24.5.2026	2026 Canadian Grand Prix (F1 #5)	Formula racing		event-390f19cab11de0b937979b9bb9649ee809cedd9fd3d5b30e8ee69cf8fae9668b	catalog_formula_racing	2026	formula_racing		not_tagged			tournament			mixed	formula_racing:2026 canadian grand prix (f1 #5)
24.5.2026 - 31.5.2026	2026 Copa Libertadores de Futsal	Futsal		event-e04de02e4990b1d14b34278de5901faa1c752c0797d92a83e5bba4daf9dfcb04	catalog_futsal	2026	futsal		not_tagged			tournament			mixed	futsal:2026 copa libertadores de futsal
24.5.2026 - 7.6.2026	2026 French Open	Tennis		event-de21a334683999e1fda885a2d40228c285e5f16cedf529f4e841e588ea08a5dd	catalog_tennis	2026	tennis		not_tagged			tournament			mixed	tennis:2026 french open
25.5.2026 - 5.6.2026	2026 SAFF Women's Championship	Association football		event-589e7be3cf590be3661d5c3c95885b12b468c9caf7057f72a46aad703e602f1f	catalog_football	2026	football		not_tagged			national_championship			female	football:2026 saff women's championship
25.5.2026 - 7.6.2026	2026 UEFA European Under-17 Championship	Association football		event-cb2f25d0e5958394f42fd935cebf6d4a8eca32ff2d15420eb124939437975a99	catalog_football	2026	football		not_tagged			national_championship			mixed	football:2026 uefa european under-17 championship
27.5.2026	2026 UEFA Conference League final	Association football		event-3ff613470d109c5dd5422e62b8e7ba0493e3ed72965a12a9c9c0dc52d2dd3c50	catalog_football	2026	football		not_tagged			cup_final			mixed	football:2026 uefa conference league final
27.5.2026 - 31.5.2026	2026 Rhythmic Gymnastics European Championships	Gymnastics		event-3956df9ac55d09b912f9b33a831879461f4157501b7a0a95b62137308b50c306	catalog_other	2026	other		not_tagged			national_championship			mixed	other:2026 rhythmic gymnastics european championships
28.5.2026 - 31.5.2026	2026 Rally Japan (WRC #7)	Rallying		event-2c1fbf63850faf0eb49841f53dc227f91c0d7fdc603d3840f0e9c1b19427dd8c	catalog_rallying	2026	rallying		not_tagged			tournament			mixed	rallying:2026 rally japan (wrc #7)
30.5.2026	2026 CONCACAF Champions Cup final	Association football		event-6bb4d863fe9939fd9e9c6211a8e10ea8810e4292991c08ddcdfd56ff4f48a939	catalog_football	2026	football		not_tagged			cup_final			mixed	football:2026 concacaf champions cup final
30.5.2026	2026 UEFA Champions League final	Association football		event-ce5f6b07c405d7a41216945006b04423448b3488576e2b119530e1fb3cefee44	uefa_champions_league	2026	football		not_tagged			cup_final			mixed	football:2026 uefa champions league final
30.5.2026	RAF 09: Steveson vs. Romanov	Wrestling		event-abbc08f05be279636056068ed09ebbe6bad09158216e3732d6bba216905aa2bf	catalog_wrestling	2026	wrestling		not_tagged			tournament			mixed	wrestling:raf 09: steveson vs. romanov
30.5.2026 - 31.5.2026	2026 WSBK Aragon round	Motorcycle racing		event-763158e9ef9d5fe34e50ceb708dbe5939b49a1c1b135e39bd0c4ea6fd63658af	catalog_motorcycle_racing	2026	motorcycle_racing		not_tagged			tournament			mixed	motorcycle_racing:2026 wsbk aragon round
30.5.2026 - 7.6.2026	2026 Giro d'Italia Women	Road bicycle racing		event-0ee82e8eda82fcad1695ab76d922e5096ad96f4053383167465b3b3e93953ef7	catalog_cycling	2026	cycling		not_tagged			tournament			female	cycling:2026 giro d'italia women
31.5.2026	2026 Scottish Women's Cup final	Association football		event-e7bfbb3f295f8f573b8ee850fffc484e4f0b34b422325ebe9e3a318cab7e6668	catalog_football	2026	football		not_tagged			cup_final			female	football:2026 scottish women's cup final
31.5.2026	2026 Women's FA Cup final	Association football		event-424c857dfcc07813586c52d92bdafa7accfe1be5cefd43ac240d9e2fb516cade	catalog_football	2026	football		not_tagged			cup_final			female	football:2026 women's fa cup final
31.5.2026	2026 Italian motorcycle Grand Prix (MotoGP #7)	Motorcycle racing		event-a973d4ef7599081fe401997243c8b4fdf79001ba41dcf90ab39498697c686f2d	catalog_motorcycle_racing	2026	motorcycle_racing		not_tagged			tournament			mixed	motorcycle_racing:2026 italian motorcycle grand prix (motogp #7)
31.5.2026	2026 Indian Premier League final	T20 Cricket		event-e5cf823c3327454a9a35fff95655e6c3046fcf5658996c4e9c833c4e418f5ef4	catalog_cricket	2026	cricket		not_tagged			cup_final			mixed	cricket:2026 indian premier league final
1.6.2026 - 5.6.2026	2026 African Fencing Championships	Fencing		event-7cd2795d3449aed21139e8df5263062c30bab9bd6136c82742bfc77a8936ab9b	catalog_fencing	2026	fencing		not_tagged			national_championship			mixed	fencing:2026 african fencing championships
1.6.2026 - 7.6.2026	2026 FIBA 3x3 World Cup	3x3 basketball		event-b6f1e94bd8203fe08a159a0c0a2c5ceb9c11f371f12fae0359d79a9e5d8ab8bf	catalog_other	2026	other		not_tagged			tournament			mixed	other:2026 fiba 3x3 world cup
1.6.2026 - 7.6.2026	2026 FIBA U18 AmeriCup	Basketball		event-2446bce27a0d78b5369f9355c0bdbd6f51fe9605738181e503a2477aa566d283	catalog_basketball	2026	basketball		not_tagged			tournament			mixed	basketball:2026 fiba u18 americup
3.6.2026 - 13.6.2026	2026 NBA Finals	Basketball		event-38941d0f1bdaaa88277071b6980d0c28b713b8eb0f4643f5c1433382635f1bce	nba	2026	basketball		not_tagged			cup_final			mixed	basketball:2026 nba finals
4.6.2026 - 7.6.2026	2026 U.S. Women's Open	Golf		event-3e4c83599bac4582da1b7cb693fd72962a45bff9f113808801dfb1a9999e0813	catalog_golf	2026	golf		not_tagged			tournament			female	golf:2026 u.s. women's open
5.6.2026 - 6.6.2026	2026 GT World Challenge Asia (Shanghai round #3)	Endurance racing		event-a0884622184539a2d5fefa1425e0c787d4895d59882afa1acf09c9b2df4efc13	catalog_endurance_racing	2026	endurance_racing		not_tagged			tournament			mixed	endurance_racing:2026 gt world challenge asia (shanghai round #3)
6.6.2026	2026 Belmont Stakes	Horse Racing		event-18671c84daba12e332e8dba9f67fb3e78554577ffad28406c4e2db5c341fc8f4	catalog_horse_racing	2026	horse_racing		not_tagged			tournament			mixed	horse_racing:2026 belmont stakes
6.6.2026 - 7.6.2026	2026 Women's EHF Champions League final 4	Handball		event-d2beb9faa7ddbc5832e1384e2830e5deda123e6bb2213bbee6bee043496f7a3b	catalog_handball	2026	handball		not_tagged			cup_final			female	handball:2026 women's ehf champions league final 4
6.6.2026 - 14.6.2026	2026 AVC Women's Volleyball Cup	Volleyball		event-dec9bd4ded651e0a05282afb7462e45a1ea2ddf802cb0f7f199f1a9f7e6a0541	catalog_volleyball	2026	volleyball		not_tagged			tournament			female	volleyball:2026 avc women's volleyball cup
6.6.2026 - 2.8.2026	2026 All-Ireland Senior Ladies' Football Championship	Gaelic football		event-c54c3f2938abcadf1700f9832552a88e676e28f9cbc83a3bab68ee5c23c2fc30	catalog_other	2026	other		not_tagged			national_championship			female	other:2026 all-ireland senior ladies' football championship
7.6.2026	2026 Monaco Grand Prix (F1) #8	Formula racing		event-bd10db5e0ac91f5fb834295d9861280da7d1eaaff10f78ebb62713aa86a97126	catalog_formula_racing	2026	formula_racing		not_tagged			tournament			mixed	formula_racing:2026 monaco grand prix (f1) #8
7.6.2026	2026 Hungarian motorcycle Grand Prix (MotoGP #8)	Motorcycle racing		event-998708cbfd4054f7698f133382e2436f2ca5693ac0df08768f879804deaf542e	catalog_motorcycle_racing	2026	motorcycle_racing		not_tagged			tournament			mixed	motorcycle_racing:2026 hungarian motorcycle grand prix (motogp #8)
9.6.2026 - 15.6.2026	2026 FIBA U18 Women's AmeriCup	Basketball		event-c2d5a46347a3668864bad7a4042115740a06136cf31558d6fb68657699ff0320	catalog_basketball	2026	basketball		not_tagged			tournament			female	basketball:2026 fiba u18 women's americup
10.6.2026 - 14.6.2026	2026 Canoe Sprint European Championships	Canoeing		event-a3230cb881195d85c667e46faa6f4b465f0fa21ea3bc291ef6e9909a525e3c69	catalog_other	2026	other		not_tagged			national_championship			mixed	other:2026 canoe sprint european championships
11.6.2026 - 19.7.2026	2026 FIFA World Cup	Football		event-6a8b4348c910bcfa46f0c8cc2b51ecb41d6ba9a51c34937681b5abd554e6f6f6	catalog_football	2026	football		shared_major			tournament	US;CA;MX		mixed	football:2026 fifa world cup
12.6.2026 - 14.6.2026	2026 ARRC Japan round	Motorcycle racing		event-1124553d4d4ede9e1430404aa30cbbf3a80e68005b23ca4b5a1f553d5757759a	catalog_motorcycle_racing	2026	motorcycle_racing		not_tagged			tournament			mixed	motorcycle_racing:2026 arrc japan round
12.6.2026 - 5.7.2026	2026 ICC Women's T20 Cricket World Cup	T20 Cricket		event-4d44bdd3097868858f4c7fd55e8496b7ef00e000e20d80314f34a42632cfd604	catalog_cricket	2026	cricket		not_tagged			tournament			female	cricket:2026 icc women's t20 cricket world cup
13.6.2026	RAF 10: Chimaev vs. Danis	Wrestling		event-a1291d8e6239d6aff360772c05023a65572d6c2ddc13b9b311fd51332b22dd94	catalog_wrestling	2026	wrestling		not_tagged			tournament			mixed	wrestling:raf 10: chimaev vs. danis
13.6.2026 - 14.6.2026	2026 24 Hours of Le Mans (WEC #4)	Endurance racing		event-08c95a566e4e3b5de4d18a6a3bd9f1665b67baa0e5c33db7fa1bfa6e8f419d0e	catalog_endurance_racing	2026	endurance_racing		not_tagged			tournament			mixed	endurance_racing:2026 24 hours of le mans (wec #4)
13.6.2026 - 14.6.2026	2025–26 EHF Champions League Final Four	Handball		event-8de39fc6b0c84de4c2ea4894e3cdfcc38fee59a1fd39fbdb1cbef0379223088a	catalog_handball	2025	handball		not_tagged			cup_final			mixed	handball:2025–26 ehf champions league final four
13.6.2026 - 14.6.2026	2026 WSBK Emilia-Romagna round	Motorcycle racing		event-4ec764b4b5d88acad3fbc895d2c55b8971ccd86ed13adb956e09d701fd339d03	catalog_motorcycle_racing	2026	motorcycle_racing		not_tagged			tournament			mixed	motorcycle_racing:2026 wsbk emilia-romagna round
14.6.2026	2026 Barcelona-Catalunya Grand Prix (F1) #9	Formula racing		event-5ad5147ae528d65be603a67c2c58303dc347066490692afe4f807f5b084eef88	catalog_formula_racing	2026	formula_racing		not_tagged			tournament			mixed	formula_racing:2026 barcelona-catalunya grand prix (f1) #9
14.6.2026	UFC Freedom 250	Mixed martial arts		event-7f369608b4dcb4c9684f3e2d15ed216488739e58d275eb8b490a0a8472cfcb15	catalog_mixed_martial_arts	2026	mixed_martial_arts		not_tagged			tournament			mixed	mixed_martial_arts:ufc freedom 250
15.6.2026 - 20.6.2026	2026 Pan American Fencing Championships	Fencing		event-8827685f7c0fd879399442c761de67a46f61d1df58f233109a473bd43b500ea5	catalog_fencing	2026	fencing		not_tagged			national_championship			mixed	fencing:2026 pan american fencing championships
15.6.2026 - 26.6.2026	2026 ISSF Junior World Championship	Sport shooting		event-294b0b0c0cbd7f50186db93fc2213a11f7ef5ae0db7e5d7a07b50cce2ea1ec3a	catalog_other	2026	other		not_tagged			national_championship			mixed	other:2026 issf junior world championship
16.6.2026 - 21.6.2026	2026 European Fencing Championships	Fencing		event-87497e730f521c3130b6a6992be96c0b25b60eede95a86e853dde44c22256c97	catalog_fencing	2026	fencing		not_tagged			national_championship			mixed	fencing:2026 european fencing championships
18.6.2026 - 21.6.2026	2026 U.S. Open	Golf		event-0f23f15c18da32f9cb76b0405b41f71793a26d7b24275b4583c4dd0bea538b9e	catalog_golf	2026	golf		not_tagged			tournament			mixed	golf:2026 u.s. open
20.6.2026	2026 United Rugby Championship finals	Rugby union		event-141b39ec6fded6105823a68c465179a4feb6923c90d19f4de60fca06cf957f47	catalog_rugby	2026	rugby		not_tagged			cup_final			mixed	rugby:2026 united rugby championship finals
20.6.2026 - 28.6.2026	2026 AVC Men's Volleyball Cup	Volleyball		event-8e7aa8bdccfc7b6d937e4f9ffb8f99043498fb2dd39ff973e5f2ab512cbc1c17	catalog_volleyball	2026	volleyball		not_tagged			tournament			male	volleyball:2026 avc men's volleyball cup
21.6.2026	2026 Czech Republic motorcycle Grand Prix (MotoGP #9)	Motorcycle racing		event-b48dca4c3916e1c6f2c033d62c15d844cf382b039736c216aea2fd7224d86aa8	catalog_motorcycle_racing	2026	motorcycle_racing		not_tagged			tournament			mixed	motorcycle_racing:2026 czech republic motorcycle grand prix (motogp #9)
23.6.2026 - 24.6.2026	2026 NBA draft	Basketball		event-d7549b11513176fd67918655c2c30acfefe9bf238c3143ff82eaeea946ba6652	nba	2026	basketball		not_tagged			tournament			mixed	basketball:2026 nba draft
23.6.2026 - 28.6.2026	2026 Men's Beach Handball World Championships 2026 Women's Beach Handball World Championships	Beach handball		event-806bd1288c642910b97f440504e6405db648af5c07ec03db09a93956ff12499c	catalog_handball	2026	handball		not_tagged			national_championship			female	handball:2026 men's beach handball world championships 2026 women's beach handball world championships
24.6.2026 - 27.6.2026	2026 Men's Slowpitch European Championship	Softball		event-e876be83969688dd1a81bce466e3927f2650f92102b232b4299f50bd8ef16445	catalog_softball	2026	softball		not_tagged			national_championship			male	softball:2026 men's slowpitch european championship
24.6.2026 - 28.6.2026	2026 European BMX Championships	BMX		event-f0d3e1b7f68cf448a6d67b85eafc5c7c9bcfebde7853c408a72fc2425ba98b7c	catalog_other	2026	other		not_tagged			national_championship			mixed	other:2026 european bmx championships
24.6.2026 - 28.6.2026	2026 Finswimming World Championships	Finswimming		event-ea91b3da82a96e7090457bfa71abf659bfa5708258b494021486598fd7877bd3	catalog_other	2026	other		not_tagged			national_championship			mixed	other:2026 finswimming world championships
24.6.2026 - 5.7.2026	2026 IHF Women's U20 Handball World Championship	Handball		event-1abc4a8090be404b62e913cb763af88239f606794dea5b1ac4d7b0e5c7f0e668	catalog_handball	2026	handball		not_tagged			national_championship			female	handball:2026 ihf women's u20 handball world championship
25.6.2026 - 28.6.2026	2026 Women's PGA Championship	Golf		event-26bbefd409df44de3c72dbffe02bd454405149ca91c345e42ec60d5d62f6ebf0	catalog_golf	2026	golf		not_tagged			national_championship			female	golf:2026 women's pga championship
25.6.2026 - 4.7.2026	2026 European Box Lacrosse Championships	Box lacrosse		event-87b01118e67885254722031463ca906efb331cda6572adb856b14b14d1ce5f55	catalog_other	2026	other		not_tagged			national_championship			mixed	other:2026 european box lacrosse championships
26.6.2026 - 27.6.2026	2026 NHL entry draft	Ice Hockey		event-3db373a5b57ebbfb54260a56241ed6b0cc50067e73bd43a3c493c62915ceb300	catalog_ice_hockey	2026	ice_hockey		not_tagged			tournament			mixed	ice_hockey:2026 nhl entry draft
26.6.2026 - 28.6.2026	2026 Modern Pentathlon World Cup Final	Modern pentathlon		event-b175cf7132ff58d6d77b08fb597b98b08aaa993fd13a07465bc3c8717c3bd519	catalog_other	2026	other		not_tagged			cup_final			mixed	other:2026 modern pentathlon world cup final
27.6.2026 - 5.7.2026	2026 FIBA Under-17 Basketball World Cup	Basketball		event-19d3cd6e88e2082d395fab283133c68d814cb46508301afbf7ca4bf16d9bc942	catalog_basketball	2026	basketball		not_tagged			tournament			mixed	basketball:2026 fiba under-17 basketball world cup
27.6.2026 - 7.7.2026	2026 IBF World Youth Championships	Bowling		event-4605b9a197e330c614c2523f1fd8bac359e2a7635b183cd39f74941c38e74d68	catalog_other	2026	other		not_tagged			national_championship			mixed	other:2026 ibf world youth championships
27.6.2026 - 10.7.2026	2026 UEFA Women's Under-19 Championship	Association football		event-fd0eb8bc4bfd72670fc9fdf18d77227e66f98995ad05a1afeba1eec2b433a191	catalog_football	2026	football		not_tagged			national_championship			female	football:2026 uefa women's under-19 championship
28.6.2026	2026 Austrian Grand Prix (F1) #10	Formula racing		event-e75735983fcd219e651969d9252462205fec513a5b883869ca067f7b1a8e0a02	catalog_formula_racing	2026	formula_racing		not_tagged			tournament			mixed	formula_racing:2026 austrian grand prix (f1) #10
28.6.2026	2026 Dutch TT (MotoGP #10)	Motorcycle racing		event-2451c926df76b221db1f257eaf765ee81f22305a002aa43a3e2e8953f4d5e74a	catalog_motorcycle_racing	2026	motorcycle_racing		not_tagged			tournament			mixed	motorcycle_racing:2026 dutch tt (motogp #10)
28.6.2026	2026 Ironman European Championships	Triathlon		event-8b44c57147ac04946a40a5d23f811262845aa90c05d0610884441ee3bb0528cf	catalog_other	2026	other		not_tagged			national_championship			mixed	other:2026 ironman european championships
28.6.2026 - 11.7.2026	2026 UEFA European Under-19 Championship	Association football		event-958e3e96e80413a9c1004f5d16b4f9f077a5db418d50beab03db229a5c9dbb85	catalog_football	2026	football		not_tagged			national_championship			mixed	football:2026 uefa european under-19 championship
29.6.2026 - 4.7.2026	2026 Men's U22 European Volleyball Championship	Vollyball		event-8497219f6e1d766a4e0e1c3f86d098dd3e9c51decceb4b72de4b49f52a781326	catalog_volleyball	2026	volleyball		not_tagged			national_championship			male	volleyball:2026 men's u22 european volleyball championship
29.6.2026 - 12.7.2026	2026 Wimbledon Championships	Tennis		event-c984d4d994a83f6406c0fe6453ea9d3050cab08b396f4e62202a7c8fd810540e	catalog_tennis	2026	tennis		not_tagged			national_championship			mixed	tennis:2026 wimbledon championships
30.6.2026 - 4.7.2026	2026 European Junior Artistic Swimming Championships	Artistic swimming		event-09ab7da84663bd21fa78931d8f9d61815edfd8c13ea0cb66414c264e0cf1bb41	catalog_other	2026	other		not_tagged			national_championship			mixed	other:2026 european junior artistic swimming championships
30.6.2026 - 4.7.2026	2026 U-16 Men's Softball European Championship 2026 U-18 Men's Softball European Championship	Softball		event-d194289892d3c23709f2081e963a396e1bff1704b47477a59940e5778e93e511	catalog_softball	2026	softball		not_tagged			national_championship			male	softball:2026 u-16 men's softball european championship 2026 u-18 men's softball european championship
1.7.2026 - 5.7.2026	2026 ICF Junior and U23 Canoe Sprint World Championships	Canoeing		event-e354f12c48f0db382ef24e02aa7fe9080ae8561dfeb60175bfe67e99934b3e4f	catalog_other	2026	other		not_tagged			national_championship			mixed	other:2026 icf junior and u23 canoe sprint world championships
1.7.2026 - 7.7.2026	2026 AVC Girls' U18 Volleyball Championship	Volleyball		event-17e4bc1e52f045013f5fefab97e126cbc6b96b67a8996558cde7d34d7cca4abd	catalog_volleyball	2026	volleyball		not_tagged			national_championship			mixed	volleyball:2026 avc girls' u18 volleyball championship
1.7.2026 - 12.7.2026	2026 Women's U18 European Volleyball Championship	Volleyball		event-4aadd10b5f2ba77ad4ab3ca71e76f1008aa0c982c421824f45daa6bde7e08fdf	catalog_volleyball	2026	volleyball		not_tagged			national_championship			female	volleyball:2026 women's u18 european volleyball championship
4.7.2026 - 12.7.2026	2026 FIBA U20 Women's EuroBasket	Basketball		event-349686bcad63d4fc92a23c0c9513213ab5be292d0a540c9bca88c0cb273a367b	catalog_basketball	2026	basketball		not_tagged			tournament			female	basketball:2026 fiba u20 women's eurobasket
4.7.2026 - 18.7.2026	2026 Men's U18 European Volleyball Championship	Volleyball		event-817c3a3aa90b214e187f57367d11279bcb546377ce0100a94d9ea65b7947d42d	catalog_volleyball	2026	volleyball		not_tagged			national_championship			male	volleyball:2026 men's u18 european volleyball championship
4.7.2026 - 26.7.2026	2026 Tour de France	Road bicycle racing		event-a04b0279f98f3fddd167cf37818d621e5285a26fe40cbe8de6b2988e29e1d375	catalog_cycling	2026	cycling		not_tagged			tournament			mixed	cycling:2026 tour de france
5.7.2026	2026 British Grand Prix (F1) #11	Formula racing		event-372cee1f94fb12ca30bd815d40d5605b15ba84b62125681f4a02c2f6ada38a9f	catalog_formula_racing	2026	formula_racing		not_tagged			tournament			mixed	formula_racing:2026 british grand prix (f1) #11
5.7.2026 - 11.7.2026	2026 World Youth Weightlifting Championships	Weightlifting		event-70049ff98b27a8cb42b23ab05648f1af49e4a9184ababf654579a9c067cd8a02	catalog_weightlifting	2026	weightlifting		not_tagged			national_championship			mixed	weightlifting:2026 world youth weightlifting championships
6.7.2026 - 12.7.2026	2026 Women's U22 European Volleyball Championship	Volleyball		event-430a007a55643608462b65180a5cfb0bdcc38ef908a1b9be371e57665e837a42	catalog_volleyball	2026	volleyball		not_tagged			national_championship			female	volleyball:2026 women's u22 european volleyball championship
6.7.2026 - 12.7.2026	2026 U20 European Wrestling Championship	Wrestling		event-d4f87ae91e18438e448c19df219acacaeab2b28dce5469af8611bb861d3a99c3	catalog_wrestling	2026	wrestling		not_tagged			national_championship			mixed	wrestling:2026 u20 european wrestling championship
7.7.2026 - 11.7.2026	2026 U-12 Baseball European Championship	Baseball		event-51c4060e71bbe2b3c50aae1964313a4929970b2e92364032630229cfb0b37e2e	catalog_baseball	2026	baseball		not_tagged			national_championship			mixed	baseball:2026 u-12 baseball european championship
7.7.2026 - 11.7.2026	2026 World Orienteering Championships	Orienteering		event-26ef279fc2e50e50d9ca7c8a8e7f5c32c3727ba1ba0d93b9a6302d9eb9a0d8ba	catalog_other	2026	other		not_tagged			national_championship			mixed	other:2026 world orienteering championships
7.7.2026 - 12.7.2026	2026 European Junior Swimming Championships	Swimming		event-31ee3aa0aa9254065328210969a7dc7311126e4378643b7ffe3edf98b15f61ad	catalog_swimming	2026	swimming		not_tagged			national_championship			mixed	swimming:2026 european junior swimming championships
7.7.2026 - 12.7.2026	2026 UEC European Track Championships (under-23 & junior)	Track cycling		event-d93b9685d05ccce752d1e4d1b84bd7b9dc424bef05031cff52d0fdc42742e6e4	catalog_cycling	2026	cycling		not_tagged			national_championship			mixed	cycling:2026 uec european track championships (under-23 & junior)
8.7.2026 - 19.7.2026	2026 European Men's U-20 Handball Championship	Handball		event-deb336522d1d95f44b7efd7d2d521a0c602b1350220b2d0a2acc2baf57ad08ee	catalog_handball	2026	handball		not_tagged			national_championship			male	handball:2026 european men's u-20 handball championship
9.7.2026 - 12.7.2026	2026 Evian Championship	Golf		event-ebd1526348a7b2fa4957e00da7f28e9fad0f26e46c3c472437160764b062bf1f	catalog_golf	2026	golf		not_tagged			national_championship			mixed	golf:2026 evian championship
11.7.2026	UFC 329: McGregor vs. Holloway 2	Mixed martial arts		event-9727027c772e63d1a237ec31b80f1e466bbdf06329b42e008ce0840d93cb073c	catalog_mixed_martial_arts	2026	mixed_martial_arts		not_tagged			tournament			mixed	mixed_martial_arts:ufc 329: mcgregor vs. holloway 2
11.7.2026	RAF Georgia: Dvalishvili vs. Cejudo	Wrestling		event-810a2c87f9302df605e50d8f31ff0b5a448925e32853acf38da020d118868d02	catalog_wrestling	2026	wrestling		not_tagged			tournament			mixed	wrestling:raf georgia: dvalishvili vs. cejudo
11.7.2026 - 12.7.2026	2026 GT World Challenge Asia (Fuji Speedway round #4)	Endurance racing		event-f2fdbd6170dc81e0be5d69b069a204b9dbc18b65702878eb9029d9a5866bb7cb	catalog_endurance_racing	2026	endurance_racing		not_tagged			tournament			mixed	endurance_racing:2026 gt world challenge asia (fuji speedway round #4)
11.7.2026 - 12.7.2026	2026 WSBK Donington Park round	Motorcycle racing		event-475c437095de27ee5246be5e667f927e23c647ec127119d60e5641b4133f9928	catalog_motorcycle_racing	2026	motorcycle_racing		not_tagged			tournament			mixed	motorcycle_racing:2026 wsbk donington park round
11.7.2026 - 19.7.2026	2026 FIBA U20 EuroBasket	Basketball		event-537b14825dcb37c8f1cb8bb1d8da0311353a9001435a95d28286a46aff5983d6	catalog_basketball	2026	basketball		not_tagged			tournament			mixed	basketball:2026 fiba u20 eurobasket
11.7.2026 - 19.7.2026	2026 FIBA Under-17 Women's Basketball World Cup	Basketball		event-143198429da33cf229f3353e8b40789a47b8a8eb4890a8db9ee38299afa71df9	catalog_basketball	2026	basketball		not_tagged			tournament			female	basketball:2026 fiba under-17 women's basketball world cup
12.7.2026	2026 6 Hours of São Paulo (WEC #5)	Endurance racing		event-0af90b987ad54f0d2284209ba4bc2291d4c63dd605c5ad5303dedb77a0854aff	catalog_endurance_racing	2026	endurance_racing		not_tagged			tournament			mixed	endurance_racing:2026 6 hours of são paulo (wec #5)
12.7.2026	2026 German motorcycle Grand Prix (MotoGP #11)	Motorcycle racing		event-ccb333760c7d6f547990cc2701932079c7d81a971e542fe12d5e323c2662a1b3	catalog_motorcycle_racing	2026	motorcycle_racing		not_tagged			tournament			mixed	motorcycle_racing:2026 german motorcycle grand prix (motogp #11)
12.7.2026 - 18.7.2026	2026 AVC Boys' U18 Volleyball Championship	Volleyball		event-ac22a7af616e2a7bb75162dea829c7c4156389e7d8c0a9c4ddf6fe9d84db8b58	catalog_volleyball	2026	volleyball		not_tagged			national_championship			mixed	volleyball:2026 avc boys' u18 volleyball championship
13.7.2026 - 19.7.2026	2026 U-18 Baseball European Championship	Baseball		event-12cd449c20ae81b485cf1895d14cbc380a3ef7600252268eb6a46af96a0f0a1b	catalog_baseball	2026	baseball		not_tagged			national_championship			mixed	baseball:2026 u-18 baseball european championship
14.7.2026	2026 Major League Baseball All-Star Game	Baseball		event-1acc94cb62b6a65791f29ac92975e45c42264fa77ed11861daac9f11b327f98e	mlb	2026	baseball		not_tagged			season			mixed	baseball:2026 major league baseball all-star game
14.7.2026 - 18.7.2026	2026 Coed Slowpitch European Championship	Softball		event-d2b33b681b2d330240c3cb87735e4930747de9cea11ef8f3b1199af746000b87	catalog_softball	2026	softball		not_tagged			national_championship			mixed	softball:2026 coed slowpitch european championship
16.7.2026 - 19.7.2026	2026 Open Championship	Golf		event-1f120de38b13c7cc27514d58617ead3605d55cc69f997ded68efed75d5c9433a	catalog_golf	2026	golf		not_tagged			national_championship			mixed	golf:2026 open championship
18.7.2026	RAF 11: Tsarukyan vs. Covington	Wrestling		event-d01421ad367c59ab56510cc8110b5eb71db3b0a5e3f5c303c4d094300a6071fc	catalog_wrestling	2026	wrestling		not_tagged			tournament			mixed	wrestling:raf 11: tsarukyan vs. covington
19.7.2026	2026 Belgian Grand Prix (F1) #12	Formula racing		event-621bb4f725712aa712c6f5d52ad3280dcdcb60e8dfb61f17973285f064f71971	catalog_formula_racing	2026	formula_racing		not_tagged			tournament			mixed	formula_racing:2026 belgian grand prix (f1) #12
19.7.2026 - 26.7.2026	2026 European Inline Speed Skating Championships	Inline speed skating		event-a3abd25ec66f304e6d7dcf3d5ac933f4bfbdc371eff923604fd6dabc5b0b1180	catalog_other	2026	other		not_tagged			national_championship			mixed	other:2026 european inline speed skating championships
20.7.2026 - 25.7.2026	2026 ICF Canoe Slalom World Championships	Canoe slalom		event-ab8f1a98ef93cb33034bf33379434af27693a588df96e9320e1f6828f9b0dbae	catalog_other	2026	other		not_tagged			national_championship			mixed	other:2026 icf canoe slalom world championships
20.7.2026 - 25.7.2026	2026 U-22 Women's Softball European Championship	Softball		event-95a23b82ea955fba7fd87c95e0252fd960674ca88d44b5a458dd9feb26f7a191	catalog_softball	2026	softball		not_tagged			national_championship			female	softball:2026 u-22 women's softball european championship
20.7.2026 - 26.7.2026	2026 European Youth Archery Championships	Archery		event-1f9905a7c468b966335bf8270a649bf79701a4a4c6b9d66e300ea5b1f0ee7ffb	catalog_archery	2026	archery		not_tagged			national_championship			mixed	archery:2026 european youth archery championships
21.7.2026 - 26.7.2026	2026 China Open	Badminton		event-8de014e1e6514f2bf1994c598f112265e8343c944cae3ba5809814e489b7f9ba	catalog_badminton	2026	badminton		not_tagged			tournament			mixed	badminton:2026 china open
22.7.2026 - 26.7.2026	2026 World Rowing U23 Championships	Rowing		event-9564208968bfe2f3e8e5ee6e6e0b3edd7ff0a2a09d64e536ec2c5ec54ccba8a1	catalog_rowing	2026	rowing		not_tagged			national_championship			mixed	rowing:2026 world rowing u23 championships
22.7.2026 - 30.7.2026	2026 World Fencing Championships	Fencing		event-03b03dd6ddfc9534c8ad64b5cf257cc79d9c6ca4a1b9e444b7ee52be6e32353f	catalog_fencing	2026	fencing		not_tagged			national_championship			mixed	fencing:2026 world fencing championships
23.7.2026 - 29.7.2026	2026 World Junior Modern Pentathlon Championships	Modern pentathlon		event-68d9d1f4cf6ece639153a502c6f53f0e81337f4603fddb6492e3f45b9774b2d0	catalog_other	2026	other		not_tagged			national_championship			mixed	other:2026 world junior modern pentathlon championships
23.7.2026 - 2.8.2026	2026 Commonwealth Games	Commonwealth Games		event-13a2ad2039fec1a9cb5e9c5a49a00642dfd8116e8c90c7f8163a015169e9f0aa	catalog_other	2026	other		not_tagged			tournament			mixed	other:2026 commonwealth games
24.7.2026 - 2.8.2026	2026 World Lacrosse Women's Championship	Lacrosse		event-63abf9b93e69200d21deba7c5de59e1c3587c8f9eace12aa16c36ed2db278b0b	catalog_other	2026	other		not_tagged			national_championship			female	other:2026 world lacrosse women's championship
26.7.2026	2026 Hungarian Grand Prix (F1) #13	Formula racing		event-53ce94abb3774af6bc5ce9ebf39c10b57df68f62a259cd3f5e83a68a98436a55	catalog_formula_racing	2026	formula_racing		not_tagged			tournament			mixed	formula_racing:2026 hungarian grand prix (f1) #13
26.7.2026 - 16.8.2026	2026 Women's Africa Cup of Nations	Association football		event-e61bda3453bf0724ca94bf8f348101711bf661524faa5805028bcc7005cc9b6f	catalog_football	2026	football		not_tagged			tournament			female	football:2026 women's africa cup of nations
27.7.2026 - 1.8.2026	2026 U-15 Women's Softball European Championship	Softball		event-5fbfab48fcfd44253a2864bb12971e4f98495607bce00928274032e89db29bb6	catalog_softball	2026	softball		not_tagged			national_championship			female	softball:2026 u-15 women's softball european championship
29.7.2026 - 9.8.2026	2026 IHF Women's U18 Handball World Championship	Handball		event-8564ac96966d04243af2304b19b2ef14f1dcbd73e8d414a5bb538306c4253804	catalog_handball	2026	handball		not_tagged			national_championship			female	handball:2026 ihf women's u18 handball world championship
30.7.2026 - 2.8.2026	2026 UEC Mountain Bike European Cross Country Championships	Mountain biking		event-09c4ecdffba2d8fbd12e4b001dc595e3f9acfdc9a505cf513dccc9a85ff9c99a	catalog_cycling	2026	cycling		not_tagged			national_championship			mixed	cycling:2026 uec mountain bike european cross country championships
30.7.2026 - 2.8.2026	2026 European Rowing Championships	Rowing		event-9260627ad888b8ea4504e6a6ddc176b5b59d7bf997e6050ab209709f9bb85be0	catalog_rowing	2026	rowing		not_tagged			national_championship			mixed	rowing:2026 european rowing championships
31.7.2026 - 16.8.2026	2026 European Aquatics Championships	Aquatics		event-2d831d6600a62d136f7635fed1bdc7f839a31090dd780ec946727795bb733f15	catalog_other	2026	other		not_tagged			national_championship			mixed	other:2026 european aquatics championships
1.8.2026 - 9.8.2026	2026 Tour de France Femmes	Road bicycle racing		event-29d7a52837eac226ca542aadbdf0df60840597b92a49c8d358951ce9b8f4275e	catalog_cycling	2026	cycling		not_tagged			tournament			mixed	cycling:2026 tour de france femmes
2.8.2026 - 12.8.2026	2026 Canadian Open	Tennis		event-ace1460b59e358832a5f0e67aaa7e1657d72f7495bd0cccae4cee4a8ebc16b86	catalog_tennis	2026	tennis		not_tagged			tournament			mixed	tennis:2026 canadian open
3.8.2026 - 9.8.2026	2026 European Modern Pentathlon Championships	Modern pentathlon		event-1601fb0c29e32c3b30cb818cd14a8224c648ddb0fac167e3c835120f2bd8a70f	catalog_other	2026	other		not_tagged			national_championship			mixed	other:2026 european modern pentathlon championships
5.8.2026 - 9.8.2026	2026 World Rowing Junior Championships	Rowing		event-32b595f5cb94b500b64fa0310882a69205b0eb3cfa8ce519e2155c3073478e99	catalog_rowing	2026	rowing		not_tagged			national_championship			mixed	rowing:2026 world rowing junior championships
6.8.2026 - 16.8.2026	2026 FIVB Volleyball Girls' U17 World Championship	Volleyball		event-84bbd07355c7686e246b27ad0c22015d8dae0a8c5df2a94de26161207aee2af5	catalog_volleyball	2026	volleyball		not_tagged			national_championship			mixed	volleyball:2026 fivb volleyball girls' u17 world championship
9.8.2026	2026 British motorcycle Grand Prix (MotoGP #12)	Motorcycle racing		event-aed7a96bda61c254930f8feff4baab0465ac68aa90a8a5497b0ff3b9a33bde62	catalog_motorcycle_racing	2026	motorcycle_racing		not_tagged			tournament			mixed	motorcycle_racing:2026 british motorcycle grand prix (motogp #12)
10.8.2026 - 16.8.2026	2026 European Athletics Championships	Athletics		event-45aa05efdaed516b2ee8c75829b77db21b5801914f74f29286aa01bb1fe6296a	catalog_athletics	2026	athletics		not_tagged			national_championship			mixed	athletics:2026 european athletics championships
11.8.2026 - 23.8.2026	2026 FEI World Championships	Equestrian		event-1859159e1214c92e97dc9ddac559ac9ec5715bab3cb515c1619ce85509f6b85f	catalog_other	2026	other		not_tagged			national_championship			mixed	other:2026 fei world championships
12.8.2026 - 16.8.2026	2026 Rhythmic Gymnastics World Championships	Rhythmic gymnastics		event-8a4afad3a856e9bc71b7e2438399b5663634d02cac35484391091b96482af864	catalog_other	2026	other		not_tagged			national_championship			mixed	other:2026 rhythmic gymnastics world championships
13.8.2026 - 16.8.2026	2026 IFAF Men's Flag Football World Championship 2026 IFAF Women's Flag Football World Championship	Flag football		event-1a8cd4d085f89c2f9708e9f4bcc5fc5b9632eb15ab1f93ade20c69f524a065c4	catalog_other	2026	other		not_tagged			national_championship			female	other:2026 ifaf men's flag football world championship 2026 ifaf women's flag football world championship
13.8.2026 - 23.8.2026	2026 Cincinnati Open	Tennis		event-6e66ae7e160a34635ad0660251066e32d710526713cfedfc538993bfe1a01c4b	catalog_tennis	2026	tennis		not_tagged			tournament			mixed	tennis:2026 cincinnati open
13.8.2026 - 30.8.2026	2026 FedEx Cup Playoffs	Golf		event-dd74e41f8299549feb607b4766c75ec544b3c505c736bd13e35a194a79f03f55	catalog_golf	2026	golf		not_tagged			tournament			mixed	golf:2026 fedex cup playoffs
14.8.2026 - 30.8.2026	2026 Men's FIH Hockey World Cup	Field hockey		event-e3a74fb3410ea8bcad26aeba406b91c764d44f36c65e0dba40bb7a70ff650b42	catalog_field_hockey	2026	field_hockey		not_tagged			tournament			male	field_hockey:2026 men's fih hockey world cup
14.8.2026 - 30.8.2026	2026 Women's FIH Hockey World Cup	Field hockey		event-a633dcbcfdf3d3a94d1e8aa28e625b4caad0ddcd1d59f152186c6f0c60a2b568	catalog_field_hockey	2026	field_hockey		not_tagged			tournament			female	field_hockey:2026 women's fih hockey world cup
16.8.2026	2026 FA Community Shield	Association football		event-af1f03d0c6b2dad97e59f5aa41c45a19c612e6a4fcfe5c73df5103575f7db957	catalog_football	2026	football		not_tagged			tournament			mixed	football:2026 fa community shield
17.8.2026 - 23.8.2026	2026 BWF World Championships	Badminton		event-69820ecdcb635a527a4a276f29d1a8292acbb679d6214c2eb31d1222252d0663	catalog_badminton	2026	badminton		not_tagged			national_championship			mixed	badminton:2026 bwf world championships
19.8.2026 - 29.8.2026	2026 FIVB Volleyball Boys' U17 World Championship	Volleyball		event-261b3b1e5efaeb81d81014b16033a6997b83e57b5f73faf7a603d44d8496557d	catalog_volleyball	2026	volleyball		not_tagged			national_championship			mixed	volleyball:2026 fivb volleyball boys' u17 world championship
20.8.2026 - 23.8.2026	2026 World Judo Cadet Championships	Judo		event-45e19d76aeab97d73d79ab325e659d3c9589264cbcf35aba1f6a91f9ddd27346	catalog_judo	2026	judo		not_tagged			national_championship			mixed	judo:2026 world judo cadet championships
20.8.2026 - 30.8.2026	2026 Little League World Series	Baseball		event-276ff8fcc57a97224ea6865a8e6aca3b63b50654b1d09af66e0eda292e5c86cc	catalog_baseball	2026	baseball		not_tagged			tournament			mixed	baseball:2026 little league world series
21.8.2026 - 3.9.2026	2026 Mediterranean Games	Mediterranean Games		event-3eee020c51b912fac085e56a477166eefd8fcf97f7a4d03e417ca12aff56d389	catalog_other	2026	other		not_tagged			tournament			mixed	other:2026 mediterranean games
21.8.2026 - 6.9.2026	2026 Women's European Volleyball Championship	Volleyball		event-a78897b3839f0f3f63ff6487e4d199339ab77f4de7e80f3af8ecd1aeb0228bd5	catalog_volleyball	2026	volleyball		not_tagged			national_championship			female	volleyball:2026 women's european volleyball championship
22.8.2026	2026 Franz Beckenbauer Supercup	Association football		event-4fd1c482713fa3e69c78d03d47d0e4f5e1676bc990cc730fa1010b4da62b4952	catalog_football	2026	football		not_tagged			tournament			mixed	football:2026 franz beckenbauer supercup
22.8.2026	RAF 12	Wrestling		event-bbdf2ea64eea376140a9a19fdb45926c7f833b7e16968c39314104fa0b1e7720	catalog_wrestling	2026	wrestling		not_tagged			tournament			mixed	wrestling:raf 12
22.8.2026 - 13.9.2026	2026 Vuelta a España	Road bicycle racing		event-981dd58b7107f6b0edc3fde7f429fcc41ab686af10060e269b701db91954f96a	catalog_cycling	2026	cycling		not_tagged			tournament			mixed	cycling:2026 vuelta a españa
23.8.2026	2026 Dutch Grand Prix (F1) #14	Formula Racing		event-f972a93492b8cbce7506db8a8b033f2d213c0c36929f84f990b30454a5210a0a	catalog_formula_racing	2026	formula_racing		not_tagged			tournament			mixed	formula_racing:2026 dutch grand prix (f1) #14
23.8.2026 - 30.8.2026	2026 World Rowing Championships	Rowing		event-3e7afd1d63a7c717997b042ce4f3ed6453bac84b568724716d1422a808788095	catalog_rowing	2026	rowing		not_tagged			national_championship			mixed	rowing:2026 world rowing championships
24.8.2026 - 30.8.2026	2026 World Modern Pentathlon Championships	Modern pentathlon		event-d89303c44b28c221e995a983c128eac667641e6af6f502a89cdeab1765d1694b	catalog_other	2026	other		not_tagged			national_championship			mixed	other:2026 world modern pentathlon championships
26.8.2026 - 30.8.2026	2026 ICF Canoe Sprint World Championships	Canoeing		event-6fe1cebf503e4e32975efd1fa9e2ce7611aa4403653c508f35add1708b5aea9e	catalog_other	2026	other		not_tagged			national_championship			mixed	other:2026 icf canoe sprint world championships
26.8.2026 - 30.8.2026	2026 PDGA World Championships	Disc golf		event-29e924dc4b9c6f684e0d1e72d2a423a512c6ab65f134686f4fa4571952f1cffb	catalog_golf	2026	golf		not_tagged			national_championship			mixed	golf:2026 pdga world championships
26.8.2026 - 30.8.2026	2026 UCI Mountain Bike World Championships	Mountain biking		event-b77abbe75ebfa64728d4ed72ce45d54fa78a4ce8bd52826f859873e931034adf	catalog_cycling	2026	cycling		not_tagged			national_championship			mixed	cycling:2026 uci mountain bike world championships
26.8.2026 - 30.8.2026	2026 Oceania Table Tennis Championships	Table tennis		event-3501ef38971c71a1d2686239b7726ef77b293474e3180c1f1bed46ceef1cc583	catalog_table_tennis	2026	table_tennis		not_tagged			national_championship			mixed	table_tennis:2026 oceania table tennis championships
28.8.2026 - 30.8.2026	2026 FIS Grass Skiing World Cup Final	Grass skiing		event-283961b99439519b326bf8f3ad3c8daf520cb04b24df93c3eff50d23b69317fe	catalog_other	2026	other		not_tagged			cup_final			mixed	other:2026 fis grass skiing world cup final
29.8.2026 - 30.8.2026	2026 GT World Challenge Asia (Okayama round #5)	Endurance racing		event-586d4d6291472b6497ed194aab81061a4a056d8cc5bcd9d69ddd09cad7831878	catalog_endurance_racing	2026	endurance_racing		not_tagged			tournament			mixed	endurance_racing:2026 gt world challenge asia (okayama round #5)
30.8.2026	2026 UEC Gravel Bike European Championships	Gravel biking		event-3445f95ef0758c3f6f47d96f06e612040bd21290a176a0e4a8a463c837a05f3d	catalog_other	2026	other		not_tagged			national_championship			mixed	other:2026 uec gravel bike european championships
30.8.2026	2026 Sydney Marathon (WMM #4)	Marathon		event-f837e77b49191e642b1cf69621c885417dc94f79090447668a0658d84cbdbc3a	catalog_marathon	2026	marathon		not_tagged			tournament			mixed	marathon:2026 sydney marathon (wmm #4)
30.8.2026	2026 Aragon motorcycle Grand Prix (MotoGP #13)	Motorcycle racing		event-30c3cbb7f49bb6bc288c8dcb0c6187fc870021f6f8fdb09684c270d6b40d423f	catalog_motorcycle_racing	2026	motorcycle_racing		not_tagged			tournament			mixed	motorcycle_racing:2026 aragon motorcycle grand prix (motogp #13)
31.8.2026 - 13.9.2026	2026 European Artistic Roller Skating Championships	Artistic roller skating		event-c2a6dbcdd3f8363f592b328dfe234293524271e5d1e211947239228590479307	catalog_other	2026	other		not_tagged			national_championship			mixed	other:2026 european artistic roller skating championships
31.8.2026 - 13.9.2026	2026 US Open	Tennis		event-2963931729702078bf61ac7e23f88101a758149bd69a750ccc822783e007a2a1	catalog_tennis	2026	tennis		not_tagged			tournament			mixed	tennis:2026 us open
4.9.2026 - 6.9.2026	2026 UCI Para-cycling Road World Championships	Road Cycling		event-4f084560a9bcd7543c7b38b2ecadd591c4c9615946606639a90a8fa17041782d	catalog_cycling	2026	cycling		not_tagged			national_championship			mixed	cycling:2026 uci para-cycling road world championships
4.9.2026 - 13.9.2026	2026 FIBA Women's Basketball World Cup	Basketball		event-1166e675a88614175807b29864c6dc0fe69cc488f12fdaca2491f3a1d72caf1d	catalog_basketball	2026	basketball		not_tagged			tournament			female	basketball:2026 fiba women's basketball world cup
5.9.2026 - 6.9.2026	2026 WSBK French round	Motorcycle racing		event-bebd6a29ddf3a9d2b83c70550d13e182b491be28b72c4ed78685123bbcd3ff88	catalog_motorcycle_racing	2026	motorcycle_racing		not_tagged			tournament			mixed	motorcycle_racing:2026 wsbk french round
5.9.2026 - 6.9.2026	2026 European Rowing Under 23 Championships	Rowing		event-9048286e856bfc3f84eec5138044ba6a0b30806ed2fecf8fc65684eb1910efcb	catalog_rowing	2026	rowing		not_tagged			national_championship			mixed	rowing:2026 european rowing under 23 championships
5.9.2026 - 27.9.2026	2026 FIFA U-20 Women's World Cup	Association football		event-a13ab80f423e4c4552fdbdcc8a5d9c72e0b25f519a4b4be45d0c170a933d515c	catalog_football	2026	football		not_tagged			tournament			female	football:2026 fifa u-20 women's world cup
6.9.2026	2026 Lone Star Le Mans (WEC #6)	Endurance racing		event-16169d1228dcd4298977d494cc7ca0c2fba5348ccecf854cafe153aeecd409bf	catalog_endurance_racing	2026	endurance_racing		not_tagged			tournament			mixed	endurance_racing:2026 lone star le mans (wec #6)
6.9.2026	2026 Italian Grand Prix (F1) #15	Formula racing		event-d2e109cb556a7bb557144c2acb517b2f0d7f0bb9a29feabde73826942dd75dd9	catalog_formula_racing	2026	formula_racing		not_tagged			tournament			mixed	formula_racing:2026 italian grand prix (f1) #15
9.9.2026 - 12.9.2026	2026 World Team Disc Golf Championships	Disc golf		event-e54ef48ed5ec31913a218db7546385ce01af3b23d6e0f5d24fae809dd352e258	catalog_golf	2026	golf		not_tagged			national_championship			mixed	golf:2026 world team disc golf championships
9.9.2026 - 19.9.2026	2026 IWBF Wheelchair Basketball World Championships	Wheelchair Basketball		event-186ec078ca3c52949dd81455423e61936447e1b58cb10b03a1533f3e7eb0ab3e	catalog_other	2026	other		not_tagged			national_championship			mixed	other:2026 iwbf wheelchair basketball world championships
9.9.2026 - 26.9.2026	2026 Men's European Volleyball Championship	Volleyball		event-51e98e6f460d5cf258a6aa285ffd517d0793f835d345280f9c1732f84240a6b9	catalog_volleyball	2026	volleyball		not_tagged			national_championship			male	volleyball:2026 men's european volleyball championship
10.9.2026 - 11.9.2026	2026 WSBK Estoril round	Motorcycle racing		event-85e72726e36196cb0ce3a7a5a854f13eb0c47e9dbc12645ff1ad0b79ab5af27c	catalog_motorcycle_racing	2026	motorcycle_racing		not_tagged			tournament			mixed	motorcycle_racing:2026 wsbk estoril round
11.9.2026 - 13.9.2026	2026 World Athletics Ultimate Championship	Athletics		event-39d1ad3a9a5edc1916cbecd0fc52405c5b92f612eaa3935e851ad3c511b2bab8	catalog_athletics	2026	athletics		not_tagged			national_championship			mixed	athletics:2026 world athletics ultimate championship
11.9.2026 - 13.9.2026	2026 ARRC Sepang round	Motorcycle racing		event-5deb85ddad2648c10c2b82abda5071d4c38b29ac88dc72a52c3d37c93337cc6b	catalog_motorcycle_racing	2026	motorcycle_racing		not_tagged			tournament			mixed	motorcycle_racing:2026 arrc sepang round
11.9.2026 - 13.9.2026	2026 UEC Mountain Bike Marathon European Championships	Mountain biking		event-1af40ce3723eeb117702364f55f039174bcbadb195930a779c925ff438ac74e0	catalog_cycling	2026	cycling		not_tagged			national_championship			mixed	cycling:2026 uec mountain bike marathon european championships
12.9.2026	2026 UCI Mountain Bike Marathon World Championships	Mountain Bike Cycling		event-a4ecfddcb10a963d45762a34703ec2e2590ff21407732088c8358723d31763bf	catalog_cycling	2026	cycling		not_tagged			national_championship			mixed	cycling:2026 uci mountain bike marathon world championships
12.9.2026 - 13.9.2026	2026 Archery World Cup Final	Archery		event-0cb69fa7d73aaa13cb38c4e63d60a73b3f0a58b6e2c1da711f68e78143d26d33	catalog_archery	2026	archery		not_tagged			cup_final			mixed	archery:2026 archery world cup final
13.9.2026	2026 Spanish Grand Prix (F1) #16	Formula racing		event-31697f176d71ec875f2fd76e1f1765c0e041a9803d5b6eddfa4b24bb30411a1b	catalog_formula_racing	2026	formula_racing		not_tagged			tournament			mixed	formula_racing:2026 spanish grand prix (f1) #16
13.9.2026	2026 San Marino and Rimini Riviera motorcycle Grand Prix (MotoGP #14)	Motorcycle racing		event-eb12738fa4955a6bde703aea537749171d8b0c06b41ca820fe467c44255725ff	catalog_motorcycle_racing	2026	motorcycle_racing		not_tagged			tournament			mixed	motorcycle_racing:2026 san marino and rimini riviera motorcycle grand prix (motogp #14)
15.9.2026 - 26.9.2026	2026 European Amateur Boxing Championships	Amateur boxing		event-1d4da8cb018fd8275e195f01598ae97ec3b99a62555c0937bd5a8ce77e967204	catalog_other	2026	other		not_tagged			national_championship			mixed	other:2026 european amateur boxing championships
17.9.2026 - 18.9.2026	2026 WSBK Spanish round	Motorcycle racing		event-7cde8fe159c279884bae8b81f2513224872662474e15035c5854ea34d163f2f5	catalog_motorcycle_racing	2026	motorcycle_racing		not_tagged			tournament			mixed	motorcycle_racing:2026 wsbk spanish round
17.9.2026 - 20.9.2026	2026 Baseball5 Pan American Championship	Baseball5		event-5a37d50402d4c9e3d3962a0efdf90292e3955e260dd150f7638abd1d0abc8e6e	catalog_other	2026	other		not_tagged			national_championship			mixed	other:2026 baseball5 pan american championship
19.9.2026 - 26.9.2026	2026 European Bowls Championships	Bowls		event-d956da101b702998d248842b7ab07c54a82014610564e81d570d64e23fd89071	catalog_other	2026	other		not_tagged			national_championship			mixed	other:2026 european bowls championships
19.9.2026 - 4.10.2026	2026 Asian Games	Asian Games		event-fac2b0a1719260e36f86f262d5fe4736ed1a6068c5a004c48b1d0405c9f57667	catalog_other	2026	other		not_tagged			tournament			mixed	other:2026 asian games
20.9.2026	2026 Caribbean Premier League finals	Cricket		event-e5c604aae95566bd8e03bc507e2022937d51936767046267e8090bf1a53fbec4	catalog_cricket	2026	cricket		not_tagged			cup_final			mixed	cricket:2026 caribbean premier league finals
20.9.2026	2026 Austrian motorcycle Grand Prix (MotoGP #15)	Motorcycle racing		event-18f43b008e53d4c97812f29ae28f0a378c072591c1418ae14953e13e734bff33	catalog_motorcycle_racing	2026	motorcycle_racing		not_tagged			tournament			mixed	motorcycle_racing:2026 austrian motorcycle grand prix (motogp #15)
20.9.2026 - 27.9.2026	2026 UCI Road World Championships	Road bicycle racing		event-b5097ab47e604f550ebfb46059f824f4e0fcc533b9eec5d63330a0a817230d8f	catalog_cycling	2026	cycling		not_tagged			national_championship			mixed	cycling:2026 uci road world championships
22.9.2026 - 27.9.2026	2026 European Orienteering Championships	Orienteering		event-893075746dfb67281827a4b43aa4af0ee9d8b2417e639ca246eee12b2f3fe8dd	catalog_other	2026	other		not_tagged			national_championship			mixed	other:2026 european orienteering championships
24.9.2026 - 3.10.2026	2026 World Archery 3D Championships	Archery		event-7b67e881df961d8567fa482e7e721180cf5b612f679822d2acdc97d80a04e918	catalog_archery	2026	archery		not_tagged			national_championship			mixed	archery:2026 world archery 3d championships
25.9.2026 - 4.10.2026	2026 U-15 Baseball World Cup	Baseball		event-7400391379b5ef3b79f40c70fded6508907343c17b927a4e5ff0174f6613fd71	catalog_baseball	2026	baseball		not_tagged			tournament			mixed	baseball:2026 u-15 baseball world cup
26.9.2026	2026 Azerbaijan Grand Prix (F1) #17	Formula racing		event-0efbe6902f5c06372fd6a3689be084327ec2295aa053e7fc852bc51c9de1ec3d	catalog_formula_racing	2026	formula_racing		not_tagged			tournament			mixed	formula_racing:2026 azerbaijan grand prix (f1) #17
27.9.2026	2026 6 Hours of Fuji (WEC #7)	Endurance racing		event-6bc3b7e14b9487e4aba303e165743d37169e0a97ae0270ff5daa87fc57c2a034	catalog_endurance_racing	2026	endurance_racing		not_tagged			tournament			mixed	endurance_racing:2026 6 hours of fuji (wec #7)
27.9.2026	2026 Berlin Marathon (WMM #5)	Marathon		event-b902468c473763a5826cb230e823ed3b0dd1adab4daa6fec6be81fbf57e4f343	catalog_marathon	2026	marathon		not_tagged			tournament			mixed	marathon:2026 berlin marathon (wmm #5)
30.9.2026 - 18.10.2026	2026 World Skate Games	Roller sports		event-18fe2e2e3837e5e9d67e8f9a385db88a71b6ee851d1424b2d6865369a7f0f961	catalog_other	2026	other		not_tagged			tournament			mixed	other:2026 world skate games
1.11.2026	2026 New York City Marathon (WMM #7)	Marathon		event-74561d537307ae484654136def876281b70c26d439d04220941694863462487d	catalog_marathon	2026	marathon		not_tagged			tournament			mixed	marathon:2026 new york city marathon (wmm #7)
1.11.2026	2026 Malaysian motorcycle Grand Prix (MotoGP #19)	Motorcycle racing		event-23e98fc8da75cba38ca94e44ad3b084383cb46dcc0a97c577ba0eafb1f4a153a	catalog_motorcycle_racing	2026	motorcycle_racing		not_tagged			tournament			mixed	motorcycle_racing:2026 malaysian motorcycle grand prix (motogp #19)
3.11.2026 - 7.11.2026	2026 UCI Urban Cycling World Championships	Urban Cycling		event-726679d0eb7d3265d8ef98393b988821a8d1ef225a7708138e50c42a4da7c59b	catalog_other	2026	other		not_tagged			national_championship			mixed	other:2026 uci urban cycling world championships
5.11.2026 - 8.11.2026	2026 Trampoline Gymnastics World Championships	Trampoline		event-ffa4254892c5836059d81b99d79dffd429547d80622309a33102a89ecd0dac64	catalog_other	2026	other		not_tagged			national_championship			mixed	other:2026 trampoline gymnastics world championships
6.11.2026 - 7.11.2026	2026 Breeders' Cup	Horse racing		event-fc6d675b5eb7645a2a0fbfe71041b909f07f4bff09ea8a016dd4a580bda05282	catalog_horse_racing	2026	horse_racing		not_tagged			tournament			mixed	horse_racing:2026 breeders' cup
6.11.2026 - 15.11.2026	2026 U-23 Baseball World Cup	Baseball		event-78f5a47cd69a255aad5ebca637f3945cd27fb4c7c7f56553aaf1772e8c3a22bb	catalog_baseball	2026	baseball		not_tagged			tournament			mixed	baseball:2026 u-23 baseball world cup
7.11.2026	2026 8 Hours of Bahrain (WEC #8)	Endurance racing		event-ae0795caadb5be6eccb90cb58c100d42a3bbcc40b7a16948410734e13625a69c	catalog_endurance_racing	2026	endurance_racing		not_tagged			tournament			mixed	endurance_racing:2026 8 hours of bahrain (wec #8)
8.11.2026	2026 Sao Paulo Grand Prix (F1) #20	Formula racing		event-39d4d6fc0c497280f1a8a46e72ff0c2919e8b6440fc55861f98bccf263c3e0d2	catalog_formula_racing	2026	formula_racing		not_tagged			tournament			mixed	formula_racing:2026 sao paulo grand prix (f1) #20
8.11.2026	2026 Qatar motorcycle Grand Prix (MotoGP #20)	Motorcycle racing		event-8acf9edfebfd007d5d7b7110cd8ef033a31136470a4d7da5eff51f885da47741	catalog_motorcycle_racing	2026	motorcycle_racing		not_tagged			tournament			mixed	motorcycle_racing:2026 qatar motorcycle grand prix (motogp #20)
8.11.2026 - 9.11.2026	2026 UCI Cyclo-cross European Championships	Cyclo-cross		event-0f9f062b9e423cbb635d3132bb0181038bfe8d1a03b89d133becc1924e3f8e2c	catalog_other	2026	other		not_tagged			national_championship			mixed	other:2026 uci cyclo-cross european championships
13.11.2026	2026 European Cross Country Championships	Athletics		event-40f707978bf02ed6a33cf382b92c7eb3d96da793bd9a9b6f02edc3a87357994c	catalog_athletics	2026	athletics		not_tagged			national_championship			mixed	athletics:2026 european cross country championships
13.11.2026 - 22.11.2026	2026 Amputee Football World Cup	Amputee football		event-c07ec049fc3ecf43a58f32be3ef64928d56b4ab2020c218d0f6577d4e8ed45e4	catalog_other	2026	other		not_tagged			tournament			mixed	other:2026 amputee football world cup
15.11.2026	113th Grey Cup	Canadian football		event-e00d7a464ffa552758f92e686fc987ab730c301b560235850a31f14e43c4f144	catalog_other	2026	other		not_tagged			tournament			mixed	other:113th grey cup
15.11.2026	2026 Portuguese motorcycle Grand Prix (MotoGP #21)	Motorcycle racing		event-b9a4011da4281931ab48234e820368023eee820bf92110ca6da67337a3f981e4	catalog_motorcycle_racing	2026	motorcycle_racing		not_tagged			tournament			mixed	motorcycle_racing:2026 portuguese motorcycle grand prix (motogp #21)
15.11.2026 - 22.11.2026	2026 ATP Finals	Tennis		event-04cdac492ef18d643a9061a1e855b9b8df46684ed4c8cd10af7238f49fa3a79c	catalog_tennis	2026	tennis		not_tagged			cup_final			mixed	tennis:2026 atp finals
19.11.2026 - 22.11.2026	2026 World Judo Juniors Championships	Judo		event-bcd435c764d4287633b4d049980ff5482813a1adde561367ba363de46dc747ca	catalog_judo	2026	judo		not_tagged			national_championship			mixed	judo:2026 world judo juniors championships
20.11.2026 - 27.11.2026	2026 U-12 Pan American Baseball Championship	Baseball		event-4caf3861547222fe094ee54f162c9fe67cdacdf7a0b93ea43bf75c926fefa698	catalog_baseball	2026	baseball		not_tagged			national_championship			mixed	baseball:2026 u-12 pan american baseball championship
21.11.2025 - 9.1.2026	2025–26 Ashes series	Cricket		event-02dc8a6280e99f33ea3fdb81bb7207a1649bd66ebff381ab4b1ce4d3acd9f57d	catalog_cricket	2025	cricket		not_tagged			tournament			mixed	cricket:2025–26 ashes series
21.11.2026	2026 Las Vegas Grand Prix (F1) #21	Formula Racing		event-5021997d2a72c360e5e20b8f69203a4f22ccc38d233387a49e5a80ec379c9f50	catalog_formula_racing	2026	formula_racing		not_tagged			tournament			mixed	formula_racing:2026 las vegas grand prix (f1) #21
21.11.2026 - 28.11.2026	2026 ITTF World Youth Championships	Table tennis		event-a14c6f5ff435d7e5288681adfce542fb809233f5a0f3c393f50cad3bd5077b76	catalog_table_tennis	2026	table_tennis		not_tagged			national_championship			mixed	table_tennis:2026 ittf world youth championships
22.11.2026	2026 Valencian Community motorcycle Grand Prix (MotoGP #22)	Motorcycle racing		event-6cdfcc5c282b5316e3cbbe3c0daff04f48940f84c961c9a06a1137279b943514	catalog_motorcycle_racing	2026	motorcycle_racing		not_tagged			tournament			mixed	motorcycle_racing:2026 valencian community motorcycle grand prix (motogp #22)
23.11.2026 - 29.11.2026	2026 Teqball World Championships	Teqball		event-c00f331c3e56a3e85152003af67a0e037751f4ce2edd8b9638abde272c5bb541	catalog_other	2026	other		not_tagged			national_championship			mixed	other:2026 teqball world championships
25.11.2026 - 2.12.2026	2026 World Boxing Cup Finals	Amateur boxing		event-9b73a3012942a54a0026c6eccb43ffb65f025622e5e61169f61beba734db348a	catalog_other	2026	other		not_tagged			cup_final			mixed	other:2026 world boxing cup finals
28.11.2026	2026 Copa Libertadores final	Association football		event-690083af89e962153357a01e44551e4a30c31f8ac2a4c77f1b161fb680c1f17e	catalog_football	2026	football		not_tagged			cup_final			mixed	football:2026 copa libertadores final
29.11.2026	2026 Lusail Grand Prix (F1) #22	Formula Racing		event-5e729202591aad3f71b84d52790b19a6eb7e86696215b4bff6af394fa2e40d0d	catalog_formula_racing	2026	formula_racing		not_tagged			tournament			mixed	formula_racing:2026 lusail grand prix (f1) #22
29.11.2026 - 6.12.2026	2026 ITTF Mixed Team World Cup	Table tennis		event-d91b722328bdd4e1442ee01b4c2840e4bfd68fd1b28250d7e8d78586e153af99	catalog_table_tennis	2026	table_tennis		not_tagged			tournament			mixed	table_tennis:2026 ittf mixed team world cup
30.11.2026 - 6.12.2026	2026 World Bowls Junior Indoor Championship	Bowls		event-d946eeba0923c7b1989625ebb4a10406261bfbd579f6459b64ae14e4a947bc03	catalog_other	2026	other		not_tagged			national_championship			mixed	other:2026 world bowls junior indoor championship
3.12.2026 - 20.12.2026	2026 European Women's Handball Championship	Handball		event-3966dc10d1721d4230239559b95a3974862cc93b002940641abc82663b4a0edc	catalog_handball	2026	handball		not_tagged			national_championship			female	handball:2026 european women's handball championship
4.12.2026 - 6.12.2026	2026 ARRC Chang round	Motorcycle racing		event-ce1fe62d7685cd008b4e9c1c3d2c0643cd37619056538359096a702fd8ce0fbe	catalog_motorcycle_racing	2026	motorcycle_racing		not_tagged			tournament			mixed	motorcycle_racing:2026 arrc chang round
6.12.2026	2026 Copa do Brasil final	Association football		event-04925f742c7cefc0094445f3e97b3402ab7f41b80f3692e94968854d4383e542	catalog_football	2026	football		not_tagged			cup_final			mixed	football:2026 copa do brasil final
6.12.2026	2026 Abu Dhabi Grand Prix (F1) #23	Formula Racing		event-6d66b87aa700a48b7e23c024532291f1d3583b57915a1669e1f7d7149c6f246b	catalog_formula_racing	2026	formula_racing		not_tagged			tournament			mixed	formula_racing:2026 abu dhabi grand prix (f1) #23
7.12.2026 - 13.12.2026	2026 BWF World Tour Finals	Badminton		event-bc31da8a5fccaa1c57cbef6d160b231342a0ce4db7dd01ec162859613f33b585	catalog_badminton	2026	badminton		not_tagged			cup_final			mixed	badminton:2026 bwf world tour finals
7.12.2026 - 13.12.2026	2026 FIVB Volleyball Women's Club World Championship	Volleyball		event-5a323d7b68642061d3a74720126d960b0d4ff278802edc7fc85dc76e1c2a01f0	catalog_volleyball	2026	volleyball		not_tagged			national_championship			female	volleyball:2026 fivb volleyball women's club world championship
9.12.2026 - 13.12.2026	2026 Baseball5 World Cup	Baseball5		event-43a0901be32c29fd7337a4aa22db97b22909dcce42283e365cec1d6e3fb0c12a	catalog_other	2026	other		not_tagged			tournament			mixed	other:2026 baseball5 world cup
13.12.2026	2026 Liga Profesional de Fútbol Tornea Clausura final	Association football		event-03be87c1d74b0dd8e51e330ef669f07495692a347476bab78e73a84c8d68732e	catalog_football	2026	football		not_tagged			cup_final			mixed	football:2026 liga profesional de fútbol tornea clausura final
14.12.2026 - 20.12.2026	2026 FIVB Volleyball Men's Club World Championship	Volleyball		event-921ae5b35d0efa58259a21f369718e43843f640bc6357fd4a6ac35ec5b1794d3	catalog_volleyball	2026	volleyball		not_tagged			national_championship			male	volleyball:2026 fivb volleyball men's club world championship
18.12.2026	2026 MLS Cup	Association football		event-45bb43b2731e158ea3456b33d799e4d1df6a19a678e647e0b5a76c3661e7329e	catalog_football	2026	football		not_tagged			tournament			mixed	football:2026 mls cup
20.12.2026	2026 European Women's Handball Championship final	Handball		event-27dc14aacbaf2e0de399b696b57f377f78197f2fbdb5d72e923db4967886082e	catalog_handball	2026	handball		not_tagged			cup_final			female	handball:2026 european women's handball championship final
26.12.2026 - 5.1.2027	2027 World Junior Ice Hockey Championships	Ice Hockey		event-d74a34d60fc37f816bb354382fb2f24c63e015d850b76b8ab4776bb1afe151d0	catalog_ice_hockey	2027	ice_hockey		not_tagged			national_championship			mixed	ice_hockey:2027 world junior ice hockey championships
28.8.2026	2026/27 Bundesliga opener: Bayern Munich vs VfB Stuttgart	Football		event-fe0c4b2c0af0e69bfe0009f34fb68b7a012a8c464d5454c01219cc1b8920239f	bundesliga	2026-27	football		national	DE		season			male	season_opener
21.8.2026	2026/27 Frauen-Bundesliga opener: Union Berlin vs Bayern Munich	Football		event-6a4dd346c63dab16dc67fce14742cec45f62963fa91469bf63b7856606b66881	frauen_bundesliga	2026-27	football		national	DE		season			female	season_opener
9.9.2026	2026 NFL Kickoff: New England Patriots vs Seattle Seahawks	American Football		event-7cc099e5cf62a32e8737691f37de87d4053ebda9a1532b56eb6d0d78445095cf	nfl	2026	american_football		national	US		season			mixed	season_opener
29.8.2026	2026 NCAA Division I FBS Week 0	American Football		event-409105db1cbc3731ae59599417fdb87c322d03acabca5b37b2afa7cd6cb9e9c0	catalog_american_football	2026	american_football		national	US		season			mixed	season_opener
21.8.2026	2026/27 Premier League opener	Football		event-efd8391eed15b960353895c6e45e06cb1e058bc6aa7807ec24f683975aa91f8f	premier_league	2026-27	football		national	GB		season			male	season_opener
21.8.2026	2026/27 Ligue 1 opener	Football		event-5756ef3915c211ec32b0504b337a1de2dcb7b3d0b688b252963855046d24de5c	ligue_1	2026-27	football		national	FR		season			male	season_opener
22.8.2026	2026/27 Serie A opener	Football		event-0c240294c33325d19a9ff14469849a1199fecc12e1aec4d8ca8d6dd94cecff93	serie_a	2026-27	football		national	IT		season			male	season_opener
