Datum	Ereignis	Sportart	Ort	event_id	competition_key	season	sport_key	discipline_key	coverage	audience_countries	uk_home_nations	event_kind	host_countries	division	gender	stage
11.12.2025 - 3.1.2026	2026 PDC World Darts Championship	Darts		event-839b860788180cf14c5ce19e61a6f63c28726123b79738319810e3fe526a9418	catalog_other	2026	other		not_tagged			national_championship			mixed	other:2026 pdc world darts championship
21.12.2025 - 18.1.2026	2025 Africa Cup of Nations	Association football		event-a4e8efba020c232288683c44793f2bc3b30adf6f90e8362b5f2be16486733429	catalog_football	2025	football		not_tagged			tournament			mixed	football:2025 africa cup of nations
26.12.2025 - 5.1.2026	2026 World Junior Ice Hockey Championships	Ice hockey		event-cb377d82a7bccdb322dea59334c7d768f9ef5c725331a86d7b3fc44fd4d3c7e0	catalog_ice_hockey	2026	ice_hockey		not_tagged			national_championship			mixed	ice_hockey:2026 world junior ice hockey championships
2.1.2026	2026 NHL Winter Classic	Ice Hockey		event-20f8c932462bf00dea130d9cfdb5ed52cdcd89a5f27a040834d52f05d787ef17	catalog_ice_hockey	2026	ice_hockey		not_tagged			tournament			mixed	ice_hockey:2026 nhl winter classic
2.1.2026 - 11.1.2026	2026 United Cup	Tennis		event-82edf312cdc6e268383b60544a03ba2fff2a90d382a909e370ca511b34e4077e	catalog_tennis	2026	tennis		not_tagged			tournament			mixed	tennis:2026 united cup
3.1.2026 - 17.1.2026	2026 Dakar Rally (WRRC #1)	Rally raid		event-f9e203c54441bb3ddb7b1007ba1f919b6f1054f8f52190b2ab1fb35f6b774833	catalog_other	2026	other		not_tagged			tournament			mixed	other:2026 dakar rally (wrrc #1)
3.1.2026 - 26.1.2026	2026 Hockey India League season	Field hockey		event-c978e853caf624a0a8e95bf13f3f6d2ef7cfe194f496fe0ffca4050afb8bed0d	catalog_other	2026	other		not_tagged			season			mixed	other:2026 hockey india league season
6.1.2026 - 11.1.2026	2026 Asia-Pacific Men's Lacrosse Championship	Lacrosse		event-1bfaf1f86d36019ef7a4e1e2f47a2dd4c7928a7cf0ee0cfff2b03bf0f4bc8490	catalog_other	2026	other		not_tagged			national_championship			male	other:2026 asia-pacific men's lacrosse championship
6.1.2026 - 24.1.2026	2026 AFC U-23 Asian Cup	Association football		event-c4a1a53b67b7143627fb1cb989589bc99cfb080b115e385e26d5924e94d89279	catalog_football	2026	football		not_tagged			tournament			mixed	football:2026 afc u-23 asian cup
8.1.2026 - 11.1.2026	2026 Men's EuroHockey Indoor Championship	Field hockey		event-f309169c421f69e0a3530ff68ffdc1467b9a7279f3373a87ced993c8b084b2ec	catalog_other	2026	other		not_tagged			national_championship			male	other:2026 men's eurohockey indoor championship
9.1.2026 - 11.1.2026	IBSF European Championships 2026	Bobsleigh and skeleton		event-a864b045a483d509ac025b9fd09c0d9840ba5806fde529bd4f5570f8fc7d04e0	catalog_other	2026	other		not_tagged			national_championship			mixed	other:ibsf european championships 2026
9.1.2026 - 11.1.2026	2026 European Speed Skating Championships	Speed skating		event-097cf6a4e87fc467949a0474ace0172a2e30bad1d3adb2adc34ea2766c1ccb4e	catalog_other	2026	other		not_tagged			national_championship			mixed	other:2026 european speed skating championships
9.1.2026 - 25.1.2026	2026 World Indoor Bowls Championship	Bowls		event-1f6036f06463a6054099181e4a4cf42a0374f15494121017f9b80f014e88fc6b	catalog_other	2026	other		not_tagged			national_championship			mixed	other:2026 world indoor bowls championship
9.1.2026 - 5.2.2026	2026 Women's Premier League season	Cricket		event-91847f623771a4ca1e1e4c4879c70ff4c16344a7d708e8ddab269ed228e0a00d	catalog_other	2026	other		not_tagged			season			female	other:2026 women's premier league season
10.1.2026	2026 World Athletics Cross Country Championships	Athletics		event-bd8544f03626ad9214d3cec24bc3ef4d778ea7ae35d8f4748670b75127254e89	catalog_athletics	2026	athletics		not_tagged			national_championship			mixed	athletics:2026 world athletics cross country championships
10.1.2026	2026 Mexico City ePrix (FE #2)	Formula racing		event-54f8ebee09c5c175c1b155b41395b88b604c059443229105b7f06d33efc865ff	catalog_other	2026	other		not_tagged			tournament			mixed	other:2026 mexico city eprix (fe #2)
10.1.2026	RAF 05: Covington vs. Rockhold	Wrestling		event-b6e9318c480fda6434a815c99b42308ade066842d0ff7c4120ca2513778ff18d	catalog_other	2026	other		not_tagged			tournament			mixed	other:raf 05: covington vs. rockhold
10.1.2026 - 18.1.2026	2026 IIHF U18 Women's World Championship	Ice hockey		event-3e7371e69bb8b20b0c79c5aec37d849fe3b3add8d0c5f43133a5d26f561d1039	catalog_ice_hockey	2026	ice_hockey		not_tagged			national_championship			female	ice_hockey:2026 iihf u18 women's world championship
10.1.2026 - 25.1.2026	2026 Men's European Water Polo Championship	Water polo		event-58498d89db0f5469ec750fff0ddda1da54523c0ca925d1ae6d7d6939e0389df4	catalog_other	2026	other		not_tagged			national_championship			male	other:2026 men's european water polo championship
11.1.2026 - 18.1.2026	2026 Masters (Triple Crown #2)	Snooker		event-9a92d6e4fed84db1637b6a01695a766b2c54da7b9fffac40207c615599c8cd3a	catalog_other	2026	other		not_tagged			tournament			mixed	other:2026 masters (triple crown #2)
12.1.2026 - 16.1.2026	2026 South and Central American Women's Junior Handball Championship	Handball		event-73444f608b3a89fac0b4db888df767bcc8e22299c87c4ab7ad8ebb00acfa5969	catalog_other	2026	other		not_tagged			national_championship			female	other:2026 south and central american women's junior handball championship
12.1.2026 - 18.1.2026	2026 Bandy World Championship 2026 Women's Bandy World Championship	Bandy		event-0c16617d9029f50129450fd514ceaff0a9fc96f7c82fd73ca49dbf18aa0bc1d7	catalog_other	2026	other		not_tagged			national_championship			female	other:2026 bandy world championship 2026 women's bandy world championship
13.1.2026 - 18.1.2026	2026 European Figure Skating Championships	Figure skating		event-2a4d0242d5d6204532ede4ce2de8df0fe9e2d975618e729c05eff6e7b0d31cea	catalog_other	2026	other		not_tagged			national_championship			mixed	other:2026 european figure skating championships
13.1.2026 - 25.1.2026	2026 SAFF Women's Futsal Championship	Futsal		event-3d6243d11c56c08bb92a3ceacae3b07738844e99705a639f97429912d9a56d20	catalog_other	2026	other		not_tagged			national_championship			female	other:2026 saff women's futsal championship
14.1.2026 - 26.1.2026	2026 SAFF Futsal Championship	Futsal		event-713210729412d6fcb286d12f6e3ff9fa89bbe23d597a43c1f3b34498d3ea32cb	catalog_other	2026	other		not_tagged			national_championship			mixed	other:2026 saff futsal championship
15.1.2026 - 18.1.2026	2026 Women's EuroHockey Indoor Championship	Field hockey		event-073531229b26068c01c90f18bb83d66b4d9cb2ed74997db2b5d6e72776e8e5d7	catalog_other	2026	other		not_tagged			national_championship			female	other:2026 women's eurohockey indoor championship
15.1.2026 - 29.1.2026	2026 Asian Men's Handball Championship	Handball		event-2dc2d239de4afcd9be8e760dcd1e4d7bbb112460f5c4d500d020a49c8470ffc0	catalog_other	2026	other		not_tagged			national_championship			male	other:2026 asian men's handball championship
15.1.2026 - 1.2.2026	2026 European Men's Handball Championship	Handball		event-5eecef63a0a561bb4c2c746b4dab9012d9707b5dc84cd65cc3dd94602545543a	catalog_other	2026	other		not_tagged			national_championship			male	other:2026 european men's handball championship
15.1.2026 - 6.2.2026	2026 Under-19 Men's Cricket World Cup	Cricket		event-1bb6f09e95601bd6ef68433bbb2b06c1acf10e08c1005408cf1623afb8325c37	catalog_other	2026	other		not_tagged			tournament			male	other:2026 under-19 men's cricket world cup
16.1.2026 - 18.1.2026	2026 European Short Track Speed Skating Championships	Short-track speed skating		event-b46517a7014bf98d23fa0cdfaff0ac1beca2a05545870670ca02bfbcede6923b	catalog_other	2026	other		not_tagged			national_championship			mixed	other:2026 european short track speed skating championships
17.1.2026 - 24.1.2026	2026 FIL European Luge Championships	Luge		event-a2af1cb287caea56dde2ca1197552cfbcb315c12574b26e15af258fcb07bfb9a	catalog_other	2026	other		not_tagged			national_championship			mixed	other:2026 fil european luge championships
17.1.2026 - 24.5.2026	2026 OFC Professional League	Association football		event-daa8fa60aef5869803bada10cd37f3f7500ed3760ada8b7a5dd2857588917411	catalog_football	2026	football		not_tagged			season			mixed	football:2026 ofc professional league
18.1.2026	2025 Africa Cup of Nations final	Association football		event-21dbf3c0227293e69717618e0e3c17a4ebdaea22ac3fbdb79a3f930de20d68bf	catalog_football	2025	football		not_tagged			cup_final			mixed	football:2025 africa cup of nations final
18.1.2026 - 1.2.2026	2026 Australian Open	Tennis		event-839843bf8b6480e7ef26e8e4a46d54f1d662bec1bf58e7cca43f5c52b0911cf4	catalog_tennis	2026	tennis		not_tagged			tournament			mixed	tennis:2026 australian open
19.1.2026	2026 College Football Playoff National Championship	American football		event-f2c3d146249763bcde857496d31ef92fcf4a6ef521884fe5fe1ff5f3a7a9df0e	catalog_american_football	2026	american_football		not_tagged			national_championship			mixed	american_football:2026 college football playoff national championship
19.1.2026 - 24.1.2026	2026 South and Central American Men's Handball Championship	Handball		event-ce6d1f255c52317eec2adb459e685277fdbffe35b944190687e705bbfff7d02a	catalog_other	2026	other		not_tagged			national_championship			male	other:2026 south and central american men's handball championship
21.1.2026 - 25.1.2026	2026 IBU Junior Open European Championships	Biathlon		event-4996bcb8be1793d5157b20d730dc9a0c60896f6ccf4da3e21b55d7259bce3fe8	catalog_other	2026	other		not_tagged			national_championship			mixed	other:2026 ibu junior open european championships
21.1.2026 - 25.1.2026	2026 Four Continents Figure Skating Championships	Figure skating		event-1d959112ed5ed40ad82a751c7f05bf4482e6c2df29a1d7b40659fc695e141baa	catalog_other	2026	other		not_tagged			national_championship			mixed	other:2026 four continents figure skating championships
21.1.2026 - 31.1.2026	2026 African Men's Handball Championship	Handball		event-679fd6999d0446f50c0735ea202b23ebdc7560389f0f7c596618bf13af8acffe	catalog_other	2026	other		not_tagged			national_championship			male	other:2026 african men's handball championship
21.1.2026 - 7.2.2026	UEFA Futsal Euro 2026	Futsal		event-05b07f10bb370718c85c9ec4a7ffb5964c72b7bccb4dbe8c207a636ca591020a	catalog_other	2026	other		not_tagged			tournament			mixed	other:uefa futsal euro 2026
22.1.2026 - 25.1.2026	2026 Monte Carlo Rally (WRC #1)	Rallying		event-fc351bede91aae61747841ebe1c9a120191e598866d0e05f22c43a34356f2910	catalog_other	2026	other		not_tagged			tournament			mixed	other:2026 monte carlo rally (wrc #1)
22.1.2026 - 25.1.2026	FIS Ski Flying World Championships 2026	Ski flying		event-4b16dab9fd0069717bad790b0d68649df62b9b37afd3a08bca2d2a38bea3e06d	catalog_other	2026	other		not_tagged			national_championship			mixed	other:fis ski flying world championships 2026
24.1.2026	UFC 324: Gaethje vs. Pimblett	Mixed martial arts		event-927772d4b8bd1c298d553920610514518c27aac3791814d0a6c06f980ae59e0c	catalog_other	2026	other		not_tagged			tournament			mixed	other:ufc 324: gaethje vs. pimblett
24.1.2026	2026 Rugby Europe Super Cup final	Rugby union		event-1608da443a5346f52b998c089fa73fe3660e4d7bde738f38ab9df646b5876e08	catalog_other	2026	other		not_tagged			cup_final			mixed	other:2026 rugby europe super cup final
24.1.2026 - 1.2.2026	2026 Copa América de Futsal	Futsal		event-9dd659382c261c65d12ba092ee93e644f5f78c1fb02044f1704b65c60bf614b2	catalog_other	2026	other		not_tagged			tournament			mixed	other:2026 copa américa de futsal
25.1.2026	2025–26 Big Bash League final	T20 Cricket		event-ae2a2cd0167c131b70af49aa26ac4db5bd77fc660bff51c3e816cef396e22594	catalog_other	2025	other		not_tagged			cup_final			mixed	other:2025–26 big bash league final
25.1.2026	2026 SA20 final	T20 Cricket		event-329441b04e79e711c1ae24fec792e159f18c3a367370fdb79f5e3c0a57cf7684	catalog_other	2026	other		not_tagged			cup_final			mixed	other:2026 sa20 final
25.1.2026 - 1.2.2026	2026 IBU Open European Championships	Biathlon		event-ae712e15cda043dda69a4f3d853b89c0550d91dedb425352022623a9698bbdbe	catalog_other	2026	other		not_tagged			national_championship			mixed	other:2026 ibu open european championships
26.1.2026 - 5.2.2026	2026 Women's European Water Polo Championship	Water polo		event-09b9985ca2463a07d7f7366403dafc120bdf304882f970970db4229d70aa178e	catalog_other	2026	other		not_tagged			national_championship			female	other:2026 women's european water polo championship
27.1.2026 - 7.2.2026	2026 AFC Futsal Asian Cup	Futsal		event-d61769b8b443f0ea36592ae7c15f34712ab03e263d0aeb99428fed427090f705	catalog_other	2026	other		not_tagged			tournament			mixed	other:2026 afc futsal asian cup
28.1.2026 - 1.2.2026	2026 ITTF Pan-America Cup	Table Tennis		event-54ace92fc5d8a12797ad7b872f86f93b37f1052c5b16db84bfdd44345e03afd1	catalog_table_tennis	2026	table_tennis		not_tagged			tournament			mixed	table_tennis:2026 ittf pan-america cup
29.1.2026 - 1.2.2026	2026 PDC World Masters	Darts		event-6e346072c8a6c7b14336747198c7922e3cabeda110729781c92bc9e7cb6bcb13	catalog_other	2026	other		not_tagged			tournament			mixed	other:2026 pdc world masters
29.1.2026 - 1.2.2026	2026 World Junior Short Track Speed Skating Championships	Short-track speed skating		event-457c55abe3b455b157e62e6fb528de7ef3490a704ad6e41d190358d0b8a866b0	catalog_other	2026	other		not_tagged			national_championship			mixed	other:2026 world junior short track speed skating championships
30.1.2026 - 1.2.2026	2026 UCI Cyclo-cross World Championships	Cyclo-cross		event-69caebfad21cc27fef79ae768c066710541147278749c4f58a1325d87884be34	catalog_other	2026	other		not_tagged			national_championship			mixed	other:2026 uci cyclo-cross world championships
31.1.2026	2026 Miami ePrix (FE #3)	Formula racing		event-a981ffa172d1ad1e41f8350110ba31dc26560efd426ba1b0b6c5c460d711d84a	catalog_other	2026	other		not_tagged			tournament			mixed	other:2026 miami eprix (fe #3)
31.1.2026	2025–26 Super Smash final	T20 Cricket		event-7195df98b93ff0bc6517777c13d318c02150755df472f8efbd313963a8594955	catalog_other	2025	other		not_tagged			cup_final			mixed	other:2025–26 super smash final
31.1.2026 - 1.2.2026	2026 ITTF-Oceania Cup	Table Tennis		event-2aeccd83464c9495c36efcdc014103cee5e6a30bf48fd868cc21c3ba89c49bfc	catalog_table_tennis	2026	table_tennis		not_tagged			tournament			mixed	table_tennis:2026 ittf-oceania cup
1.2.2026	2026 FIFA Women's Champions Cup final	Association football		event-b75a6003698103cad28cadd9d9bed1c4e30e06e35811e431711158c569f98be6	catalog_football	2026	football		not_tagged			cup_final			female	football:2026 fifa women's champions cup final
1.2.2026	2026 NHL Stadium Series	Ice Hockey		event-e9e649136b02a23d26c04530484a4cecba975e8f8604a44d53c6d17c4700f5d3	catalog_ice_hockey	2026	ice_hockey		not_tagged			tournament			mixed	ice_hockey:2026 nhl stadium series
1.2.2026	UFC 325: Volkanovski vs. Lopes 2	Mixed martial arts		event-41648c744fbf7295c33859aebc8282d8ef021bfca65039c21027af72f6bb0d3d	catalog_other	2026	other		not_tagged			tournament			mixed	other:ufc 325: volkanovski vs. lopes 2
1.2.2026 - 5.2.2026	2026 UEC European Track Championships	Track cycling		event-505b50cc8aa9dab2ebafbe5404f09f45902d9c095e979f0ba1a8b095e84f12c2	catalog_cycling	2026	cycling		not_tagged			national_championship			mixed	cycling:2026 uec european track championships
2.2.2026 - 14.2.2026	2026 Asian Rifle/Pistol Championships	Shooting		event-1eb019ce945d1185629cf65a567bbcd77e81b131d5799b54b403e77c175e7e5b	catalog_other	2026	other		not_tagged			national_championship			mixed	other:2026 asian rifle/pistol championships
3.2.2026	2026 Pro Bowl Games	American football		event-7f6f8897024413a1cf6aa969c34654d01a1c9134596449d80a595e4bc7a6fdbe	catalog_american_football	2026	american_football		not_tagged			tournament			mixed	american_football:2026 pro bowl games
3.2.2026 - 7.2.2026	2026 European/African Ice Swimming Championships	Winter swimming		event-1f8b6ed98d654ec1f6ad682905571401baa5808c051fbe05b77c5109d7b0f33f	catalog_other	2026	other		not_tagged			national_championship			mixed	other:2026 european/african ice swimming championships
3.2.2026 - 8.2.2026	2026 Badminton Asia Team Championships	Badminton		event-c7f0e6b2f51565857571dd454f933a79fe4274a5d2f2994ce37571e2b48b6b1c	catalog_other	2026	other		not_tagged			national_championship			mixed	other:2026 badminton asia team championships
3.2.2026 - 8.2.2026	2026 World Grand Prix (Players Series #1)	Snooker		event-3faac96c585e7285ba17bdb3b4949a006753622a8f52d94b4b2d42f223e9b527	catalog_other	2026	other		not_tagged			tournament			mixed	other:2026 world grand prix (players series #1)
3.2.2026 - 30.5.2026	2026 CONCACAF Champions Cup season	Association football		event-2622332cb9e968327ff5ae4b42f9ecfe4cb7a0672ac21215f9a9fec055b05994	catalog_football	2026	football		not_tagged			season			mixed	football:2026 concacaf champions cup season
3.2.2026 - 28.11.2026	2026 Copa Libertadores season	Association football		event-c7634c357e5b42d1e445a2627c5e2379ae46233e5036857f3e60cb02124a17e7	catalog_football	2026	football		not_tagged			season			mixed	football:2026 copa libertadores season
4.2.2026 - 8.2.2026	2026 ITTF-ATTU Asian Cup	Table Tennis		event-d716e159de594ff040ebba02ca91a4fc5b6ce420067c9ff5b002de0053e2f0cb	catalog_table_tennis	2026	table_tennis		not_tagged			tournament			mixed	table_tennis:2026 ittf-attu asian cup
4.2.2026 - 28.2.2026	2026 South American Under-20 Women's Football Championship	Association football		event-fb75290dcd22d5b5f891a9333d3fec241ec44d368da1d1c4d5666c61ea74d251	catalog_football	2026	football		not_tagged			national_championship			female	football:2026 south american under-20 women's football championship
5.2.2026	2026 Women's Premier League final	T20 Cricket		event-54f38b4b165cd6dad0c05b7ff9586eb7fd4388aa94f65c334c91e3b20a4df251	catalog_other	2026	other		not_tagged			cup_final			female	other:2026 women's premier league final
5.2.2026 - 8.2.2026	2026 Europe Top 16 Cup	Table tennis		event-d68f85bc1076483a8a7178ccba3affcb92ec3601f3fb7f77c17f7574baff8f99	catalog_table_tennis	2026	table_tennis		not_tagged			tournament			mixed	table_tennis:2026 europe top 16 cup
5.2.2026 - 14.3.2026	2026 Six Nations Championship	Rugby union		event-b5415f0b6001e135cf4557b6b9d7be76623f8f9d2e15eedd3a7c517f2a4956e0	catalog_other	2026	other		not_tagged			national_championship			mixed	other:2026 six nations championship
6.2.2026 - 8.2.2026	2026 Asian Indoor Athletics Championships	Athletics		event-cb8bd78b27138fb7b398d63fa96a3039cd2285be5732ee57da4900e27c80efcf	catalog_athletics	2026	athletics		not_tagged			national_championship			mixed	athletics:2026 asian indoor athletics championships
6.2.2026 - 22.2.2026	2026 Winter Olympics	Multi-sport		event-70318a2a8f627bade590777c145d96007a79c1215bd0e8028958acb111ad2caf	catalog_other	2026	other		not_tagged			tournament			mixed	other:2026 winter olympics
7.2.2026	2026 UCI Snow Bike World Championships	Snow biking		event-db37ad5217b43cff4aba61040a2ed5e3bd8497f323abefb9712e181b9d9e3c68	catalog_other	2026	other		not_tagged			national_championship			mixed	other:2026 uci snow bike world championships
7.2.2026 - 9.2.2026	2026 ITTF Africa Cup	Table Tennis		event-6cfe6777e67fdc6f6910c8a87f361d8da307901254e005a0f8650e7db0040fc7	catalog_table_tennis	2026	table_tennis		not_tagged			tournament			mixed	table_tennis:2026 ittf africa cup
7.2.2026 - 8.3.2026	2026 Men's T20 World Cup	T20 Cricket		event-676d53e7518b98da2bb8d5a3358d09f3df418d16f784a4c60bf5d2dae6afa334	catalog_other	2026	other		not_tagged			tournament			male	other:2026 men's t20 world cup
8.2.2026	Super Bowl LX	American football		event-64925f07c5ae3b0cf1a199dbed817e9ea272409f1e728704070f6b66b3c2be3c	catalog_american_football	2026	american_football		not_tagged			cup_final			mixed	american_football:super bowl lx
8.2.2026 - 14.2.2026	2026 BWF Para-Badminton World Championships	Para-badminton		event-b3cfa913d0accf487465f6dcabb6fba6610dc2f67a1150ee909c4a067548130d	catalog_other	2026	other		not_tagged			national_championship			mixed	other:2026 bwf para-badminton world championships
8.2.2026 - 15.2.2026	2026 Oceania Badminton Championships	Badminton		event-853ddf6cb0257cc6fdd5c964195e9f4710aca191434e360a458905c7f6ceada4	catalog_other	2026	other		not_tagged			national_championship			mixed	other:2026 oceania badminton championships
8.2.2026 - 15.2.2026	2026 European Junior Shooting Championships	Sport shooting		event-0b1c9f170b05337511266e4b6a528ea88c2e7bf67edf27ff6e61f30641980482	catalog_other	2026	other		not_tagged			national_championship			mixed	other:2026 european junior shooting championships
9.2.2026 - 12.2.2026	2026 All Africa Men's and Women's Team Badminton Championships	Badminton		event-228b1b728fcd5fa4d03241faf5e6172fbbbeb4bc2e50b683040b0dbead64bede	catalog_other	2026	other		not_tagged			national_championship			female	other:2026 all africa men's and women's team badminton championships
11.2.2026 - 15.2.2026	2026 European Men's and Women's Team Badminton Championships	Badminton		event-8e32a5d4c75388d3f5b2a1a9e7b7fc6a94d43ff7882ff56635445cb2c4cd683f	catalog_other	2026	other		not_tagged			national_championship			female	other:2026 european men's and women's team badminton championships
12.2.2026 - 15.2.2026	2026 Pan Am Male & Female Badminton Cup	Badminton		event-26a5036bc84d9bf43764ed6ddbb532530415b369cab663fd2e00b3b1b829e1d6	catalog_other	2026	other		not_tagged			tournament			female	other:2026 pan am male & female badminton cup
12.2.2026 - 15.2.2026	2026 Rally Sweden (WRC #2)	Rallying		event-bf96ecec7702900d429d1cc22d46bdc7b0006f4c4e67bdde7f907612ace5c192	catalog_other	2026	other		not_tagged			tournament			mixed	other:2026 rally sweden (wrc #2)
12.2.2026 - 20.6.2026	2026 Super Rugby Pacific season	Rugby union		event-e4050170cc6e750ecf5bd4c77f2c45c743af07c848f6e5820dd7b74374d67e09	catalog_other	2026	other		not_tagged			season			mixed	other:2026 super rugby pacific season
13.2.2026 - 14.2.2026	2026 Jeddah ePrix (FE #4/5)	Formula racing		event-faebfcc9525b365d54da7e9c3e2835bcc51621307eb30e1f07ab8bdd65418343	catalog_other	2026	other		not_tagged			tournament			mixed	other:2026 jeddah eprix (fe #4/5)
13.2.2026 - 15.2.2026	2026 African Badminton Championships	Badminton		event-b01315f33984dcc1fe3226606ba629a685ef395597cbaa609d22fbdc4a077936	catalog_other	2026	other		not_tagged			national_championship			mixed	other:2026 african badminton championships
13.2.2026 - 15.2.2026	FIDE Freestyle Chess World Championship 2026	Chess		event-d2e2ac033da90b6f033e1ae95608e73bd74882eab644ffc8c4efe46074878a4b	catalog_other	2026	other		not_tagged			national_championship			mixed	other:fide freestyle chess world championship 2026
13.2.2026 - 15.2.2026	2026 Men's EuroHockey Indoor Club Cup	Indoor hockey		event-1481b1fe6aadae714e946abbc740320ee601df5a1cb7a1970af47fa715a9acd3	catalog_other	2026	other		not_tagged			tournament			male	other:2026 men's eurohockey indoor club cup
14.2.2026	2026 Saudi Cup	Horse racing		event-7c74dacdae9d37fe481a18c3823d3e7ca5702e612c1162505af24861193a8052	catalog_other	2026	other		not_tagged			tournament			mixed	other:2026 saudi cup
14.2.2026 - 21.5.2026	2026 Indian Super League season	Association football		event-b1a0ed402326cea0db3143cfb27f06f5b2f6615681c64ee28c8f9f3255a1b08f	catalog_football	2026	football		not_tagged			season			mixed	football:2026 indian super league season
15.2.2026	2026 NBA All-Star Game	Basketball		event-9a85183165e0d07ac36b4c788a1dd41d9021847d28526564a4d6797e73ebb7a2	nba	2026	basketball		national	US		tournament			mixed	basketball:2026 nba all-star game
15.2.2026	2026 Daytona 500	Stock car racing		event-2a4c5e6e64ccaacf587be530b63fb7c3d308f6c10b3a7da61d6caddaa3bd14f1	catalog_other	2026	other		not_tagged			tournament			mixed	other:2026 daytona 500
16.2.2026 - 21.2.2026	2026 European Indoor Archery Championships	Archery		event-ba1b6cc8e9907563e6dc2204ff5e196a0695512deb4e840a1af3a14484f55210	catalog_other	2026	other		not_tagged			national_championship			mixed	other:2026 european indoor archery championships
16.2.2026 - 22.2.2026	2026 Pan American Track Cycling Championships	Track cycling		event-e78656663acad05ce07d3a1130134ad1e89f18b7c73964e2c2b9d2fe8f0b1ae5	catalog_cycling	2026	cycling		not_tagged			national_championship			mixed	cycling:2026 pan american track cycling championships
17.2.2026 - 22.2.2026	2026 Players Championship (Players Series #2)	Snooker		event-38fbd00bd8e16e5ece07795be713f296ce8a8dc32572f5776d621a0ec14183c4	catalog_other	2026	other		not_tagged			national_championship			mixed	other:2026 players championship (players series #2)
18.2.2026 - 22.2.2026	2026 Women's South American Volleyball Club Championship	Volleyball		event-0ead6cfe04c14184ab276e181ebb5d604b9fef9aace18bbd3ae337e37bcded8e	catalog_volleyball	2026	volleyball		not_tagged			national_championship			female	volleyball:2026 women's south american volleyball club championship
19.2.2026 - 26.2.2026	2026 Recopa Sudamericana	Association football		event-6b7d252a2ad03b05c1498b05ab720b0c7147a73462a453a722a9e64762c035da	catalog_football	2026	football		not_tagged			tournament			mixed	football:2026 recopa sudamericana
20.2.2026 - 22.2.2026	2026 Women's EuroHockey Indoor Club Cup	Indoor hockey		event-b65146cf88efd1ea3b6f81b93cacd3af072d1db16cde7c374ad84a6dfbc6fbd3	catalog_other	2026	other		not_tagged			tournament			female	other:2026 women's eurohockey indoor club cup
20.2.2026 - 27.2.2026	2026 European Cadets and Juniors Fencing Championships	Fencing		event-75679adceef3be76463bf5ee534c0cb4a94e81c5991c5223f7e6197ec715af6c	catalog_other	2026	other		not_tagged			national_championship			mixed	other:2026 european cadets and juniors fencing championships
21.2.2026 - 22.2.2026	2026 WSBK Australian round	Motorcycle racing		event-41b22d61a5d289abf4bec3c2cea6db1ca7cf9af6c392e5b62fe3ce8c97085c28	catalog_other	2026	other		not_tagged			tournament			mixed	other:2026 wsbk australian round
21.2.2026 - 28.2.2026	2026 Men's Softball Pan American Championship	Softball		event-ac0fdbf73649d328a371beed8a19d31e50ac5984533f98158a1c6e841b9523da	catalog_other	2026	other		not_tagged			national_championship			male	other:2026 men's softball pan american championship
24.2.2026 - 3.3.2026	2026 World Junior Curling Championships	Curling		event-14de70ffdc494432f3e4ca61f61a2d0b525059d1c67caf6d48f911c5edbd279c	catalog_other	2026	other		not_tagged			national_championship			mixed	other:2026 world junior curling championships
25.2.2026 - 1.3.2026	2026 South American Men's Volleyball Club Championship	Volleyball		event-c4fd50bde1b58c604619f929132357c70ecd99a8eed6925b1a36ee0520f868cd	catalog_volleyball	2026	volleyball		not_tagged			national_championship			male	volleyball:2026 south american men's volleyball club championship
27.2.2026 - 1.3.2026	2026 World Junior Speed Skating Championships	Speed skating		event-b8907fab1ece65e1137afafb917056bc5b8e28566056eaec10ed883edaebb566	catalog_other	2026	other		not_tagged			national_championship			mixed	other:2026 world junior speed skating championships
27.2.2026 - 5.3.2026	2026 European 10 m Events Championships	Sport shooting		event-76493951ea2370772cc4d34cd6a75a6102c1cf08e5889db0750d157139aec7de	catalog_other	2026	other		not_tagged			national_championship			mixed	other:2026 european 10 m events championships
28.2.2026	RAF 06: Cejudo vs. Faber	Wrestling		event-747c2a850be633916242e59c4630b9f49d171a9aac0f40a9b3478b37ea4846b9	catalog_other	2026	other		not_tagged			tournament			mixed	other:raf 06: cejudo vs. faber
28.2.2026 - 6.3.2026	2026 World Ski Orienteering Championships	Ski orienteering		event-fba036af86b2bf7aac96d776acb297d054404ae2ffe9c4abc6ef508f4943f135	catalog_other	2026	other		not_tagged			national_championship			mixed	other:2026 world ski orienteering championships
28.2.2026 - 8.3.2026	Biathlon Junior World Championships 2026	Biathlon		event-a2fd99a28eedbaa97ea9f93a029779f34a8f98394413d08c5716900249e6c0df	catalog_other	2026	other		not_tagged			national_championship			mixed	other:biathlon junior world championships 2026
28.2.2026 - 4.10.2026	2026 NRL season	Rugby league		event-955771bc9f26bf846ff195ca99a6da21a46aad6a5162332694e3b2389d09b94d	catalog_other	2026	other		not_tagged			season			mixed	other:2026 nrl season
1.3.2026	2026 Tokyo Marathon (WMM #1)	Marathon		event-48c0b4f88a24c8281272864fbd71085d55c16157c3ebfcd818d5d9847cbb6c8c	catalog_other	2026	other		not_tagged			tournament			mixed	other:2026 tokyo marathon (wmm #1)
1.3.2026	2026 Thailand motorcycle Grand Prix (MotoGP #1)	Motorcycle racing		event-d64de2ef1a37d38d53b77b2695fc630fff16aa5e92864bcc26c59f213b4c03f9	catalog_other	2026	other		not_tagged			tournament			mixed	other:2026 thailand motorcycle grand prix (motogp #1)
1.3.2026 - 8.3.2026	2025 World Skateboarding Championship	Street skateboarding		event-3c951b171aa4741b2d7f7b21caeb56f5ec4ed67c9cb065502a64739343727550	catalog_other	2025	other		not_tagged			national_championship			mixed	other:2025 world skateboarding championship
1.3.2026 - 21.3.2026	2026 AFC Women's Asian Cup	Association football		event-06c876cd04e0010c01096d5191127d74686d6aaecff67d5b1508e1a4fe3170a4	catalog_football	2026	football		not_tagged			tournament			female	football:2026 afc women's asian cup
2.3.2026 - 8.3.2026	2026 Nordic Junior World Ski Championships	Nordic skiing		event-1509e8f79e951579032486375b4ec5d7ee39982b7c3a5aeb72e8b254072f582a	catalog_other	2026	other		not_tagged			national_championship			mixed	other:2026 nordic junior world ski championships
3.3.2026	2026 Champions Hockey League final	Ice hockey		event-614286dd2651f8e27fbb4d160307c2f1eb441a39e5128a359491bd5846f8ba60	catalog_ice_hockey	2026	ice_hockey		not_tagged			cup_final			mixed	ice_hockey:2026 champions hockey league final
4.3.2026 - 7.3.2026	2026 World Junior Figure Skating Championships	Figure skating		event-bbe710a92dd216eac12e2aae454faa3e050083b36280569f0e78686e4ab9f648	catalog_other	2026	other		not_tagged			national_championship			mixed	other:2026 world junior figure skating championships
4.3.2026 - 15.3.2026	2026 Indian Wells Open	Tennis		event-5525949c6f49b01de91d786f71b1a59950538f278be6616f62f3abad94ac3179	catalog_tennis	2026	tennis		not_tagged			tournament			mixed	tennis:2026 indian wells open
5.3.2026 - 6.3.2026	2026 World Sprint Speed Skating Championships	Speed skating		event-f8e8a77deee5ad8906124445fb4a1727f22179fcbc645e12665920048da182d1	catalog_other	2026	other		not_tagged			national_championship			mixed	other:2026 world sprint speed skating championships
5.3.2026 - 15.3.2026	World Junior Alpine Skiing Championships 2026	Alpine skiing		event-d881ab02a19487707e8f68fa5a493bf731ac6dfd74f676c7ce87cffde7e6af1f	catalog_other	2026	other		not_tagged			national_championship			mixed	other:world junior alpine skiing championships 2026
5.3.2026 - 17.3.2026	2026 World Baseball Classic	Baseball		event-7fc239e319c0aa86ed5f0764f012366b7ebea98111de81d9e56d5a43aba1c9d4	catalog_other	2026	other		not_tagged			tournament			mixed	other:2026 world baseball classic
5.3.2026 - 26.9.2026	2026 AFL season	Australian rules football		event-d8ccefcba3770dbab622a6a8c1825047a1266fac92f1293ab7f944ba78afe69f	catalog_other	2026	other		not_tagged			season			mixed	other:2026 afl season
6.3.2026 - 14.3.2026	2026 470 European Championship	Sailing		event-fbfb2bbf4256cbedf332178fc346641ae60c401f8e74aae8c6759da789a3d134	catalog_other	2026	other		not_tagged			national_championship			mixed	other:2026 470 european championship
6.3.2026 - 15.3.2026	2026 Winter Paralympics	Multi-sport		event-6c587445a259f226ed56042c33fe611fd38a9eae763b5109976f0674033b83a1	catalog_other	2026	other		not_tagged			tournament			mixed	other:2026 winter paralympics
7.3.2026	UFC 326: Holloway vs Oliveira 2	Mixed martial arts		event-db0bdb554c0848a358648e9845c065478603f528bd00de70968cb5338b7b5340	catalog_other	2026	other		not_tagged			tournament			mixed	other:ufc 326: holloway vs oliveira 2
7.3.2026 - 8.3.2026	2026 World Allround Speed Skating Championships	Speed skating		event-364d72899667d1f5331b0f36d20d69f35fb7e8106f7f8201b7972384ffd432c7	catalog_other	2026	other		not_tagged			national_championship			mixed	other:2026 world allround speed skating championships
7.3.2026 - 22.3.2026	2026 U-20 Copa Libertadores	Association football		event-5148aa77b9488a65072c5b9adfc61a15056eb9ca60a78bb30487fd4b19f604d4	catalog_football	2026	football		not_tagged			tournament			mixed	football:2026 u-20 copa libertadores
8.3.2026	2026 Australian Grand Prix (F1 #1)	Formula racing		event-30d96112c0479cab137463a6ce38cee65dee81e85502439d48cd56d38f45393e	catalog_other	2026	other		not_tagged			tournament			mixed	other:2026 australian grand prix (f1 #1)
9.3.2026 - 15.3.2026	2026 European U23 Wrestling Championships	Wrestling		event-1649fc79cc314be0e0b2363a9e1e7da0ecf2013e2a5fbbcbf9c6152e4d41025a	catalog_other	2026	other		not_tagged			national_championship			mixed	other:2026 european u23 wrestling championships
12.3.2026 - 13.3.2026	IBSF Junior World Championships Skeleton 2026	Skeleton		event-5ba8e841eac30cb0972b7f4b93a42b0717e4a8ba54e3f98031df125fe28e27c6	catalog_other	2026	other		not_tagged			national_championship			mixed	other:ibsf junior world championships skeleton 2026
12.3.2026 - 15.3.2026	2026 Players Championship	Golf		event-c4f79165dbc259c898e2604f84c0bbe090c6a5d187d32176653b4ef531fc9518	catalog_other	2026	other		not_tagged			national_championship			mixed	other:2026 players championship
12.3.2026 - 15.3.2026	2026 Safari Rally (WRC #3)	Rallying		event-f01dab4e3b354ef0789e6bb0077fe6ca60fd37d0f1a5e144a2fa5ecae481959c	catalog_other	2026	other		not_tagged			tournament			mixed	other:2026 safari rally (wrc #3)
13.3.2026 - 14.3.2026	2026 World Junior Synchronized Skating Championships	Synchronized skating		event-2a615ad2cb13d484a8656b80239f2ae5a5d84b4bc6ee85f077f7e6f139282de5	catalog_other	2026	other		not_tagged			national_championship			mixed	other:2026 world junior synchronized skating championships
13.3.2026 - 15.3.2026	2026 FIBA 3x3 Champions Cup	3x3 basketball		event-1409ddf871e23ce1994207cb5baca86d956ca590884853e79d25b94fe236a5ae	catalog_other	2026	other		not_tagged			tournament			mixed	other:2026 fiba 3x3 champions cup
13.3.2026 - 15.3.2026	2026 World Short Track Speed Skating Championships	Short track		event-89a815c2c9fdc9679f857dbc99631e0e5e3b57ee411ad0a48b88d12a3fbe2ab3	catalog_other	2026	other		not_tagged			national_championship			mixed	other:2026 world short track speed skating championships
14.3.2026 - 22.3.2026	2026 World Women's Curling Championship	Curling		event-5a79cf206ebca3bd7ed28816d47a3516d64fe0b877a86f9a53f9016a576396c4	catalog_other	2026	other		not_tagged			national_championship			female	other:2026 world women's curling championship
15.3.2026	2026 Chinese Grand Prix (F1 #2)	Formula racing		event-0b0ab5b1d8c0e808a6c8239b1a6bbb3afca0ef807e112fb617f2bc6341f98bc1	catalog_other	2026	other		not_tagged			tournament			mixed	other:2026 chinese grand prix (f1 #2)
17.3.2026 - 6.4.2026	2026 NCAA Division I men's basketball tournament	Basketball		event-a546def44ad4dc119475355c02dcf723d3e424242f491ff2e33230d71af7bbc1	catalog_basketball	2026	basketball		not_tagged			tournament			male	basketball:2026 ncaa division i men's basketball tournament
18.3.2026 - 29.3.2026	2026 Miami Open	Tennis		event-3be3cef580005ee017df592a8d2cf40e25be8000baf7e4750bb431f76b8223ee	catalog_tennis	2026	tennis		not_tagged			tournament			mixed	tennis:2026 miami open
20.3.2026 - 22.3.2026	2026 World Athletics Indoor Championships	Athletics		event-f2d5110514f8cc93eef759fcd8cde7d04c19fd889bf3ae02632c3b2c14bb47ae	catalog_athletics	2026	athletics		not_tagged			national_championship			mixed	athletics:2026 world athletics indoor championships
20.3.2026 - 5.4.2026	2026 NCAA Division I women's basketball tournament	Basketball		event-c3345b24724cb0a07b921e945ac5df5e9ff670dffce4a86e92de434fed29eaad	catalog_basketball	2026	basketball		not_tagged			tournament			female	basketball:2026 ncaa division i women's basketball tournament
21.3.2026	2026 Madrid ePrix (FE #6)	Formula racing		event-7934ac011288b9e64f8cf849653aab76ba5578e8bed611d7b4f8be2c4d008d41	catalog_other	2026	other		not_tagged			tournament			mixed	other:2026 madrid eprix (fe #6)
21.3.2026	2026 Milan–San Remo (Monument #1)	Road bicycle racing		event-f94ffd67c217fa889efa269f6a6ea53d16953adc6e156352aae552eccb612987	catalog_cycling	2026	cycling		not_tagged			tournament			male	cycling:2026 milan–san remo (monument #1)
22.3.2026	2026 Brazilian motorcycle Grand Prix (MotoGP #2)	Motorcycle racing		event-df4d858939825bc2dc3fb6c228215f38fb7c4109de1de35780bd8a3e2c61cf56	catalog_other	2026	other		not_tagged			tournament			mixed	other:2026 brazilian motorcycle grand prix (motogp #2)
24.3.2026 - 29.3.2026	2026 Baseball Champions League Americas	Baseball		event-c38725dfaf9261836e4771852b82134429ec3bb217fdf6e4f9e163fbc27dc706	catalog_other	2026	other		not_tagged			season			mixed	other:2026 baseball champions league americas
24.3.2026 - 29.3.2026	2026 World Figure Skating Championships	Figure Skating		event-74242339afad449eebf7b361e6d385302f68fd3e2334502c4e2d2a35d062f79e	catalog_other	2026	other		not_tagged			national_championship			mixed	other:2026 world figure skating championships
25.3.2026 - 31.3.2026	2026 Asian Track Cycling Championships	Track cycling		event-4fccad1f84cd0daedddfdec37f98c9b1f5236dc80a7ec65645e59d2910fe479b	catalog_cycling	2026	cycling		not_tagged			national_championship			mixed	cycling:2026 asian track cycling championships
26.3.2026 - 3.5.2026	2026 Pakistan Super League season	T20 Cricket		event-33ecb25ba5d84566aaaf278501f48e1bbe1bb816e58f82a5b0e6f60080633540	catalog_other	2026	other		not_tagged			season			mixed	other:2026 pakistan super league season
26.3.2026 - 27.9.2026	2026 Major League Baseball season	Baseball		event-2efc2484972585bdeb19a92d4bef5cf21d93d4e70fc25ded4110ba8206e91e61	catalog_other	2026	other		not_tagged			season			mixed	other:2026 major league baseball season
27.3.2026 - 31.3.2026	2026 Baseball5 Asia Cup	Baseball5		event-347e90bd428fc0d068c72325737e739b2b81d160c43c6811cabca4dce74cef76	catalog_other	2026	other		not_tagged			tournament			mixed	other:2026 baseball5 asia cup
28.3.2026	2026 Qatar 1812 km (WEC #1)	Endurance racing		event-bd70df8154207946fda7da843a73810e1b3230095bedd8e5cae691d5e2a3e1ca	catalog_other	2026	other		not_tagged			tournament			mixed	other:2026 qatar 1812 km (wec #1)
28.3.2026	2026 Dubai World Cup	Horse racing		event-770f7c687b3c5f87c043d464d3ee7a749314a8f3835e95b0ebbda998819ce6e8	catalog_other	2026	other		not_tagged			tournament			mixed	other:2026 dubai world cup
28.3.2026	RAF 07: Tsarukyan vs. Poullas 2	Wrestling		event-8de2fde7ad2c74fec467888bff7e6b279b5ef051922451c54be8696cbe88779c	catalog_other	2026	other		not_tagged			tournament			mixed	other:raf 07: tsarukyan vs. poullas 2
28.3.2026 - 29.3.2026	2026 WSBK Portuguese round	Motorcycle racing		event-49cf755404b47057084c50e7a86a25f9b8d8f701ea940970e797ae00ad22053b	catalog_other	2026	other		not_tagged			tournament			mixed	other:2026 wsbk portuguese round
28.3.2026 - 5.4.2026	2026 World Men's Curling Championship	Curling		event-e134e0f8f7697e2730483c17bcafdd3e2c9b121fabdc3f716df3b0911030f2e4	catalog_other	2026	other		not_tagged			national_championship			male	other:2026 world men's curling championship
28.3.2026 - 16.4.2026	Candidates Tournament 2026 Women's Candidates Tournament 2026	Chess		event-d008851f902f47cfbcd10b0a318afa76771b5bcc59b5d00c69b1376e8064bd8a	catalog_other	2026	other		not_tagged			tournament			female	other:candidates tournament 2026 women's candidates tournament 2026
28.3.2026 - 18.4.2026	2026 Rugby Europe Women's Championship	Rugby union		event-45d798ad6ee29b32d88e68eeec517c28c474cffb4c86c2947ee163e504745e90	catalog_other	2026	other		not_tagged			national_championship			female	other:2026 rugby europe women's championship
29.3.2026	2026 Japanese Grand Prix (F1 #3)	Formula racing		event-0d9abb9b2a15db6c467cdfe09e61db530a5e83d445fa4d08c4bdf4f2a13e97e3	catalog_other	2026	other		not_tagged			tournament			mixed	other:2026 japanese grand prix (f1 #3)
29.3.2026	2026 Motorcycle Grand Prix of the Americas (MotoGP #3)	Motorcycle racing		event-f28308830e8632ffac15f31872a4ec284e4700b52c609d2a348a7be52ccb94df	catalog_other	2026	other		not_tagged			tournament			mixed	other:2026 motorcycle grand prix of the americas (motogp #3)
30.3.2026 - 5.4.2026	2026 Tour Championship (Players Series #3)	Snooker		event-96bbb85075aaddbd5ef1fa3d9bf49a2c883366097967809e3075bd9ba50752f2	catalog_other	2026	other		not_tagged			national_championship			mixed	other:2026 tour championship (players series #3)
30.3.2026 - 5.4.2026	2026 ITTF Men's World Cup 2026 ITTF Women's World Cup	Table tennis		event-a51068df22e6f4adeb66ae9aa4c5766934b9c8e69a2dd5bfdf77034b01232f4b	catalog_table_tennis	2026	table_tennis		not_tagged			tournament			female	table_tennis:2026 ittf men's world cup 2026 ittf women's world cup
1.4.2026 - 5.4.2026	2026 FIBA 3x3 Asia Cup	3x3 basketball		event-6b607e5d4facfd71289d4ecfce6d6a6d897a6f7bf45e43a3f256a490e0fd2abc	catalog_other	2026	other		not_tagged			tournament			mixed	other:2026 fiba 3x3 asia cup
1.4.2026 - 6.4.2026	2026 Women's Euro Hockey League	Field hockey		event-e8c31adfb1239af9ba1c165e17fad13c6f35751f4f42e41ea2f5375635797688	catalog_other	2026	other		not_tagged			season			female	other:2026 women's euro hockey league
1.4.2026 - 9.4.2026	2026 Junior and Cadet Fencing World Championships	Fencing		event-a92779eace05382bb2a182f5aefc9b3f7f683cd2cca68d94cb17e98e84b1ba3a	catalog_other	2026	other		not_tagged			national_championship			mixed	other:2026 junior and cadet fencing world championships
1.4.2026 - 18.4.2026	2026 AFC U-20 Women's Asian Cup	Association football		event-8b730ff4cea71a8155859807903db07f6f47b28043d5a9dd5ad0f7b81f96276a	catalog_football	2026	football		not_tagged			tournament			female	football:2026 afc u-20 women's asian cup
2.4.2026 - 6.4.2026	2026 Men's Euro Hockey League Final8	Field hockey		event-4504fb21450745be356002d7e6ab83dea37af29a7ebcd5b8bdd5c87cf663e43e	catalog_other	2026	other		not_tagged			cup_final			male	other:2026 men's euro hockey league final8
2.4.2026 - 9.4.2026	2026 EuroCup Women final	Basketball		event-d75e27f80ba9da9fe09dc532cb3347a8da42fc96d2dbc647f8d2532e78fd5a44	catalog_basketball	2026	basketball		not_tagged			cup_final			female	basketball:2026 eurocup women final
3.4.2026 - 27.9.2026	2026 County Championship season	First-class cricket		event-a1a14f8ad61557cf59f727540cc7efc688174d2554326faa33ed4848122111d2	catalog_other	2026	other		not_tagged			season			mixed	other:2026 county championship season
4.4.2026 - 5.4.2026	2026 GT World Challenge Asia (Malaysia round #1)	Endurance racing		event-0c4897dda63dcbaf94f9fc1e4eabde7e2950bfedf210a5ec3dea7cdc39eccaea	catalog_other	2026	other		not_tagged			tournament			mixed	other:2026 gt world challenge asia (malaysia round #1)
5.4.2026	2026 Tour of Flanders (Monument #2)	Road bicycle racing		event-0656eaa2dce5fd6c9b898255bb66e19560e8f83f6a9551dfe492b4a63d7c6867	catalog_cycling	2026	cycling		not_tagged			tournament			male	cycling:2026 tour of flanders (monument #2)
5.4.2026 - 12.4.2026	2026 Monte-Carlo Masters	Tennis		event-117d5b2d1f93d08124e31c15cf52590d22dd1d737762a7fc965bbe7fa3b943ad	catalog_tennis	2026	tennis		not_tagged			tournament			mixed	tennis:2026 monte-carlo masters
6.4.2026 - 12.4.2026	2026 Asian Wrestling Championships	Wrestling		event-75d3f543cd369106ee6ccb616ab45fe3809207433ed8121f7e8ba4e58d1d3b18	catalog_other	2026	other		not_tagged			national_championship			mixed	other:2026 asian wrestling championships
6.4.2026 - 18.4.2026	2026 Men's Junior Pan American Championship 2026 Women's Junior Pan American Championship	Field hockey		event-a1c62d88c26a64bc832be3c3a7e6830c5b0123e12b930911be9a56f088e5550b	catalog_other	2026	other		not_tagged			national_championship			female	other:2026 men's junior pan american championship 2026 women's junior pan american championship
7.4.2026 - 10.4.2026	2026 Pan Am Badminton Championships	Badminton		event-f040107dda1212d26a21b06f709b28cacea16a99d52346db7f325c867f9ff74a	catalog_other	2026	other		not_tagged			national_championship			mixed	other:2026 pan am badminton championships
7.4.2026 - 12.4.2026	2026 Badminton Asia Championships	Badminton		event-9d0cb87e359f8cba7ce0e5233dde1ab9a8c9f9894da2d43ecd617afa36bc8047	catalog_other	2026	other		not_tagged			national_championship			mixed	other:2026 badminton asia championships
7.4.2026 - 12.4.2026	2026 European Badminton Championships	Badminton		event-7f1303f71c8c745da86ad03d4ce0985ced70b81384b481bedaadf291419cb335	catalog_other	2026	other		not_tagged			national_championship			mixed	other:2026 european badminton championships
8.4.2026 - 12.4.2026	2026 World Climbing Asia Championship	Climbing		event-980807b4ff602890f5f2e3f3b8fcb32a6f18fb62560d545d957ba44a463d16a4	catalog_other	2026	other		not_tagged			national_championship			mixed	other:2026 world climbing asia championship
8.4.2026 - 12.4.2026	2026 FEI World Cup Finals (show jumping and dressage)	Equestrian		event-69152d8522464a2cafd5a19446f6d7f18bedb9e82156b6bb25f66ef167e897b9	catalog_other	2026	other		not_tagged			cup_final			mixed	other:2026 fei world cup finals (show jumping and dressage)
8.4.2026 - 12.4.2026	2026 European Trampoline Championships	Gymnastics		event-ccf1cc4adb28109c7d5afa48dad6503dcf9cd1540e5fff3fa6dd98f1525f9754	catalog_other	2026	other		not_tagged			national_championship			mixed	other:2026 european trampoline championships
9.4.2026 - 12.4.2026	2026 Masters Tournament	Golf		event-22d0f7e4aaa7c6632604e41adf3250501491b9d0001f6a2b39c957de22102f24	catalog_other	2026	other		not_tagged			tournament			male	other:2026 masters tournament
9.4.2026 - 12.4.2026	2026 Croatia Rally (WRC #4)	Rallying		event-78935d86415f4e7a33b1ea538349314e70325abc1e3945303f1b6e342ac5453d	catalog_other	2026	other		not_tagged			tournament			mixed	other:2026 croatia rally (wrc #4)
10.4.2026 - 12.4.2026	2026 ARRC Malaysia round	Motorcycle racing		event-c6eb4153a28d00a105bb6e2b69c051b2cb4c1ab3c290eb7e74e63dd8f5258aff	catalog_other	2026	other		not_tagged			tournament			mixed	other:2026 arrc malaysia round
11.4.2026	2026 Grand National	Horse racing		event-8419cb716c64e2d647a2ba5c3b3d46b0ab514e0e227eb76aef3ec7d60bc78b49	catalog_other	2026	other		not_tagged			tournament			mixed	other:2026 grand national
11.4.2026	UFC 327: Procházka vs. Ulberg	Mixed martial arts		event-0bc2db8b7cc0a182198a691844ae3e7ba73306d7c7b4036895ccbdc4f72dd0d1	catalog_other	2026	other		not_tagged			tournament			mixed	other:ufc 327: procházka vs. ulberg
11.4.2026 - 24.4.2026	2026 CAVB Women's African Club Championship	Volleyball		event-ba5cacc45101b64908489f35b0dabfaaff5abbdc97004e23ee3a716e8a3aadf3	catalog_volleyball	2026	volleyball		not_tagged			national_championship			female	volleyball:2026 cavb women's african club championship
11.4.2026 - 17.5.2026	2026 Women's Six Nations Championship	Rugby union		event-e450bb32f1370307d3bd1628abe9b07425af9ed6e94f96766086c5bafba50d5f	catalog_other	2026	other		not_tagged			national_championship			female	other:2026 women's six nations championship
11.4.2026 - 26.7.2026	2026 All-Ireland Senior Football Championship	Gaelic football		event-4690161c8d0344975fe7210d3018fe59d63683f63d755a17c2e6b83a0459ffa0	catalog_other	2026	other		not_tagged			national_championship			mixed	other:2026 all-ireland senior football championship
12.4.2026	2026 Bahrain Grand Prix (F1) #4	Formula racing		event-36717e2664395e0fa13b5c42d75dc8b93388f25c77117c40338d1b3d15b51fb6	catalog_other	2026	other		not_tagged			tournament			mixed	other:2026 bahrain grand prix (f1) #4
12.4.2026	2026 World Athletics Race Walking Team Championships	Race walking		event-9e90de5e7a3c9a6f651973c42913402881658c966d299aaa693fb4f80d8cb1a7	catalog_other	2026	other		not_tagged			national_championship			mixed	other:2026 world athletics race walking team championships
12.4.2026	2026 Paris–Roubaix (Monument #3)	Road bicycle racing		event-6df53813e9ed5b567a98470f311e38825616f97c797daba1aac3ff50d608f945	catalog_cycling	2026	cycling		not_tagged			tournament			male	cycling:2026 paris–roubaix (monument #3)
12.4.2026 - 17.4.2026	2026 World Junior Taekwondo Championships	Taekwondo		event-135251b35939b4bca9befc8cd1b28935c960c75d2bf9a0fb1c7210502c884193	catalog_other	2026	other		not_tagged			national_championship			mixed	other:2026 world junior taekwondo championships
12.4.2026 - 25.4.2026	2026 South American Youth Games	Multi-sport		event-a38dfb30db9e3ff2effdbd73eb856f7dc81e561c2deb3fb6a0580f2e3735ebe9	catalog_other	2026	other		not_tagged			tournament			mixed	other:2026 south american youth games
15.4.2026 - 19.4.2026	2026 EuroLeague Women Final Six	Basketball		event-2992a23c1e36cd9301a454806ed3b226967c24c86c1a854498effe173f16c989	catalog_basketball	2026	basketball		not_tagged			cup_final			female	basketball:2026 euroleague women final six
16.4.2026 - 19.4.2026	2026 Asian Judo Championships	Judo		event-71bc2e817811f12313dbb9fcf91667dcf33e9803ab709ee97384125e06556abb	catalog_other	2026	other		not_tagged			national_championship			mixed	other:2026 asian judo championships
16.4.2026 - 19.4.2026	2026 European Judo Championships	Judo		event-177199ec46410ebe1ae5adee80305b77eb312d86ea0d22d2b54c670ceb24f855	catalog_other	2026	other		not_tagged			national_championship			mixed	other:2026 european judo championships
16.4.2026 - 19.4.2026	2026 Pan American Judo Championships	Judo		event-a0682de506797926611e2445a3f04f394b47f150a59984b502ea2cd4dcfa3153	catalog_other	2026	other		not_tagged			national_championship			mixed	other:2026 pan american judo championships
18.4.2026	2026 Copa del Rey final	Association football		event-2ddbc7a41b818d4e94b57e0eab7aeaafa55d3d97e42e531e1c778251b910567f	catalog_football	2026	football		not_tagged			cup_final			mixed	football:2026 copa del rey final
18.4.2026	RAF 08: Tsarukyan vs. Faber	Wrestling		event-423702ee6f02f15cff9ced8d9bdfc77f201b33768c1270872b3281493e03e272	catalog_other	2026	other		not_tagged			tournament			mixed	other:raf 08: tsarukyan vs. faber
18.4.2026 - 19.4.2026	2026 WSBK Dutch round	Motorcycle racing		event-8f5be4350a0bbd1e675555e77a57341f9aa94e292b4f03765fcc643d8546e038	catalog_other	2026	other		not_tagged			tournament			mixed	other:2026 wsbk dutch round
18.4.2026 - 4.5.2026	2026 World Snooker Championship	Snooker		event-88adc112001a238cd55f8e231856c7ebbeddbe501579555bf6212c8f4e18e345	catalog_other	2026	other		not_tagged			national_championship			mixed	other:2026 world snooker championship
18.4.2026 - 14.6.2026	2026 Stanley Cup playoffs	Ice hockey		event-9cae63f82bc354941793d1e7c87ce8761dbda177ca8a794ec073adf3fdd2e9f7	catalog_ice_hockey	2026	ice_hockey		not_tagged			tournament			mixed	ice_hockey:2026 stanley cup playoffs
18.4.2026 - 19.7.2026	2026 All-Ireland Senior Hurling Championship	Hurling		event-f69f8ab1e21dc1f11cfa70683794cfdef67e7db8221b7269a0792048c2e34cae	catalog_other	2026	other		not_tagged			national_championship			mixed	other:2026 all-ireland senior hurling championship
19.4.2026	2026 KNVB Cup final	Association football		event-1cbd97547f57c3bdb5c0a2b3fb03c2fa9481af924a811d68a0f05c216d3b3c16	catalog_football	2026	football		not_tagged			cup_final			mixed	football:2026 knvb cup final
19.4.2026	2026 6 Hours of Imola (WEC #1)	Endurance racing		event-c59bc793024cb44ac1e821eaccee3637cbed248b92e4c713dd9a455da0a46ef8	catalog_other	2026	other		not_tagged			tournament			mixed	other:2026 6 hours of imola (wec #1)
19.4.2026	2026 Saudi Arabian Grand Prix (F1) #5	Formula racing		event-3b8259bbd1fc32cb3e9283e07b208192f37180114b12eb39bf93411b7b122afe	catalog_other	2026	other		not_tagged			tournament			mixed	other:2026 saudi arabian grand prix (f1) #5
19.4.2026 - 26.4.2026	2026 European Weightlifting Championships	Weightlifting		event-e8b4cb6fa08d5d4be0a72e829546f0b40f40070374b782cbf051f21d98100391	catalog_other	2026	other		not_tagged			national_championship			mixed	other:2026 european weightlifting championships
20.4.2026	2026 Boston Marathon (WMM #2)	Marathon		event-7339989e78b42d8cc700a95e9ca394688bbc6fa344a5fe85f433a5968e0985bd	catalog_other	2026	other		not_tagged			tournament			mixed	other:2026 boston marathon (wmm #2)
20.4.2026 - 26.4.2026	2026 IKF World Kempo Championship	Kempo		event-ee7ed874aa061d19302c9e379bd827b516cc5d3482d69b85da7debd31c82d34b	catalog_other	2026	other		not_tagged			national_championship			mixed	other:2026 ikf world kempo championship
20.4.2026 - 26.4.2026	2026 European Wrestling Championships	Wrestling		event-58fc7d8ef8100adf57270ec232ab11859c9288982b58b37af81881b1be7b11b9	catalog_other	2026	other		not_tagged			national_championship			mixed	other:2026 european wrestling championships
20.4.2026 - 3.5.2026	2026 CAVB African Volleyball Club Championships	Volleyball		event-eb447cbcbb7185981fa4a03ceb7909dfd74fcc418059b1a63151a3a33911df26	catalog_volleyball	2026	volleyball		not_tagged			national_championship			mixed	volleyball:2026 cavb african volleyball club championships
22.4.2026 - 29.4.2026	2026 FIBA Europe Cup Finals	Basketball		event-a3c168a8d8c2e397cc5c8e0afe65924996b5ce566a742c797d8cb02b39cdcaaa	catalog_basketball	2026	basketball		not_tagged			cup_final			mixed	basketball:2026 fiba europe cup finals
22.4.2026 - 30.4.2026	2026 Asian Beach Games	Multi-sport		event-a350902efabe871e08ffd2e115ce8e823155c17ec289101fb02b8fd1f21c6f47	catalog_other	2026	other		not_tagged			tournament			mixed	other:2026 asian beach games
22.4.2026 - 1.5.2026	2026 EuroCup Finals	Basketball		event-4fca0d30a86eafa346d80745d667bffac1f00b0e5ae0c2652e531e7927362ad7	catalog_basketball	2026	basketball		not_tagged			cup_final			mixed	basketball:2026 eurocup finals
22.4.2026 - 2.5.2026	2026 IIHF World U18 Championships	Ice hockey		event-05db9e9e3af157bd98e3e01fe35acf9436fcbce72eb3c71510174a241631ced3	catalog_ice_hockey	2026	ice_hockey		not_tagged			national_championship			mixed	ice_hockey:2026 iihf world u18 championships
22.4.2026 - 3.5.2026	2026 Madrid Open	Tennis		event-52b63b3bf0dfb4252f4e0ccd880e06f5ea89d6d151be477af86ca00ddf31a19d	catalog_tennis	2026	tennis		not_tagged			tournament			mixed	tennis:2026 madrid open
23.4.2026 - 25.4.2026	2026 NFL draft	American football		event-d10269a42aed90d0d8d69692cf5d8d140159e0de91a7cc9381141e94e9879da5	nfl	2026	american_football		national	US		tournament			mixed	american_football:2026 nfl draft
23.4.2026 - 26.4.2026	2026 Chevron Championship	Golf		event-4a88d3de097da3d4df0da90196850cd7e697fe2052822315a6372a7540a889a6	catalog_other	2026	other		not_tagged			national_championship			mixed	other:2026 chevron championship
23.4.2026 - 26.4.2026	2026 Rally Islas Canarias (WRC #5)	Rallying		event-9b78b3e91331329a2e7ca1fa0d5bdfaa144a2760243ab6fffe8142edb14f91ae	catalog_other	2026	other		not_tagged			tournament			mixed	other:2026 rally islas canarias (wrc #5)
24.4.2026 - 27.4.2026	2026 African Beach Handball Championship	Beach Handball		event-e4f7d084b79791de7dd6339d925b4b9b11d26da5b91a18b8abf437f0521e80b8	catalog_other	2026	other		not_tagged			national_championship			mixed	other:2026 african beach handball championship
24.4.2026 - 3.5.2026	2026 Thomas & Uber Cup	Badminton		event-2a8bb38db151902398befe3db01f1fd9e6eb096ad07a2f367d482ef276ad2c45	catalog_other	2026	other		not_tagged			tournament			mixed	other:2026 thomas & uber cup
25.4.2026	2026 AFC Champions League Elite final	Association football		event-0dd8c3a9dd7d487ccd47625c793acd2c96dda6688adf64dd023159cc2461fb38	catalog_football	2026	football		not_tagged			cup_final			mixed	football:2026 afc champions league elite final
25.4.2026 - 1.5.2026	2026 UEFA Women's Europa Cup final	Association football		event-9734155761fda442e044ffd8c4a1e39e146e22b0bd85ac5451fc21e71067fee2	catalog_football	2026	football		not_tagged			cup_final			female	football:2026 uefa women's europa cup final
25.4.2026 - 2.5.2026	2026 World Mixed Doubles Curling Championship	Curling		event-8252581001a5666a15ae3cfec231943b7ee80a44dc9877efb204c78084078993	catalog_other	2026	other		not_tagged			national_championship			mixed	other:2026 world mixed doubles curling championship
25.4.2026 - 3.5.2026	2026 U-23 Men's Softball World Cup	Softball		event-ebee40c091bfe140241d99fb391e8d53b7cabf73bff99568cd4fae3827cfcfcb	catalog_other	2026	other		not_tagged			tournament			male	other:2026 u-23 men's softball world cup
26.4.2026	2026 London Marathon (WMM #3)	Marathon		event-9b538f6b39bf8d861d2eeceb2163131d4d11db85d117184b4231ca3a7a99402d	catalog_other	2026	other		not_tagged			tournament			mixed	other:2026 london marathon (wmm #3)
26.4.2026	2026 Spanish motorcycle Grand Prix (MotoGP #4)	Motorcycle racing		event-4ef2095173e18bb3c4eb26b74c9354b151fa4f247889e6655bfd8393ed912108	catalog_other	2026	other		not_tagged			tournament			mixed	other:2026 spanish motorcycle grand prix (motogp #4)
26.4.2026	2026 Liège–Bastogne–Liège (Monument #4)	Road bicycle racing		event-e0103bbc1e6b584b24f7668b34ebab2db2d826edd336ab8d7d03eac009157868	catalog_cycling	2026	cycling		not_tagged			tournament			male	cycling:2026 liège–bastogne–liège (monument #4)
26.4.2026 - 30.4.2026	2026 AVC Women's Volleyball Champions League	Volleyball		event-fecfdee8fca8b0ebb12290bd87d8b95018662e717140fe9d5e39fb51902caf86	catalog_volleyball	2026	volleyball		not_tagged			season			female	volleyball:2026 avc women's volleyball champions league
27.4.2026 - 30.4.2026	2026 Pan American Weightlifting Championships	Weightlifting		event-6d5a650d2b378d0be10e258ef8faae9f5c59cabdd15662d47666fb8d0272b9d2	catalog_other	2026	other		not_tagged			national_championship			mixed	other:2026 pan american weightlifting championships
27.4.2026 - 1.5.2026	2026 Oceania Weightlifting Championships 2026 Oceania Junior Weightlifting Championships 2026 Oceania Youth Weightlifting Championships	Weightlifting		event-728480dc8cfa308fb2a4e7e049e4e59d7be1aa8319cec20f007b212bf8a63320	catalog_other	2026	other		not_tagged			national_championship			mixed	other:2026 oceania weightlifting championships 2026 oceania junior weightlifting championships 2026 oceania youth weightlifting championships
27.4.2026 - 3.5.2026	2026 IIHF U18 Asia Cup	Ice hockey		event-039f756dcbe856f06d86fdab5d5c48580f54ee9862299a02aca7309961c05b5e	catalog_ice_hockey	2026	ice_hockey		not_tagged			tournament			mixed	ice_hockey:2026 iihf u18 asia cup
27.4.2026 - 9.5.2026	2026 U20 Rugby Championship	Rugby union		event-41abaff4da3ccf9f71d66d927e1463fa7af122a3b9fef46c685ab05a96417684	catalog_other	2026	other		not_tagged			national_championship			mixed	other:2026 u20 rugby championship
28.4.2026 - 10.5.2026	2026 World Team Table Tennis Championships	Table tennis		event-8084389585f263d76b7381d774f46f1e90f9fec6fe375e2d06491ee664ffa070	catalog_table_tennis	2026	table_tennis		not_tagged			national_championship			mixed	table_tennis:2026 world team table tennis championships
30.4.2026 - 2.5.2026	2026 African Rhythmic Gymnastics Championships	Rhythmic gymnastics		event-1acc00cdf43d0c7a75625e4314a7372df907d1fd858e423fbe816cc697152051	catalog_other	2026	other		not_tagged			national_championship			mixed	other:2026 african rhythmic gymnastics championships
30.4.2026 - 3.5.2026	2026 Rhythmic Gymnastics European Cup	Rhythmic gymnastics		event-2022f5ded3ff9461e7bc348ce80434a6944eca2a4fe3eaa7ce6cbe4d13dead79	catalog_other	2026	other		not_tagged			tournament			mixed	other:2026 rhythmic gymnastics european cup
30.4.2026 - 20.5.2026	2026 Walter Cup playoffs	Ice hockey		event-d7132ff8311df1c05dea41da5a23eceb24a33664b830e688fd96af0239b87f4c	catalog_ice_hockey	2026	ice_hockey		not_tagged			tournament			mixed	ice_hockey:2026 walter cup playoffs
1.5.2026 - 17.5.2026	2026 AFC U-17 Women's Asian Cup	Association football		event-ee3d5e9061763b084f403f10c4598a51be25e0cbf1c4f88e847258a0fb8fb010	catalog_football	2026	football		not_tagged			tournament			female	football:2026 afc u-17 women's asian cup
2.5.2026	2026 Kentucky Derby	Horse racing		event-0ebfb2e8e2649c95ba109080610b87a66e4e5967544abbbf8005e968bd981364	catalog_other	2026	other		not_tagged			tournament			mixed	other:2026 kentucky derby
2.5.2026 - 3.5.2026	2026 World Athletics Relays	Athletics		event-b19491bb0da1f51ce1b3ecf310ad2b577cffc2f1f0c20b36d1f9ca85010c4613	catalog_athletics	2026	athletics		not_tagged			tournament			mixed	athletics:2026 world athletics relays
2.5.2026 - 3.5.2026	2026 GT World Challenge Asia (Indonesia round #2)	Endurance racing		event-f92de8b4a6b45473eecc8724865c86518267f5681cb619bb5e2547b88624a3b7	catalog_other	2026	other		not_tagged			tournament			mixed	other:2026 gt world challenge asia (indonesia round #2)
2.5.2026 - 3.5.2026	2026 WSBK Hungarian round	Motorcycle racing		event-7069392e3f3d3139c7a86374130ca9372094d9dee0883ef8cd9f07c58e57b7c5	catalog_other	2026	other		not_tagged			tournament			mixed	other:2026 wsbk hungarian round
2.5.2026 - 3.5.2026	2026 CEV Women's Champions League Final Four	Volleyball		event-cfc006139e06165c3f1d0cde05c75494c839aeaf150a4a078081f6d12c816ad6	catalog_volleyball	2026	volleyball		not_tagged			cup_final			female	volleyball:2026 cev women's champions league final four
2.5.2026 - 8.5.2026	2026 World Junior Weightlifting Championships	Weightlifting		event-74411ed248e8312a51c9af1f315c36b6de975373ba052c82123c80a6543f3972	catalog_other	2026	other		not_tagged			national_championship			mixed	other:2026 world junior weightlifting championships
3.5.2026	2026 Miami Grand Prix (F1 #4)	Formula racing		event-3e64801321d462c5ca00f705a2a014ffb5de91d94e23df2d3487ed8fb459be91	catalog_other	2026	other		not_tagged			tournament			mixed	other:2026 miami grand prix (f1 #4)
3.5.2026 - 9.5.2026	2026 La Vuelta Femenina	Road bicycle racing		event-a993237f27315d66d04a896df622eb96677e26c1d96236a16274b2a2b40d8898	catalog_cycling	2026	cycling		not_tagged			tournament			male	cycling:2026 la vuelta femenina
4.5.2026 - 17.5.2026	2026 UEFA Women's Under-17 Championship	Association football		event-38e696b1b5f0cdbe358f7bcf72e155d120f2450a845fb9ede0bedac1391e71bd	catalog_football	2026	football		not_tagged			national_championship			female	football:2026 uefa women's under-17 championship
5.5.2026 - 10.5.2026	2026 World Junior Mixed Doubles Curling Championship	Curling		event-c0bd60d9aef427cb4e9109de3deae33e81bcc02412d4656437c26a8564d356e8	catalog_other	2026	other		not_tagged			national_championship			mixed	other:2026 world junior mixed doubles curling championship
5.5.2026 - 10.5.2026	2026 African Swimming Championships	Swimming		event-232aeb97fbfa85beb0866d89c3985d5a3ad0feeced147d8ee387e349cd1efb7b	catalog_swimming	2026	swimming		not_tagged			national_championship			mixed	swimming:2026 african swimming championships
5.5.2026 - 17.5.2026	2026 Italian Open	Tennis		event-f20c3844a340073ace50f9b0552f8de21a92508f6547492cbc7efb25ad80f178	catalog_tennis	2026	tennis		not_tagged			tournament			mixed	tennis:2026 italian open
5.5.2026 - 22.5.2026	2026 AFC U-17 Asian Cup	Association football		event-a0b4643560ead3b482115271da8ebb7b139358bf79004ccd1fa901233463be51	catalog_football	2026	football		not_tagged			tournament			mixed	football:2026 afc u-17 asian cup
6.5.2026 - 10.5.2026	2026 Women's U-19 World Floorball Championships	Floorball		event-8533fd2087faef4bd50371e5156d2e4d99bfbd8a23a8aa14794dcb55832ff679	catalog_other	2026	other		not_tagged			national_championship			female	other:2026 women's u-19 world floorball championships
7.5.2026 - 9.5.2026	2026 Basketball Champions League Final Four	Basketball		event-f9a8c24d377bd214b2c0d37a938174467b78a648eabbda60b2ea4672224ebb82	catalog_basketball	2026	basketball		not_tagged			cup_final			mixed	basketball:2026 basketball champions league final four
7.5.2026 - 10.5.2026	2026 Rally de Portugal (WRC #6)	Rallying		event-47e28dcc2657f9f704cdd38c7ef60f434a7a047f567082c8d4e47c8f61986a38	catalog_other	2026	other		not_tagged			tournament			mixed	other:2026 rally de portugal (wrc #6)
8.5.2026 - 10.5.2026	2026 UEFA Futsal Champions League Finals	Futsal		event-7fdd4dff436ebb2d306e8d136cd45561e58ec2655cc1a9e96e21934c759106c1	catalog_other	2026	other		not_tagged			cup_final			mixed	other:2026 uefa futsal champions league finals
8.5.2026 - 10.5.2026	2026 ARRC Thailand round	Motorcycle racing		event-8e4ff4de84e36d9ef7ddb16c4968952345aef4c2c8061309367cb9cd9b505b6a	catalog_other	2026	other		not_tagged			tournament			mixed	other:2026 arrc thailand round
8.5.2026 - 16.5.2026	2026 Men's World Squash Championship 2026 Women's World Squash Championship	Squash		event-bb1829690d1b8b3bda54769975a6c9c0b503290876e1a5dc6c27fb6d60eadc4f	catalog_other	2026	other		not_tagged			national_championship			female	other:2026 men's world squash championship 2026 women's world squash championship
8.5.2026 - 31.5.2026	2026 Giro d'Italia	Road bicycle racing		event-c3c3fb982d8cdc176b764b22647820c2c5d46f265c3dc5f185bd510099ffab27	catalog_cycling	2026	cycling		not_tagged			tournament			mixed	cycling:2026 giro d'italia
8.5.2026 - 25.9.2026	2026 WNBA Season	Basketball		event-6b2baa112581176ee8bf7517d1dd8ac501f702831874ba4f18d67f9addf9fdd0	wnba	2026	basketball		national	US		season			mixed	basketball:2026 wnba season
9.5.2026	2026 6 Hours of Spa-Francorchamps (WEC #2)	Endurance racing		event-62f0010c9bfbf25cc6382d5687e663bd9655127880f69ba2633b42d20654e96c	catalog_other	2026	other		not_tagged			tournament			mixed	other:2026 6 hours of spa-francorchamps (wec #2)
9.5.2026	UFC 328: Chimaev vs. Strickland	Mixed martial arts		event-2661f738c99cb861d2f27bc0b362dbd9782101f52f594a5497759fa5c31721d7	catalog_other	2026	other		not_tagged			tournament			mixed	other:ufc 328: chimaev vs. strickland
9.5.2026 - 16.5.2026	2026 CAF Confederation Cup final	Association football		event-4844865dbe8f39cb2d21762377e04dee639af258276a083aaafa82646cc11d93	catalog_football	2026	football		not_tagged			cup_final			mixed	football:2026 caf confederation cup final
10.5.2026	2026 Coupe de France Féminine final	Association football		event-aac19c54a8fa23b3a8d511d1da8fd92e59a268c71aa2bc43dea75c2a4e521fe2	catalog_football	2026	football		not_tagged			cup_final			mixed	football:2026 coupe de france féminine final
10.5.2026	2026 French motorcycle Grand Prix (MotoGP #5)	Motorcycle racing		event-83f3f021ab54bfd400cdab6725d942e24f29288c80dfc3f1ed76c60f9f5d726f	catalog_other	2026	other		not_tagged			tournament			mixed	other:2026 french motorcycle grand prix (motogp #5)
10.5.2026 - 8.11.2026	2026 FAI Cup season	Association football		event-2885c4ed8c51cca29e5c74ca1970b56c590fdc3175c9e9576811dfc29848e089	catalog_football	2026	football		not_tagged			season			mixed	football:2026 fai cup season
11.5.2026 - 14.5.2026	2026 European Taekwondo Championships	Taekwondo		event-6d89e477c01d2372f316dad43fcd402c366ee14ff0b2d500d11e572ea8f8fc19	catalog_other	2026	other		not_tagged			national_championship			mixed	other:2026 european taekwondo championships
11.5.2026 - 17.5.2026	2026 Asian Weightlifting Championships	Weightlifting		event-4afa62377b1be4ac881135de726a4fbe88065d90242dd95c1f347a66c1082550	catalog_other	2026	other		not_tagged			national_championship			mixed	other:2026 asian weightlifting championships
12.5.2026 - 16.5.2026	2026 Nor.Ca. Men's Handball Championship	Handball		event-836c56a6f7192d52b9d5dd6bc6d8976fae7f91bd0155f2d363262090a9fe79b9	catalog_other	2026	other		not_tagged			national_championship			male	other:2026 nor.ca. men's handball championship
12.5.2026 - 16.5.2026	2026 African Weightlifting Championships	Weightlifting		event-773f2e24c3e0b6298d37ce627a51f1874a50b8541b2c815c49e4df5170fdb48f	catalog_other	2026	other		not_tagged			national_championship			mixed	other:2026 african weightlifting championships
12.5.2026 - 17.5.2026	2026 African Championships in Athletics	Athletics		event-0559b98d821259508a4f625601ba4fdef5450ee24787fcc8799fae3ad6216160	catalog_athletics	2026	athletics		not_tagged			national_championship			mixed	athletics:2026 african championships in athletics
12.5.2026 - 19.5.2026	2026 World Women's Snooker Championship	Snooker		event-90db7902302f0391ecc2aa3bc132d61163d3d594d921af5a049871ad5b585ed0	catalog_other	2026	other		not_tagged			national_championship			female	other:2026 world women's snooker championship
13.5.2026	2026 AFC Challenge League final	Association football		event-63c9f605793c3848014ef785ea080e8d76802c7f032881637d44401e0ca61f34	catalog_football	2026	football		not_tagged			cup_final			mixed	football:2026 afc challenge league final
13.5.2026	2026 Coppa Italia final	Association football		event-3b363f06492e1facab15f4fdd374b5cd63f645181cd105203737ae7e420183ef	catalog_football	2026	football		not_tagged			cup_final			mixed	football:2026 coppa italia final
13.5.2026 - 17.5.2026	2026 AVC Men's Volleyball Champions League	Volleyball		event-8af4ab0d326732366c518fde4b943aa8d03f5c31982116c585a4fc2b86120b3b	catalog_volleyball	2026	volleyball		not_tagged			season			male	volleyball:2026 avc men's volleyball champions league
13.5.2026 - 2.6.2026	2026 U-17 Africa Cup of Nations	Association football		event-a80b98e6dae578c46bd6d241abb77b7107f57b6d1f94608cfea1b1cf674e9a3f	catalog_football	2026	football		not_tagged			tournament			mixed	football:2026 u-17 africa cup of nations
14.5.2026	2026 DFB-Pokal der Frauen final	Association football		event-62ffa0cedb449ee3e54a36876e9447bca6195ff9c96622bf624aabd9d1ff41b4	catalog_football	2026	football		not_tagged			cup_final			mixed	football:2026 dfb-pokal der frauen final
14.5.2026 - 17.5.2026	2026 PGA Championship	Golf		event-d593467f2a91fb01c3730835a78c750bf804a7be035590c57b984f7b7c5cc828	catalog_other	2026	other		not_tagged			national_championship			mixed	other:2026 pga championship
15.5.2026 - 31.5.2026	2026 IIHF World Championship	Ice Hockey		event-944048a136b21c598208ad03fc1e61af60dd3be0d05b4cb600a928e591a5cedb	catalog_ice_hockey	2026	ice_hockey		not_tagged			national_championship			mixed	ice_hockey:2026 iihf world championship
16.5.2026	2026 AFC Champions League Two final	Association football		event-d443760f2cee56d77c7ed8f8c5283123f74a7eb332ae8cca659d43582aa0619d	catalog_football	2026	football		not_tagged			cup_final			mixed	football:2026 afc champions league two final
16.5.2026	2026 Copa de la Reina de Fútbol final	Association football		event-49876804a3391e7ce433239591eb7d0e868641546fce789e14b5fa4dfe3e0316	catalog_football	2026	football		not_tagged			cup_final			mixed	football:2026 copa de la reina de fútbol final
16.5.2026	2026 FA Cup final	Association football		event-21dc8aeabe570d42d6e9d80af30c0c69f1a6f8a1514daa4b1bc95a25b423e6d5	catalog_football	2026	football		not_tagged			cup_final			mixed	football:2026 fa cup final
16.5.2026	2026 KNVB Women's Cup final	Association football		event-fc3576e394dc1497b7ae61adda30ec37a60b770abce391a9f3cc8b2c8d945433	catalog_football	2026	football		not_tagged			cup_final			female	football:2026 knvb women's cup final
16.5.2026	2026 Preakness Stakes	Horse racing		event-0cbd02742e34aaa3638867eab1e3eb9789a84c261e5501bc57471dc3d492cdcc	catalog_other	2026	other		not_tagged			tournament			mixed	other:2026 preakness stakes
16.5.2026	MVP MMA: Rousey vs. Carano	Mixed martial arts		event-750536625bee3693ff642ccdcdfdd8041b6af38d2beb6f6bef9d9df96597cb76	catalog_other	2026	other		not_tagged			tournament			mixed	other:mvp mma: rousey vs. carano
16.5.2026 - 17.5.2026	2026 WSBK Czech round	Motorcycle racing		event-fb8ff9661e82d6ecc51011506be8a7c42f7ae84a672fd2d824497248ecf7baee	catalog_other	2026	other		not_tagged			tournament			mixed	other:2026 wsbk czech round
16.5.2026 - 17.5.2026	2026 CEV Champions League Final Four	Volleyball		event-3e60ceaa75219f60bbdf1c78a2f1d20e6063c954d068c66fb28f71a5db9a1c02	catalog_volleyball	2026	volleyball		not_tagged			cup_final			mixed	volleyball:2026 cev champions league final four
16.5.2026 - 23.5.2026	TM ISTAF Sepaktakraw World Cup 2026	Sepak takraw		event-4b8cd81e3ab6c5f978fcb1657211ef911451ee92da9c6337205f7cf5b3430256	catalog_other	2026	other		not_tagged			tournament			mixed	other:tm istaf sepaktakraw world cup 2026
16.5.2026 - 9.8.2026	2026 All-Ireland Senior Camogie Championship	Camogie		event-0d4d18b798480c2506eb9be8c910d0708527475a36e0a6068c28ebdd6c750e3b	catalog_other	2026	other		not_tagged			national_championship			mixed	other:2026 all-ireland senior camogie championship
17.5.2026	2026 Catalan motorcycle Grand Prix (MotoGP #6)	Motorcycle racing		event-4617e5ef9b6d59b2ef277989207bf1e1cc4e5ac9b011d2683ddeb2d00c50a163	catalog_other	2026	other		not_tagged			tournament			mixed	other:2026 catalan motorcycle grand prix (motogp #6)
17.5.2026 - 24.5.2026	2026 CAF Champions League final	Association football		event-586be0172f7294cc91825dea06b0434659375dab29047dfc2b7c28664a59f306	catalog_football	2026	football		not_tagged			cup_final			mixed	football:2026 caf champions league final
18.5.2026 - 24.5.2026	2026 European Archery Championships	Archery		event-b5fc863e4037d1777ae7534459d58a5a01016db5e0eb533c7cc8c1c39f8d4e02	catalog_other	2026	other		not_tagged			national_championship			mixed	other:2026 european archery championships
20.5.2026	2026 UEFA Europa League final	Association football		event-b9c93b90e85444bddce95208ce96ed8cc05d48721494a2f3e43059cd6b98bc1e	catalog_football	2026	football		not_tagged			cup_final			mixed	football:2026 uefa europa league final
20.5.2026 - 24.5.2026	2026 European Karate Championships	Karate		event-b97fd74a221398927445eb7de80eb95486b9e5b28d9c5250e33223ac4ccbb74d	catalog_other	2026	other		not_tagged			national_championship			mixed	other:2026 european karate championships
22.5.2026	2026 Coupe de France final	Association football		event-8adb9f30a8a64f92d572bab199dfb524a382200056cd647026f268165e4216ff	catalog_football	2026	football		not_tagged			cup_final			mixed	football:2026 coupe de france final
22.5.2026	2026 Turkish Cup final	Association football		event-2c91211a2654864144d929fd7ef01eccfd52df49b9e0f056c6fb1e92f7dcf487	catalog_football	2026	football		not_tagged			cup_final			mixed	football:2026 turkish cup final
22.5.2026 - 24.5.2026	2026 EuroLeague Final Four	Basketball		event-229b816cd40ced301521114330718385d1a44dd440f39d6f56617c8f94a57a84	catalog_basketball	2026	basketball		not_tagged			cup_final			mixed	basketball:2026 euroleague final four
22.5.2026 - 18.7.2026	2026 T20 Blast season	T20 Cricket		event-1682518c64d3c8cf2acfdd563969dc3a2b87fc7be76db1ab8deddae6c80e1c33	catalog_other	2026	other		not_tagged			season			mixed	other:2026 t20 blast season
23.5.2026	2026 AFC Women's Champions League final	Association football		event-bb52ab1f88fc9ad0be28dde6e600cbd6aec3dbe09091ff77554ef79522f43c0b	catalog_football	2026	football		not_tagged			cup_final			female	football:2026 afc women's champions league final
23.5.2026	2026 CONCACAF W Champions Cup final	Association football		event-63a8e54a00851673f9563bc48f09abb8694078055b7988fd6d7769993fc410bb	catalog_football	2026	football		not_tagged			cup_final			mixed	football:2026 concacaf w champions cup final
23.5.2026	2026 DFB-Pokal final	Association football		event-b9ef5fa56930b7d073cc525b98e307b7011ab83b0a5a463fc223a2c907fb709c	catalog_football	2026	football		not_tagged			cup_final			mixed	football:2026 dfb-pokal final
23.5.2026	2026 Scottish Cup final	Association football		event-8909ce401a7d40e24bd59041e64c53f5b5e9e65836407543d958b4ded8872aeb	catalog_football	2026	football		not_tagged			cup_final			mixed	football:2026 scottish cup final
23.5.2026	2026 UEFA Women's Champions League final	Association football		event-42e8422d2dbae2eb8709f312b0a57cf9a9a31f654ada150c42a87043d3292c51	catalog_football	2026	football		not_tagged			cup_final			female	football:2026 uefa women's champions league final
23.5.2026	2026 European Rugby Champions Cup final	Rugby union		event-89f29d9c0534a4efc5dcd79e564c7e53abe29e57153be2963baf96cd634ff78d	catalog_other	2026	other		not_tagged			cup_final			mixed	other:2026 european rugby champions cup final
23.5.2026 - 24.5.2026	2026 European Rowing U19 Championships	Rowing		event-72d7a975128fe74ed4d5cd5194de0be38ac3efc42ed5b2a332bf101f929d0ad8	catalog_other	2026	other		not_tagged			national_championship			mixed	other:2026 european rowing u19 championships
23.5.2026 - 25.5.2026	2026 Men's and Women's Hoofdklasse Hockey finals	Field hockey		event-20111b02013648a4d83845fc4ef4a3c28f284b4f18b20f9d3cd0e8447cfba66a	catalog_other	2026	other		not_tagged			cup_final			female	other:2026 men's and women's hoofdklasse hockey finals
23.5.2026 - 26.5.2026	2026 Asian Rhythmic Gymnastics Championships	Rhythmic gymnastics		event-2a1a540f8ac60390eaf153d3aafa6cbdcc728d0e66e27feb6e5418899555b744	catalog_other	2026	other		not_tagged			national_championship			mixed	other:2026 asian rhythmic gymnastics championships
23.5.2026 - 31.5.2026	2026 Rugby Africa Women's Cup	Rugby union		event-e75385933679d3274655de4661170418a1781e7165d0c90c1a1d4aa06238431b	catalog_other	2026	other		not_tagged			tournament			female	other:2026 rugby africa women's cup
24.5.2026	2026 Coppa Italia Femminile final	Association football		event-f941c1a35cc82ba49383aa44782cf0b09702e3d03931bdf80acaff3898297d8f	catalog_football	2026	football		not_tagged			cup_final			mixed	football:2026 coppa italia femminile final
24.5.2026	2026 Canadian Grand Prix (F1 #5)	Formula racing		event-4ffd3206858863144dad70cd09d25a84a1c57a554b950fe4f5a83b328a7aad50	catalog_other	2026	other		not_tagged			tournament			mixed	other:2026 canadian grand prix (f1 #5)
24.5.2026 - 31.5.2026	2026 Copa Libertadores de Futsal	Futsal		event-d02bb702275a080d368c121d189ef480769fe0a218d5aacee66f7554e9a88c7d	catalog_other	2026	other		not_tagged			tournament			mixed	other:2026 copa libertadores de futsal
24.5.2026 - 7.6.2026	2026 French Open	Tennis		event-de21a334683999e1fda885a2d40228c285e5f16cedf529f4e841e588ea08a5dd	catalog_tennis	2026	tennis		not_tagged			tournament			mixed	tennis:2026 french open
25.5.2026 - 5.6.2026	2026 SAFF Women's Championship	Association football		event-589e7be3cf590be3661d5c3c95885b12b468c9caf7057f72a46aad703e602f1f	catalog_football	2026	football		not_tagged			national_championship			female	football:2026 saff women's championship
25.5.2026 - 7.6.2026	2026 UEFA European Under-17 Championship	Association football		event-cb2f25d0e5958394f42fd935cebf6d4a8eca32ff2d15420eb124939437975a99	catalog_football	2026	football		not_tagged			national_championship			mixed	football:2026 uefa european under-17 championship
27.5.2026	2026 UEFA Conference League final	Association football		event-3ff613470d109c5dd5422e62b8e7ba0493e3ed72965a12a9c9c0dc52d2dd3c50	catalog_football	2026	football		not_tagged			cup_final			mixed	football:2026 uefa conference league final
27.5.2026 - 31.5.2026	2026 Rhythmic Gymnastics European Championships	Gymnastics		event-3956df9ac55d09b912f9b33a831879461f4157501b7a0a95b62137308b50c306	catalog_other	2026	other		not_tagged			national_championship			mixed	other:2026 rhythmic gymnastics european championships
28.5.2026 - 31.5.2026	2026 Rally Japan (WRC #7)	Rallying		event-096fac8d6cdbd01702634bd4c070e80f4d777d4494bf9b84e51b69fe16615316	catalog_other	2026	other		not_tagged			tournament			mixed	other:2026 rally japan (wrc #7)
30.5.2026	2026 CONCACAF Champions Cup final	Association football		event-6bb4d863fe9939fd9e9c6211a8e10ea8810e4292991c08ddcdfd56ff4f48a939	catalog_football	2026	football		not_tagged			cup_final			mixed	football:2026 concacaf champions cup final
30.5.2026	2026 UEFA Champions League final	Association football		event-ce5f6b07c405d7a41216945006b04423448b3488576e2b119530e1fb3cefee44	uefa_champions_league	2026	football		shared_major	DE;US;GB;FR;IT		cup_final			mixed	football:2026 uefa champions league final
30.5.2026	RAF 09: Steveson vs. Romanov	Wrestling		event-499bc2725e4d800d346e3c5510f4ca3db707e72bed30dd73d07e4480d7546870	catalog_other	2026	other		not_tagged			tournament			mixed	other:raf 09: steveson vs. romanov
30.5.2026 - 31.5.2026	2026 WSBK Aragon round	Motorcycle racing		event-d09a0e25c4d4f4cd028dfdf699bcf06c808b9858d1f29f4cb5db6031b4563932	catalog_other	2026	other		not_tagged			tournament			mixed	other:2026 wsbk aragon round
30.5.2026 - 7.6.2026	2026 Giro d'Italia Women	Road bicycle racing		event-0ee82e8eda82fcad1695ab76d922e5096ad96f4053383167465b3b3e93953ef7	catalog_cycling	2026	cycling		not_tagged			tournament			female	cycling:2026 giro d'italia women
31.5.2026	2026 Scottish Women's Cup final	Association football		event-e7bfbb3f295f8f573b8ee850fffc484e4f0b34b422325ebe9e3a318cab7e6668	catalog_football	2026	football		not_tagged			cup_final			female	football:2026 scottish women's cup final
31.5.2026	2026 Women's FA Cup final	Association football		event-424c857dfcc07813586c52d92bdafa7accfe1be5cefd43ac240d9e2fb516cade	catalog_football	2026	football		not_tagged			cup_final			female	football:2026 women's fa cup final
31.5.2026	2026 Italian motorcycle Grand Prix (MotoGP #7)	Motorcycle racing		event-69c993a7181facb6a71a70dcee62678b53c077f27a72a7ebb31b9bf3e5e57838	catalog_other	2026	other		not_tagged			tournament			mixed	other:2026 italian motorcycle grand prix (motogp #7)
31.5.2026	2026 Indian Premier League final	T20 Cricket		event-9a29444e5ec3b68a1761ffb078ccdf257f59b41ba09cfdf7c69ad1d836cce016	catalog_other	2026	other		not_tagged			cup_final			mixed	other:2026 indian premier league final
1.6.2026 - 5.6.2026	2026 African Fencing Championships	Fencing		event-5708f8df4b59a7345e8bf017d3413135a45b844ebf1bf94f3edf6ff648f8d41a	catalog_other	2026	other		not_tagged			national_championship			mixed	other:2026 african fencing championships
1.6.2026 - 7.6.2026	2026 FIBA 3x3 World Cup	3x3 basketball		event-b6f1e94bd8203fe08a159a0c0a2c5ceb9c11f371f12fae0359d79a9e5d8ab8bf	catalog_other	2026	other		not_tagged			tournament			mixed	other:2026 fiba 3x3 world cup
1.6.2026 - 7.6.2026	2026 FIBA U18 AmeriCup	Basketball		event-2446bce27a0d78b5369f9355c0bdbd6f51fe9605738181e503a2477aa566d283	catalog_basketball	2026	basketball		not_tagged			tournament			mixed	basketball:2026 fiba u18 americup
3.6.2026 - 13.6.2026	2026 NBA Finals	Basketball		event-38941d0f1bdaaa88277071b6980d0c28b713b8eb0f4643f5c1433382635f1bce	nba	2026	basketball		national	US		cup_final			mixed	basketball:2026 nba finals
3.6.2026 - 26.7.2026	2026 FIVB Women's Volleyball Nations League	Volleyball		event-091f921372243285f738693d45c6d87c45785ae3c46b03ece9516eed21e751ba	catalog_volleyball	2026	volleyball		not_tagged			season			female	volleyball:2026 fivb women's volleyball nations league
4.6.2026 - 7.6.2026	2026 U.S. Women's Open	Golf		event-fbda45344268b951015bea860c4bd725494c2e6a27fe3f894da1047b4051f7cd	catalog_other	2026	other		not_tagged			tournament			female	other:2026 u.s. women's open
5.6.2026 - 6.6.2026	2026 GT World Challenge Asia (Shanghai round #3)	Endurance racing		event-2be0cb3cfdabc67bdd4e15fea87cf9e456530c9e445efba71a575ed5e42e53cc	catalog_other	2026	other		not_tagged			tournament			mixed	other:2026 gt world challenge asia (shanghai round #3)
6.6.2026	2026 Belmont Stakes	Horse Racing		event-818d7aad7f8a8530cde095a57a32283b8550ba32be53a85e2e601c4c5883cb84	catalog_other	2026	other		not_tagged			tournament			mixed	other:2026 belmont stakes
6.6.2026 - 7.6.2026	2026 Women's EHF Champions League final 4	Handball		event-ad0059e1fa98c9fafd5c4f818b2ec3d848b30251572b706720ce1741d51a2dcf	catalog_other	2026	other		not_tagged			cup_final			female	other:2026 women's ehf champions league final 4
6.6.2026 - 14.6.2026	2026 AVC Women's Volleyball Cup	Volleyball		event-dec9bd4ded651e0a05282afb7462e45a1ea2ddf802cb0f7f199f1a9f7e6a0541	catalog_volleyball	2026	volleyball		not_tagged			tournament			female	volleyball:2026 avc women's volleyball cup
6.6.2026 - 2.8.2026	2026 All-Ireland Senior Ladies' Football Championship	Gaelic football		event-c54c3f2938abcadf1700f9832552a88e676e28f9cbc83a3bab68ee5c23c2fc30	catalog_other	2026	other		not_tagged			national_championship			female	other:2026 all-ireland senior ladies' football championship
7.6.2026	2026 Monaco Grand Prix (F1) #8	Formula racing		event-1481b899a9672125957223489331fbff44b8114d5648c648989460e81174be1b	catalog_other	2026	other		not_tagged			tournament			mixed	other:2026 monaco grand prix (f1) #8
7.6.2026	2026 Hungarian motorcycle Grand Prix (MotoGP #8)	Motorcycle racing		event-22ca6d4a66e7dd0b6d6fa9d16681b2c3603894484cbb53c21b109298bee38358	catalog_other	2026	other		not_tagged			tournament			mixed	other:2026 hungarian motorcycle grand prix (motogp #8)
9.6.2026 - 15.6.2026	2026 FIBA U18 Women's AmeriCup	Basketball		event-c2d5a46347a3668864bad7a4042115740a06136cf31558d6fb68657699ff0320	catalog_basketball	2026	basketball		not_tagged			tournament			female	basketball:2026 fiba u18 women's americup
10.6.2026 - 14.6.2026	2026 Canoe Sprint European Championships	Canoeing		event-a3230cb881195d85c667e46faa6f4b465f0fa21ea3bc291ef6e9909a525e3c69	catalog_other	2026	other		not_tagged			national_championship			mixed	other:2026 canoe sprint european championships
10.6.2026 - 2.8.2026	2026 FIVB Men's Volleyball Nations League	Volleyball		event-f466933129246fea22e80a1cb9c658a50b7c1241dd4d5096cc4ca5473598a453	catalog_volleyball	2026	volleyball		not_tagged			season			male	volleyball:2026 fivb men's volleyball nations league
11.6.2026 - 19.7.2026	2026 FIFA World Cup	Association football		event-6a8b4348c910bcfa46f0c8cc2b51ecb41d6ba9a51c34937681b5abd554e6f6f6	catalog_football	2026	football		not_tagged			tournament			mixed	football:2026 fifa world cup
12.6.2026 - 14.6.2026	2026 ARRC Japan round	Motorcycle racing		event-82ab9ddf955f7ecb29426527a812f0af2a84ec43d4d2b84fa3a5debc889b1c61	catalog_other	2026	other		not_tagged			tournament			mixed	other:2026 arrc japan round
12.6.2026 - 5.7.2026	2026 ICC Women's T20 Cricket World Cup	T20 Cricket		event-4dd470bb73e3007170738b35d3fdbd74174dc0feb368ab1000e225b971cc9a40	catalog_other	2026	other		not_tagged			tournament			female	other:2026 icc women's t20 cricket world cup
13.6.2026	RAF 10: Chimaev vs. Danis	Wrestling		event-0a56171625e230e1a2fc8a9706ca5b27f3d168de6b48eadebcc4700438219a07	catalog_other	2026	other		not_tagged			tournament			mixed	other:raf 10: chimaev vs. danis
13.6.2026 - 14.6.2026	2026 24 Hours of Le Mans (WEC #4)	Endurance racing		event-7ccb6e4664e726b761efa4401629c7a620bc632d89c09742328db20902d701eb	catalog_other	2026	other		not_tagged			tournament			mixed	other:2026 24 hours of le mans (wec #4)
13.6.2026 - 14.6.2026	2025–26 EHF Champions League Final Four	Handball		event-96c60e1dd139647442e5fb6928b1cc40ebc0ffac53a26239822743e090646534	catalog_other	2025	other		not_tagged			cup_final			mixed	other:2025–26 ehf champions league final four
13.6.2026 - 14.6.2026	2026 WSBK Emilia-Romagna round	Motorcycle racing		event-c4534ab1caa5f632bf34493225346bdb24ca4f2571e5eecc7fc65c55291f3cee	catalog_other	2026	other		not_tagged			tournament			mixed	other:2026 wsbk emilia-romagna round
14.6.2026	2026 Barcelona-Catalunya Grand Prix (F1) #9	Formula racing		event-2010a7fb1e418fdb1f1b69f8130529d363282dcbc799388feace8b7b3dbd8100	catalog_other	2026	other		not_tagged			tournament			mixed	other:2026 barcelona-catalunya grand prix (f1) #9
14.6.2026	UFC Freedom 250	Mixed martial arts		event-0e50a59a6f96080f76a1ebf685c2b29c4852cfdd9fa7c8a1f8843ef8c084c61d	catalog_other	2026	other		not_tagged			tournament			mixed	other:ufc freedom 250
15.6.2026 - 20.6.2026	2026 Pan American Fencing Championships	Fencing		event-ffd37655d5c8b1d391ecf7e0f0adebbd6c437c6038f6437f068973e68729929e	catalog_other	2026	other		not_tagged			national_championship			mixed	other:2026 pan american fencing championships
15.6.2026 - 26.6.2026	2026 ISSF Junior World Championship	Sport shooting		event-294b0b0c0cbd7f50186db93fc2213a11f7ef5ae0db7e5d7a07b50cce2ea1ec3a	catalog_other	2026	other		not_tagged			national_championship			mixed	other:2026 issf junior world championship
16.6.2026 - 21.6.2026	2026 European Fencing Championships	Fencing		event-be723004473fb447970f42f385de0aa563f11b69713f3e8e3dfcf27c690125b3	catalog_other	2026	other		not_tagged			national_championship			mixed	other:2026 european fencing championships
18.6.2026 - 21.6.2026	2026 U.S. Open	Golf		event-a23b5b5c74898856499ebdc3016e288c6566c76a5f6d907820baf2a14dbad0a0	catalog_other	2026	other		not_tagged			tournament			mixed	other:2026 u.s. open
20.6.2026	2026 United Rugby Championship finals	Rugby union		event-4f4e7b3e1f61af8d6984806433e916ec331b060e0aeb1da853d10fff11c2416f	catalog_other	2026	other		not_tagged			cup_final			mixed	other:2026 united rugby championship finals
20.6.2026 - 28.6.2026	2026 AVC Men's Volleyball Cup	Volleyball		event-8e7aa8bdccfc7b6d937e4f9ffb8f99043498fb2dd39ff973e5f2ab512cbc1c17	catalog_volleyball	2026	volleyball		not_tagged			tournament			male	volleyball:2026 avc men's volleyball cup
21.6.2026	2026 Czech Republic motorcycle Grand Prix (MotoGP #9)	Motorcycle racing		event-865bea4eaa173a9c734df53da6a7aa91cc2bbf2228110409012846e6342e10a0	catalog_other	2026	other		not_tagged			tournament			mixed	other:2026 czech republic motorcycle grand prix (motogp #9)
23.6.2026 - 24.6.2026	2026 NBA draft	Basketball		event-d7549b11513176fd67918655c2c30acfefe9bf238c3143ff82eaeea946ba6652	nba	2026	basketball		national	US		tournament			mixed	basketball:2026 nba draft
23.6.2026 - 28.6.2026	2026 Men's Beach Handball World Championships 2026 Women's Beach Handball World Championships	Beach handball		event-29830a6c3ccd5d65aa8a44de19e10d61a683ac9f257ecc53f37dd59da34f4818	catalog_other	2026	other		not_tagged			national_championship			female	other:2026 men's beach handball world championships 2026 women's beach handball world championships
24.6.2026 - 27.6.2026	2026 Men's Slowpitch European Championship	Softball		event-043ebf6d2a919e9e7a721173cdc5e9cfa6c70fded5070b547657f6389063e6a7	catalog_other	2026	other		not_tagged			national_championship			male	other:2026 men's slowpitch european championship
24.6.2026 - 28.6.2026	2026 European BMX Championships	BMX		event-f0d3e1b7f68cf448a6d67b85eafc5c7c9bcfebde7853c408a72fc2425ba98b7c	catalog_other	2026	other		not_tagged			national_championship			mixed	other:2026 european bmx championships
24.6.2026 - 28.6.2026	2026 Finswimming World Championships	Finswimming		event-ea91b3da82a96e7090457bfa71abf659bfa5708258b494021486598fd7877bd3	catalog_other	2026	other		not_tagged			national_championship			mixed	other:2026 finswimming world championships
24.6.2026 - 5.7.2026	2026 IHF Women's U20 Handball World Championship	Handball		event-c2d4201552dbb2eea9493433401931751ae35b719716d4c50887dd93bf558fad	catalog_other	2026	other		not_tagged			national_championship			female	other:2026 ihf women's u20 handball world championship
25.6.2026 - 28.6.2026	2026 Women's PGA Championship	Golf		event-7d433f8cbf7fc42f020e610d103e6718fb2ebf3c59452cbef0b49bbf989e3ee5	catalog_other	2026	other		not_tagged			national_championship			female	other:2026 women's pga championship
25.6.2026 - 4.7.2026	2026 European Box Lacrosse Championships	Box lacrosse		event-87b01118e67885254722031463ca906efb331cda6572adb856b14b14d1ce5f55	catalog_other	2026	other		not_tagged			national_championship			mixed	other:2026 european box lacrosse championships
26.6.2026 - 27.6.2026	2026 NHL entry draft	Ice Hockey		event-3db373a5b57ebbfb54260a56241ed6b0cc50067e73bd43a3c493c62915ceb300	catalog_ice_hockey	2026	ice_hockey		not_tagged			tournament			mixed	ice_hockey:2026 nhl entry draft
26.6.2026 - 28.6.2026	2026 Modern Pentathlon World Cup Final	Modern pentathlon		event-b175cf7132ff58d6d77b08fb597b98b08aaa993fd13a07465bc3c8717c3bd519	catalog_other	2026	other		not_tagged			cup_final			mixed	other:2026 modern pentathlon world cup final
27.6.2026 - 5.7.2026	2026 FIBA Under-17 Basketball World Cup	Basketball		event-19d3cd6e88e2082d395fab283133c68d814cb46508301afbf7ca4bf16d9bc942	catalog_basketball	2026	basketball		not_tagged			tournament			mixed	basketball:2026 fiba under-17 basketball world cup
27.6.2026 - 7.7.2026	2026 IBF World Youth Championships	Bowling		event-4605b9a197e330c614c2523f1fd8bac359e2a7635b183cd39f74941c38e74d68	catalog_other	2026	other		not_tagged			national_championship			mixed	other:2026 ibf world youth championships
27.6.2026 - 10.7.2026	2026 UEFA Women's Under-19 Championship	Association football		event-fd0eb8bc4bfd72670fc9fdf18d77227e66f98995ad05a1afeba1eec2b433a191	catalog_football	2026	football		not_tagged			national_championship			female	football:2026 uefa women's under-19 championship
28.6.2026	2026 Austrian Grand Prix (F1) #10	Formula racing		event-30558345f47dee3bdec72e9f0ac7801fd9c2c8988fce0c9e5e7f9b99571da03f	catalog_other	2026	other		not_tagged			tournament			mixed	other:2026 austrian grand prix (f1) #10
28.6.2026	2026 Dutch TT (MotoGP #10)	Motorcycle racing		event-da0023a76844eb3e923dee8832a04eec487ed40b366fcfba7bea6391cff69d89	catalog_other	2026	other		not_tagged			tournament			mixed	other:2026 dutch tt (motogp #10)
28.6.2026	2026 Ironman European Championships	Triathlon		event-8b44c57147ac04946a40a5d23f811262845aa90c05d0610884441ee3bb0528cf	catalog_other	2026	other		not_tagged			national_championship			mixed	other:2026 ironman european championships
28.6.2026 - 11.7.2026	2026 UEFA European Under-19 Championship	Association football		event-958e3e96e80413a9c1004f5d16b4f9f077a5db418d50beab03db229a5c9dbb85	catalog_football	2026	football		not_tagged			national_championship			mixed	football:2026 uefa european under-19 championship
29.6.2026 - 4.7.2026	2026 Men's U22 European Volleyball Championship	Vollyball		event-8497219f6e1d766a4e0e1c3f86d098dd3e9c51decceb4b72de4b49f52a781326	catalog_volleyball	2026	volleyball		not_tagged			national_championship			male	volleyball:2026 men's u22 european volleyball championship
29.6.2026 - 12.7.2026	2026 Wimbledon Championships	Tennis		event-c984d4d994a83f6406c0fe6453ea9d3050cab08b396f4e62202a7c8fd810540e	catalog_tennis	2026	tennis		not_tagged			national_championship			mixed	tennis:2026 wimbledon championships
30.6.2026 - 4.7.2026	2026 European Junior Artistic Swimming Championships	Artistic swimming		event-09ab7da84663bd21fa78931d8f9d61815edfd8c13ea0cb66414c264e0cf1bb41	catalog_other	2026	other		not_tagged			national_championship			mixed	other:2026 european junior artistic swimming championships
30.6.2026 - 4.7.2026	2026 U-16 Men's Softball European Championship 2026 U-18 Men's Softball European Championship	Softball		event-19f2681f3001fcce90d0c083d41fe73e4edca82775af5b1fb97b6b10793dae6f	catalog_other	2026	other		not_tagged			national_championship			male	other:2026 u-16 men's softball european championship 2026 u-18 men's softball european championship
1.7.2026 - 5.7.2026	2026 ICF Junior and U23 Canoe Sprint World Championships	Canoeing		event-e354f12c48f0db382ef24e02aa7fe9080ae8561dfeb60175bfe67e99934b3e4f	catalog_other	2026	other		not_tagged			national_championship			mixed	other:2026 icf junior and u23 canoe sprint world championships
1.7.2026 - 7.7.2026	2026 AVC Girls' U18 Volleyball Championship	Volleyball		event-17e4bc1e52f045013f5fefab97e126cbc6b96b67a8996558cde7d34d7cca4abd	catalog_volleyball	2026	volleyball		not_tagged			national_championship			mixed	volleyball:2026 avc girls' u18 volleyball championship
1.7.2026 - 12.7.2026	2026 Women's U18 European Volleyball Championship	Volleyball		event-4aadd10b5f2ba77ad4ab3ca71e76f1008aa0c982c421824f45daa6bde7e08fdf	catalog_volleyball	2026	volleyball		not_tagged			national_championship			female	volleyball:2026 women's u18 european volleyball championship
4.7.2026 - 12.7.2026	2026 FIBA U20 Women's EuroBasket	Basketball		event-349686bcad63d4fc92a23c0c9513213ab5be292d0a540c9bca88c0cb273a367b	catalog_basketball	2026	basketball		not_tagged			tournament			female	basketball:2026 fiba u20 women's eurobasket
4.7.2026 - 18.7.2026	2026 Men's U18 European Volleyball Championship	Volleyball		event-817c3a3aa90b214e187f57367d11279bcb546377ce0100a94d9ea65b7947d42d	catalog_volleyball	2026	volleyball		not_tagged			national_championship			male	volleyball:2026 men's u18 european volleyball championship
4.7.2026 - 26.7.2026	2026 Tour de France	Road bicycle racing		event-a04b0279f98f3fddd167cf37818d621e5285a26fe40cbe8de6b2988e29e1d375	catalog_cycling	2026	cycling		not_tagged			tournament			mixed	cycling:2026 tour de france
5.7.2026	2026 British Grand Prix (F1) #11	Formula racing		event-df5aabf98428d31449bffe9ab5014568d3258ccdb1726bdea295e65022c071b5	catalog_other	2026	other		not_tagged			tournament			mixed	other:2026 british grand prix (f1) #11
5.7.2026 - 11.7.2026	2026 World Youth Weightlifting Championships	Weightlifting		event-d90d92e0d251ef738b4ba50793113c9c76751e40b82ee7c42e08588916934cd2	catalog_other	2026	other		not_tagged			national_championship			mixed	other:2026 world youth weightlifting championships
6.7.2026 - 12.7.2026	2026 Women's U22 European Volleyball Championship	Volleyball		event-430a007a55643608462b65180a5cfb0bdcc38ef908a1b9be371e57665e837a42	catalog_volleyball	2026	volleyball		not_tagged			national_championship			female	volleyball:2026 women's u22 european volleyball championship
6.7.2026 - 12.7.2026	2026 U20 European Wrestling Championship	Wrestling		event-5f38fbfdcddc7741af0b6ce9586a8dbb37f80139e90810d5b9a6bc99cbd15519	catalog_other	2026	other		not_tagged			national_championship			mixed	other:2026 u20 european wrestling championship
7.7.2026 - 11.7.2026	2026 U-12 Baseball European Championship	Baseball		event-4adb8514977037d49ef028f39b10cd15fdbf33c366b4320f3fcc54f4b4d91e5c	catalog_other	2026	other		not_tagged			national_championship			mixed	other:2026 u-12 baseball european championship
7.7.2026 - 11.7.2026	2026 World Orienteering Championships	Orienteering		event-26ef279fc2e50e50d9ca7c8a8e7f5c32c3727ba1ba0d93b9a6302d9eb9a0d8ba	catalog_other	2026	other		not_tagged			national_championship			mixed	other:2026 world orienteering championships
7.7.2026 - 12.7.2026	2026 European Junior Swimming Championships	Swimming		event-31ee3aa0aa9254065328210969a7dc7311126e4378643b7ffe3edf98b15f61ad	catalog_swimming	2026	swimming		not_tagged			national_championship			mixed	swimming:2026 european junior swimming championships
7.7.2026 - 12.7.2026	2026 UEC European Track Championships (under-23 & junior)	Track cycling		event-d93b9685d05ccce752d1e4d1b84bd7b9dc424bef05031cff52d0fdc42742e6e4	catalog_cycling	2026	cycling		not_tagged			national_championship			mixed	cycling:2026 uec european track championships (under-23 & junior)
8.7.2026 - 19.7.2026	2026 European Men's U-20 Handball Championship	Handball		event-7345dd158b3f6e1c6d05b26c4b8db930d4660b3f08efab900932ddcb37b021ac	catalog_other	2026	other		not_tagged			national_championship			male	other:2026 european men's u-20 handball championship
9.7.2026 - 12.7.2026	2026 Evian Championship	Golf		event-05b987962db7ea622a576fc0de613a50340813833dcf6d005f6c768e90a7f07b	catalog_other	2026	other		not_tagged			national_championship			mixed	other:2026 evian championship
11.7.2026	UFC 329: McGregor vs. Holloway 2	Mixed martial arts		event-8da9f1cbb0ba684f9ddb8d14d91f3a0407b8528469c359440c91a57aadc1007a	catalog_other	2026	other		not_tagged			tournament			mixed	other:ufc 329: mcgregor vs. holloway 2
11.7.2026	RAF Georgia: Dvalishvili vs. Cejudo	Wrestling		event-71c1d947abe9d87db7eea2b73e7ca77aadd154d9fa1a6e0c9cb57fdeab6662b9	catalog_other	2026	other		not_tagged			tournament			mixed	other:raf georgia: dvalishvili vs. cejudo
11.7.2026 - 12.7.2026	2026 GT World Challenge Asia (Fuji Speedway round #4)	Endurance racing		event-780ade8f1b31945bd53d05271f5866cd0d195b67edfd1eba4b001b36c55e7f90	catalog_other	2026	other		not_tagged			tournament			mixed	other:2026 gt world challenge asia (fuji speedway round #4)
11.7.2026 - 12.7.2026	2026 WSBK Donington Park round	Motorcycle racing		event-f73ee3f5cd164d6488429ff95f0a95418d6459ed5dab8c8fcc60efb0a9480b08	catalog_other	2026	other		not_tagged			tournament			mixed	other:2026 wsbk donington park round
11.7.2026 - 19.7.2026	2026 FIBA U20 EuroBasket	Basketball		event-537b14825dcb37c8f1cb8bb1d8da0311353a9001435a95d28286a46aff5983d6	catalog_basketball	2026	basketball		not_tagged			tournament			mixed	basketball:2026 fiba u20 eurobasket
11.7.2026 - 19.7.2026	2026 FIBA Under-17 Women's Basketball World Cup	Basketball		event-143198429da33cf229f3353e8b40789a47b8a8eb4890a8db9ee38299afa71df9	catalog_basketball	2026	basketball		not_tagged			tournament			female	basketball:2026 fiba under-17 women's basketball world cup
12.7.2026	2026 6 Hours of São Paulo (WEC #5)	Endurance racing		event-e8ce80b8687a68d43bfd6406684e355ba698fc34f20dfcbecdae1e02accf1200	catalog_other	2026	other		not_tagged			tournament			mixed	other:2026 6 hours of são paulo (wec #5)
12.7.2026	2026 German motorcycle Grand Prix (MotoGP #11)	Motorcycle racing		event-9b82cfeccc858a9a9d699d607fbd321dd4519e86759f8137be41b3b9029a0866	catalog_other	2026	other		not_tagged			tournament			mixed	other:2026 german motorcycle grand prix (motogp #11)
12.7.2026 - 18.7.2026	2026 AVC Boys' U18 Volleyball Championship	Volleyball		event-ac22a7af616e2a7bb75162dea829c7c4156389e7d8c0a9c4ddf6fe9d84db8b58	catalog_volleyball	2026	volleyball		not_tagged			national_championship			mixed	volleyball:2026 avc boys' u18 volleyball championship
13.7.2026 - 19.7.2026	2026 U-18 Baseball European Championship	Baseball		event-c95f199eec3fd43c611c27bf170a685f86181838bc4fac68eea3fa9d40859b3c	catalog_other	2026	other		not_tagged			national_championship			mixed	other:2026 u-18 baseball european championship
14.7.2026	2026 Major League Baseball All-Star Game	Baseball		event-13a3f6f49d2ab0d5892dac78a1f174f16a49542c87fc4d86686a47fed8409cb7	catalog_other	2026	other		not_tagged			season			mixed	other:2026 major league baseball all-star game
14.7.2026 - 18.7.2026	2026 Coed Slowpitch European Championship	Softball		event-7f16682cc9722b58df8cfb4776b716a0e6d0c98b9ba4d289e86ddd0e2aa6bf46	catalog_other	2026	other		not_tagged			national_championship			mixed	other:2026 coed slowpitch european championship
16.7.2026 - 19.7.2026	2026 Open Championship	Golf		event-526d4fc9c9b0c2b6f50f624ac77a025252a9fe9ab85271864ce311d1ef327507	catalog_other	2026	other		not_tagged			national_championship			mixed	other:2026 open championship
17.7.2026 - 8.8.2026	2026 Lanka Premier League season	T20 Cricket		event-f72c55d16713782c825bf0a06a4717516dcd19307d19cb136ea5dfbc5428b771	catalog_other	2026	other		not_tagged			season			mixed	other:2026 lanka premier league season
18.7.2026	RAF 11: Tsarukyan vs. Covington	Wrestling		event-fd2f207b5cc4b6824265ce1f6fb851872f53cfe0438aa1cbecc50f89558bd9f7	catalog_other	2026	other		not_tagged			tournament			mixed	other:raf 11: tsarukyan vs. covington
19.7.2026	2026 Belgian Grand Prix (F1) #12	Formula racing		event-0e2b5004b3d3fb2f7877cf9db11e81ba92975bc02b5b9a56bb9bce34933b6f8b	catalog_other	2026	other		not_tagged			tournament			mixed	other:2026 belgian grand prix (f1) #12
19.7.2026 - 26.7.2026	2026 European Inline Speed Skating Championships	Inline speed skating		event-a3abd25ec66f304e6d7dcf3d5ac933f4bfbdc371eff923604fd6dabc5b0b1180	catalog_other	2026	other		not_tagged			national_championship			mixed	other:2026 european inline speed skating championships
20.7.2026 - 25.7.2026	2026 ICF Canoe Slalom World Championships	Canoe slalom		event-ab8f1a98ef93cb33034bf33379434af27693a588df96e9320e1f6828f9b0dbae	catalog_other	2026	other		not_tagged			national_championship			mixed	other:2026 icf canoe slalom world championships
20.7.2026 - 25.7.2026	2026 U-22 Women's Softball European Championship	Softball		event-7174a69e884250f74243d4cde9adac61a3acc431e335591100c395193f44ab19	catalog_other	2026	other		not_tagged			national_championship			female	other:2026 u-22 women's softball european championship
20.7.2026 - 26.7.2026	2026 European Youth Archery Championships	Archery		event-5e54578b1c314ae2b28aca52f4ef5a71fc81ba9b4a5faf3ad1ad8d19ba9c3342	catalog_other	2026	other		not_tagged			national_championship			mixed	other:2026 european youth archery championships
21.7.2026 - 26.7.2026	2026 China Open	Badminton		event-d861a0a83bb2ad29611dcc40a6942aa43aafe42815b35cf6b299f4263a77923f	catalog_other	2026	other		not_tagged			tournament			mixed	other:2026 china open
21.7.2026 - 16.8.2026	2026 The Hundred season	Cricket		event-0bc70af783f412881882ea2436cbc728b1b1e3456a5f4d787c509d2f043711c7	catalog_other	2026	other		not_tagged			season			mixed	other:2026 the hundred season
22.7.2026 - 26.7.2026	2026 World Rowing U23 Championships	Rowing		event-0f58587fef082ee828e2785ef1049cb75e5bc7fd83bdc7691ff8fe6677c2e64b	catalog_other	2026	other		not_tagged			national_championship			mixed	other:2026 world rowing u23 championships
22.7.2026 - 30.7.2026	2026 World Fencing Championships	Fencing		event-933e1361f3e77e9b824cd5fd52f6aefa568ca0f11b5507afb474b9968d5a2ad1	catalog_other	2026	other		not_tagged			national_championship			mixed	other:2026 world fencing championships
23.7.2026 - 29.7.2026	2026 World Junior Modern Pentathlon Championships	Modern pentathlon		event-68d9d1f4cf6ece639153a502c6f53f0e81337f4603fddb6492e3f45b9774b2d0	catalog_other	2026	other		not_tagged			national_championship			mixed	other:2026 world junior modern pentathlon championships
23.7.2026 - 2.8.2026	2026 Commonwealth Games	Commonwealth Games		event-13a2ad2039fec1a9cb5e9c5a49a00642dfd8116e8c90c7f8163a015169e9f0aa	catalog_other	2026	other		not_tagged			tournament			mixed	other:2026 commonwealth games
24.7.2026 - 2.8.2026	2026 World Lacrosse Women's Championship	Lacrosse		event-63abf9b93e69200d21deba7c5de59e1c3587c8f9eace12aa16c36ed2db278b0b	catalog_other	2026	other		not_tagged			national_championship			female	other:2026 world lacrosse women's championship
26.7.2026	2026 Hungarian Grand Prix (F1) #13	Formula racing		event-96826097328b9e6a09af8e9744b66e49a980e0e87862ea540d989320407f1376	catalog_other	2026	other		not_tagged			tournament			mixed	other:2026 hungarian grand prix (f1) #13
26.7.2026 - 16.8.2026	2026 Women's Africa Cup of Nations	Association football		event-e61bda3453bf0724ca94bf8f348101711bf661524faa5805028bcc7005cc9b6f	catalog_football	2026	football		not_tagged			tournament			female	football:2026 women's africa cup of nations
26.7.2026 - 13.12.2026	2026 AFA Liga Profesional de Fútbol Tornea Clausura season	Association football		event-8e8bc14505481128e7b87ab26be585ae7413568a589444cdb510c92960a9c834	catalog_football	2026	football		not_tagged			season			mixed	football:2026 afa liga profesional de fútbol tornea clausura season
27.7.2026 - 1.8.2026	2026 U-15 Women's Softball European Championship	Softball		event-9e97b2de2ab8d3e02caece2053b271b4a982fc5b473b73543f5ae3f8ecbc91a8	catalog_other	2026	other		not_tagged			national_championship			female	other:2026 u-15 women's softball european championship
29.7.2026 - 9.8.2026	2026 IHF Women's U18 Handball World Championship	Handball		event-b0db44febabbf32814910f3a0c8795acd9d70c60138eba07caeaff10ac10f8f6	catalog_other	2026	other		not_tagged			national_championship			female	other:2026 ihf women's u18 handball world championship
30.7.2026 - 2.8.2026	2026 UEC Mountain Bike European Cross Country Championships	Mountain biking		event-09c4ecdffba2d8fbd12e4b001dc595e3f9acfdc9a505cf513dccc9a85ff9c99a	catalog_cycling	2026	cycling		not_tagged			national_championship			mixed	cycling:2026 uec mountain bike european cross country championships
30.7.2026 - 2.8.2026	2026 European Rowing Championships	Rowing		event-54a95aba0ae1326e01f4e2ea70b63fcb091228442394f605111d9e45097ebf57	catalog_other	2026	other		not_tagged			national_championship			mixed	other:2026 european rowing championships
31.7.2026 - 16.8.2026	2026 European Aquatics Championships	Aquatics		event-2d831d6600a62d136f7635fed1bdc7f839a31090dd780ec946727795bb733f15	catalog_other	2026	other		not_tagged			national_championship			mixed	other:2026 european aquatics championships
1.8.2026 - 9.8.2026	2026 Tour de France Femmes	Road bicycle racing		event-29d7a52837eac226ca542aadbdf0df60840597b92a49c8d358951ce9b8f4275e	catalog_cycling	2026	cycling		not_tagged			tournament			mixed	cycling:2026 tour de france femmes
2.8.2026 - 12.8.2026	2026 Canadian Open	Tennis		event-ace1460b59e358832a5f0e67aaa7e1657d72f7495bd0cccae4cee4a8ebc16b86	catalog_tennis	2026	tennis		not_tagged			tournament			mixed	tennis:2026 canadian open
3.8.2026 - 9.8.2026	2026 European Modern Pentathlon Championships	Modern pentathlon		event-1601fb0c29e32c3b30cb818cd14a8224c648ddb0fac167e3c835120f2bd8a70f	catalog_other	2026	other		not_tagged			national_championship			mixed	other:2026 european modern pentathlon championships
5.8.2026 - 9.8.2026	2026 World Rowing Junior Championships	Rowing		event-3168617925901a8a153de51056f2a07c6f928711b725553eea112160bd54b246	catalog_other	2026	other		not_tagged			national_championship			mixed	other:2026 world rowing junior championships
6.8.2026 - 16.8.2026	2026 FIVB Volleyball Girls' U17 World Championship	Volleyball		event-84bbd07355c7686e246b27ad0c22015d8dae0a8c5df2a94de26161207aee2af5	catalog_volleyball	2026	volleyball		not_tagged			national_championship			mixed	volleyball:2026 fivb volleyball girls' u17 world championship
9.8.2026	2026 British motorcycle Grand Prix (MotoGP #12)	Motorcycle racing		event-1391f4d6b8a92f17c174f127b0263a90893ec980e32acaefdace7dab799b53a0	catalog_other	2026	other		not_tagged			tournament			mixed	other:2026 british motorcycle grand prix (motogp #12)
10.8.2026 - 16.8.2026	2026 European Athletics Championships	Athletics		event-45aa05efdaed516b2ee8c75829b77db21b5801914f74f29286aa01bb1fe6296a	catalog_athletics	2026	athletics		not_tagged			national_championship			mixed	athletics:2026 european athletics championships
11.8.2026 - 23.8.2026	2026 FEI World Championships	Equestrian		event-1859159e1214c92e97dc9ddac559ac9ec5715bab3cb515c1619ce85509f6b85f	catalog_other	2026	other		not_tagged			national_championship			mixed	other:2026 fei world championships
12.8.2026 - 16.8.2026	2026 Rhythmic Gymnastics World Championships	Rhythmic gymnastics		event-8a4afad3a856e9bc71b7e2438399b5663634d02cac35484391091b96482af864	catalog_other	2026	other		not_tagged			national_championship			mixed	other:2026 rhythmic gymnastics world championships
13.8.2026 - 16.8.2026	2026 IFAF Men's Flag Football World Championship 2026 IFAF Women's Flag Football World Championship	Flag football		event-1a8cd4d085f89c2f9708e9f4bcc5fc5b9632eb15ab1f93ade20c69f524a065c4	catalog_other	2026	other		not_tagged			national_championship			female	other:2026 ifaf men's flag football world championship 2026 ifaf women's flag football world championship
13.8.2026 - 23.8.2026	2026 Cincinnati Open	Tennis		event-6e66ae7e160a34635ad0660251066e32d710526713cfedfc538993bfe1a01c4b	catalog_tennis	2026	tennis		not_tagged			tournament			mixed	tennis:2026 cincinnati open
13.8.2026 - 30.8.2026	2026 FedEx Cup Playoffs	Golf		event-01ab505fdf8a4d78ecc9926b0c9958bc5854f0e909b536fa7505cae595741e6e	catalog_other	2026	other		not_tagged			tournament			mixed	other:2026 fedex cup playoffs
14.8.2026 - 30.8.2026	2026 Men's FIH Hockey World Cup	Field hockey		event-3371fb3335e45801dcc4cce4c1483e7a6163a73be35425f4c75efc399d7adecd	catalog_other	2026	other		not_tagged			tournament			male	other:2026 men's fih hockey world cup
14.8.2026 - 30.8.2026	2026 Women's FIH Hockey World Cup	Field hockey		event-cf072c18120fc8e344123ab119bb5f546da0ff0a7b43701140d36d71d6fe7730	catalog_other	2026	other		not_tagged			tournament			female	other:2026 women's fih hockey world cup
16.8.2026	2026 FA Community Shield	Association football		event-af1f03d0c6b2dad97e59f5aa41c45a19c612e6a4fcfe5c73df5103575f7db957	catalog_football	2026	football		not_tagged			tournament			mixed	football:2026 fa community shield
17.8.2026 - 23.8.2026	2026 BWF World Championships	Badminton		event-9560aadbf845b1fc727661599aaf3bc083dc86547ebd51ec27f62c6075785526	catalog_other	2026	other		not_tagged			national_championship			mixed	other:2026 bwf world championships
19.8.2026 - 29.8.2026	2026 FIVB Volleyball Boys' U17 World Championship	Volleyball		event-261b3b1e5efaeb81d81014b16033a6997b83e57b5f73faf7a603d44d8496557d	catalog_volleyball	2026	volleyball		not_tagged			national_championship			mixed	volleyball:2026 fivb volleyball boys' u17 world championship
20.8.2026 - 23.8.2026	2026 World Judo Cadet Championships	Judo		event-d48d19bf664724711bb4b9d41527e37d757b99b03b135182c0c1d45872792596	catalog_other	2026	other		not_tagged			national_championship			mixed	other:2026 world judo cadet championships
20.8.2026 - 30.8.2026	2026 Little League World Series	Baseball		event-97aebeae764840f76a7392b66ca487af21676de76786b5e6c9a30ed8e183ca51	catalog_other	2026	other		not_tagged			season			mixed	other:2026 little league world series
21.8.2026 - 3.9.2026	2026 Mediterranean Games	Mediterranean Games		event-3eee020c51b912fac085e56a477166eefd8fcf97f7a4d03e417ca12aff56d389	catalog_other	2026	other		not_tagged			tournament			mixed	other:2026 mediterranean games
21.8.2026 - 6.9.2026	2026 Women's European Volleyball Championship	Volleyball		event-a78897b3839f0f3f63ff6487e4d199339ab77f4de7e80f3af8ecd1aeb0228bd5	catalog_volleyball	2026	volleyball		not_tagged			national_championship			female	volleyball:2026 women's european volleyball championship
22.8.2026	2026 Franz Beckenbauer Supercup	Association football		event-4fd1c482713fa3e69c78d03d47d0e4f5e1676bc990cc730fa1010b4da62b4952	catalog_football	2026	football		not_tagged			tournament			mixed	football:2026 franz beckenbauer supercup
22.8.2026	RAF 12	Wrestling		event-461b44c86f9d4ec64a009a7ab409af3034dca9c88252964587d641d984ca7581	catalog_other	2026	other		not_tagged			tournament			mixed	other:raf 12
22.8.2026 - 13.9.2026	2026 Vuelta a España	Road bicycle racing		event-981dd58b7107f6b0edc3fde7f429fcc41ab686af10060e269b701db91954f96a	catalog_cycling	2026	cycling		not_tagged			tournament			mixed	cycling:2026 vuelta a españa
23.8.2026	2026 Dutch Grand Prix (F1) #14	Formula Racing		event-9b8bd2fa7bd23b57cf29abe196bd36e0f2606f8de27eb73ac8bfca54a4063403	catalog_other	2026	other		not_tagged			tournament			mixed	other:2026 dutch grand prix (f1) #14
23.8.2026 - 30.8.2026	2026 World Rowing Championships	Rowing		event-3ce5ba79b19fcf3a132337669a25145f8faf0fa623a37d764b4eedc7aee0555d	catalog_other	2026	other		not_tagged			national_championship			mixed	other:2026 world rowing championships
24.8.2026 - 30.8.2026	2026 World Modern Pentathlon Championships	Modern pentathlon		event-d89303c44b28c221e995a983c128eac667641e6af6f502a89cdeab1765d1694b	catalog_other	2026	other		not_tagged			national_championship			mixed	other:2026 world modern pentathlon championships
26.8.2026 - 30.8.2026	2026 ICF Canoe Sprint World Championships	Canoeing		event-6fe1cebf503e4e32975efd1fa9e2ce7611aa4403653c508f35add1708b5aea9e	catalog_other	2026	other		not_tagged			national_championship			mixed	other:2026 icf canoe sprint world championships
26.8.2026 - 30.8.2026	2026 PDGA World Championships	Disc golf		event-4eebe01ff93df66186e6c73db03682fbd173771b08fe4f745316d1c85cee4988	catalog_other	2026	other		not_tagged			national_championship			mixed	other:2026 pdga world championships
26.8.2026 - 30.8.2026	2026 UCI Mountain Bike World Championships	Mountain biking		event-b77abbe75ebfa64728d4ed72ce45d54fa78a4ce8bd52826f859873e931034adf	catalog_cycling	2026	cycling		not_tagged			national_championship			mixed	cycling:2026 uci mountain bike world championships
26.8.2026 - 30.8.2026	2026 Oceania Table Tennis Championships	Table tennis		event-3501ef38971c71a1d2686239b7726ef77b293474e3180c1f1bed46ceef1cc583	catalog_table_tennis	2026	table_tennis		not_tagged			national_championship			mixed	table_tennis:2026 oceania table tennis championships
28.8.2026 - 30.8.2026	2026 FIS Grass Skiing World Cup Final	Grass skiing		event-283961b99439519b326bf8f3ad3c8daf520cb04b24df93c3eff50d23b69317fe	catalog_other	2026	other		not_tagged			cup_final			mixed	other:2026 fis grass skiing world cup final
29.8.2026 - 30.8.2026	2026 GT World Challenge Asia (Okayama round #5)	Endurance racing		event-f5b0da7b2316237658457ac1ed2784d7d36ef0bcdd08402e87a90962841bd83e	catalog_other	2026	other		not_tagged			tournament			mixed	other:2026 gt world challenge asia (okayama round #5)
29.8.2026 - 12.12.2026	2026 NCAA Division I FBS football season	American football		event-4026bbd67707daa5b4b74cb2b104445d4251bb4e4154a24f22cc73abd8c5f4fc	catalog_american_football	2026	american_football		not_tagged			season			mixed	american_football:2026 ncaa division i fbs football season
30.8.2026	2026 UEC Gravel Bike European Championships	Gravel biking		event-3445f95ef0758c3f6f47d96f06e612040bd21290a176a0e4a8a463c837a05f3d	catalog_other	2026	other		not_tagged			national_championship			mixed	other:2026 uec gravel bike european championships
30.8.2026	2026 Sydney Marathon (WMM #4)	Marathon		event-823e67c177357ccb613c337aba8b7b30e2b7e324e56c712b889adf9bcc97e4a5	catalog_other	2026	other		not_tagged			tournament			mixed	other:2026 sydney marathon (wmm #4)
30.8.2026	2026 Aragon motorcycle Grand Prix (MotoGP #13)	Motorcycle racing		event-61c71a2c4ecedcc9fc5fb9111b3c7cac81e615c01aed21b2369d062dc212527c	catalog_other	2026	other		not_tagged			tournament			mixed	other:2026 aragon motorcycle grand prix (motogp #13)
31.8.2026 - 13.9.2026	2026 European Artistic Roller Skating Championships	Artistic roller skating		event-c2a6dbcdd3f8363f592b328dfe234293524271e5d1e211947239228590479307	catalog_other	2026	other		not_tagged			national_championship			mixed	other:2026 european artistic roller skating championships
31.8.2026 - 13.9.2026	2026 US Open	Tennis		event-2963931729702078bf61ac7e23f88101a758149bd69a750ccc822783e007a2a1	catalog_tennis	2026	tennis		not_tagged			tournament			mixed	tennis:2026 us open
4.9.2026 - 6.9.2026	2026 UCI Para-cycling Road World Championships	Road Cycling		event-4f084560a9bcd7543c7b38b2ecadd591c4c9615946606639a90a8fa17041782d	catalog_cycling	2026	cycling		not_tagged			national_championship			mixed	cycling:2026 uci para-cycling road world championships
4.9.2026 - 13.9.2026	2026 FIBA Women's Basketball World Cup	Basketball		event-1166e675a88614175807b29864c6dc0fe69cc488f12fdaca2491f3a1d72caf1d	catalog_basketball	2026	basketball		not_tagged			tournament			female	basketball:2026 fiba women's basketball world cup
5.9.2026 - 6.9.2026	2026 WSBK French round	Motorcycle racing		event-bd78762f549deb8733e1269b50403457a504ff94e48a1d6dd551b2d8c8f5f5a7	catalog_other	2026	other		not_tagged			tournament			mixed	other:2026 wsbk french round
5.9.2026 - 6.9.2026	2026 European Rowing Under 23 Championships	Rowing		event-d4c76bbb8bd16f55662ffd69ec8e41f9273cda3bcaab2d87a4b7f175bedf3d6d	catalog_other	2026	other		not_tagged			national_championship			mixed	other:2026 european rowing under 23 championships
5.9.2026 - 27.9.2026	2026 FIFA U-20 Women's World Cup	Association football		event-a13ab80f423e4c4552fdbdcc8a5d9c72e0b25f519a4b4be45d0c170a933d515c	catalog_football	2026	football		not_tagged			tournament			female	football:2026 fifa u-20 women's world cup
6.9.2026	2026 Lone Star Le Mans (WEC #6)	Endurance racing		event-b996bcd8273eb5adcbed307051bdb8c6db1522494b5956c59ea2908d60dfe03a	catalog_other	2026	other		not_tagged			tournament			mixed	other:2026 lone star le mans (wec #6)
6.9.2026	2026 Italian Grand Prix (F1) #15	Formula racing		event-feb61bc1fe202302aa0ec740fccffae590b9b8e99e171f60ee8b75958689a7a8	catalog_other	2026	other		not_tagged			tournament			mixed	other:2026 italian grand prix (f1) #15
9.9.2026 - 10.1.2027	2026 NFL season	American football		event-49ff4f0e9ed9f31eb23ac186c44318f6bb7ba48534bcaedc0c54942a763b411b	nfl	2026	american_football		national	US		season			mixed	american_football:2026 nfl season
9.9.2026 - 12.9.2026	2026 World Team Disc Golf Championships	Disc golf		event-927e4c6fdeecc89cb4f782414a0afcf87e94bb18d6637699037131c5bfd019d5	catalog_other	2026	other		not_tagged			national_championship			mixed	other:2026 world team disc golf championships
9.9.2026 - 19.9.2026	2026 IWBF Wheelchair Basketball World Championships	Wheelchair Basketball		event-186ec078ca3c52949dd81455423e61936447e1b58cb10b03a1533f3e7eb0ab3e	catalog_other	2026	other		not_tagged			national_championship			mixed	other:2026 iwbf wheelchair basketball world championships
9.9.2026 - 26.9.2026	2026 Men's European Volleyball Championship	Volleyball		event-51e98e6f460d5cf258a6aa285ffd517d0793f835d345280f9c1732f84240a6b9	catalog_volleyball	2026	volleyball		not_tagged			national_championship			male	volleyball:2026 men's european volleyball championship
10.9.2026 - 11.9.2026	2026 WSBK Estoril round	Motorcycle racing		event-742572c725b54454ffd831e93a4b47cb4db769ba1d98a87891639c12358d12f8	catalog_other	2026	other		not_tagged			tournament			mixed	other:2026 wsbk estoril round
11.9.2026 - 13.9.2026	2026 World Athletics Ultimate Championship	Athletics		event-39d1ad3a9a5edc1916cbecd0fc52405c5b92f612eaa3935e851ad3c511b2bab8	catalog_athletics	2026	athletics		not_tagged			national_championship			mixed	athletics:2026 world athletics ultimate championship
11.9.2026 - 13.9.2026	2026 ARRC Sepang round	Motorcycle racing		event-020a89540d174807dd81d99258d4515770cd5197420f47c7e090f8c7a529e2a0	catalog_other	2026	other		not_tagged			tournament			mixed	other:2026 arrc sepang round
11.9.2026 - 13.9.2026	2026 UEC Mountain Bike Marathon European Championships	Mountain biking		event-1af40ce3723eeb117702364f55f039174bcbadb195930a779c925ff438ac74e0	catalog_cycling	2026	cycling		not_tagged			national_championship			mixed	cycling:2026 uec mountain bike marathon european championships
12.9.2026	2026 UCI Mountain Bike Marathon World Championships	Mountain Bike Cycling		event-a4ecfddcb10a963d45762a34703ec2e2590ff21407732088c8358723d31763bf	catalog_cycling	2026	cycling		not_tagged			national_championship			mixed	cycling:2026 uci mountain bike marathon world championships
12.9.2026 - 13.9.2026	2026 Archery World Cup Final	Archery		event-0f2650522909da23764aa3096a97619e454a3db32eb64fa21689fbc6f1889553	catalog_other	2026	other		not_tagged			cup_final			mixed	other:2026 archery world cup final
13.9.2026	2026 Spanish Grand Prix (F1) #16	Formula racing		event-40964bcf63911aa91488ad51d1dc7aad4931bc3e13519307a35f8754250de662	catalog_other	2026	other		not_tagged			tournament			mixed	other:2026 spanish grand prix (f1) #16
13.9.2026	2026 San Marino and Rimini Riviera motorcycle Grand Prix (MotoGP #14)	Motorcycle racing		event-90b59ba3d1a3e42a5fd637eb31e1f27076b177359b7bbaabc428132d1f12b216	catalog_other	2026	other		not_tagged			tournament			mixed	other:2026 san marino and rimini riviera motorcycle grand prix (motogp #14)
15.9.2026 - 26.9.2026	2026 European Amateur Boxing Championships	Amateur boxing		event-1d4da8cb018fd8275e195f01598ae97ec3b99a62555c0937bd5a8ce77e967204	catalog_other	2026	other		not_tagged			national_championship			mixed	other:2026 european amateur boxing championships
17.9.2026 - 18.9.2026	2026 WSBK Spanish round	Motorcycle racing		event-96712b04971ae23eb746c22f14762ffa9972328e4087d697d1d388a047d3417d	catalog_other	2026	other		not_tagged			tournament			mixed	other:2026 wsbk spanish round
17.9.2026 - 20.9.2026	2026 Baseball5 Pan American Championship	Baseball5		event-5a37d50402d4c9e3d3962a0efdf90292e3955e260dd150f7638abd1d0abc8e6e	catalog_other	2026	other		not_tagged			national_championship			mixed	other:2026 baseball5 pan american championship
19.9.2026 - 26.9.2026	2026 European Bowls Championships	Bowls		event-d956da101b702998d248842b7ab07c54a82014610564e81d570d64e23fd89071	catalog_other	2026	other		not_tagged			national_championship			mixed	other:2026 european bowls championships
19.9.2026 - 4.10.2026	2026 Asian Games	Asian Games		event-fac2b0a1719260e36f86f262d5fe4736ed1a6068c5a004c48b1d0405c9f57667	catalog_other	2026	other		not_tagged			tournament			mixed	other:2026 asian games
20.9.2026	2026 Caribbean Premier League finals	Cricket		event-175b1f06db0c68203a2795832dc3675dcca4bd82bdab0b74e8fc2b2f420bcebd	catalog_other	2026	other		not_tagged			cup_final			mixed	other:2026 caribbean premier league finals
20.9.2026	2026 Austrian motorcycle Grand Prix (MotoGP #15)	Motorcycle racing		event-94bd32a0ef4f8f76945db4a421be086174f8d26ec4312bff3fb404be2f096d83	catalog_other	2026	other		not_tagged			tournament			mixed	other:2026 austrian motorcycle grand prix (motogp #15)
20.9.2026 - 27.9.2026	2026 UCI Road World Championships	Road bicycle racing		event-b5097ab47e604f550ebfb46059f824f4e0fcc533b9eec5d63330a0a817230d8f	catalog_cycling	2026	cycling		not_tagged			national_championship			mixed	cycling:2026 uci road world championships
22.9.2026 - 27.9.2026	2026 European Orienteering Championships	Orienteering		event-893075746dfb67281827a4b43aa4af0ee9d8b2417e639ca246eee12b2f3fe8dd	catalog_other	2026	other		not_tagged			national_championship			mixed	other:2026 european orienteering championships
24.9.2026 - 3.10.2026	2026 World Archery 3D Championships	Archery		event-8225f61d85dd0380023aabacb32f36d8d985fefcee55df2af3517f81748a36c3	catalog_other	2026	other		not_tagged			national_championship			mixed	other:2026 world archery 3d championships
25.9.2026 - 4.10.2026	2026 U-15 Baseball World Cup	Baseball		event-3e99201ee1457ca4441117741f0cecd0c0f3b744af7b4d4daf921bc1f857f9b7	catalog_other	2026	other		not_tagged			tournament			mixed	other:2026 u-15 baseball world cup
26.9.2026	2026 Azerbaijan Grand Prix (F1) #17	Formula racing		event-c2dce130a32534223d7d3e81ebc5246ee3a58cef6c18ac98d8b9537d154b6a5f	catalog_other	2026	other		not_tagged			tournament			mixed	other:2026 azerbaijan grand prix (f1) #17
27.9.2026	2026 6 Hours of Fuji (WEC #7)	Endurance racing		event-1a98d6fb05631aef26b1b9697317d5368335f90a1a4d1435cb3f6a3bae34116d	catalog_other	2026	other		not_tagged			tournament			mixed	other:2026 6 hours of fuji (wec #7)
27.9.2026	2026 Berlin Marathon (WMM #5)	Marathon		event-ece8669f8c35ee3b7c28a30ca7cd94b74d25825ca5b6e8aa01932b2585f31ca6	catalog_other	2026	other		not_tagged			tournament			mixed	other:2026 berlin marathon (wmm #5)
30.9.2026 - 18.10.2026	2026 World Skate Games	Roller sports		event-18fe2e2e3837e5e9d67e8f9a385db88a71b6ee851d1424b2d6865369a7f0f961	catalog_other	2026	other		not_tagged			tournament			mixed	other:2026 world skate games
1.11.2026	2026 New York City Marathon (WMM #7)	Marathon		event-cfbdf4648c04385f9a4477553048b31b5467fa33f92d734311f070962c27c5fd	catalog_other	2026	other		not_tagged			tournament			mixed	other:2026 new york city marathon (wmm #7)
1.11.2026	2026 Malaysian motorcycle Grand Prix (MotoGP #19)	Motorcycle racing		event-04baf5b3e3891a953021147546f9b444bf6baf7d42e6d4234ec2289f8dcdb388	catalog_other	2026	other		not_tagged			tournament			mixed	other:2026 malaysian motorcycle grand prix (motogp #19)
3.11.2026 - 7.11.2026	2026 UCI Urban Cycling World Championships	Urban Cycling		event-726679d0eb7d3265d8ef98393b988821a8d1ef225a7708138e50c42a4da7c59b	catalog_other	2026	other		not_tagged			national_championship			mixed	other:2026 uci urban cycling world championships
5.11.2026 - 8.11.2026	2026 Trampoline Gymnastics World Championships	Trampoline		event-ffa4254892c5836059d81b99d79dffd429547d80622309a33102a89ecd0dac64	catalog_other	2026	other		not_tagged			national_championship			mixed	other:2026 trampoline gymnastics world championships
6.11.2026 - 7.11.2026	2026 Breeders' Cup	Horse racing		event-8676252b76f719a416f61cf46eea9a969df0cd8368be56dcdec5376901027f0b	catalog_other	2026	other		not_tagged			tournament			mixed	other:2026 breeders' cup
6.11.2026 - 15.11.2026	2026 U-23 Baseball World Cup	Baseball		event-1f189d4ff7837bb95e0e9050c92fc3544c6181fe4a62c2b6770b8bb809daa30c	catalog_other	2026	other		not_tagged			tournament			mixed	other:2026 u-23 baseball world cup
7.11.2026	2026 8 Hours of Bahrain (WEC #8)	Endurance racing		event-258487351c44cf1cb5673c2a33179211c873e1fcd31828ba20ce9b873ff03d0c	catalog_other	2026	other		not_tagged			tournament			mixed	other:2026 8 hours of bahrain (wec #8)
8.11.2026	2026 Sao Paulo Grand Prix (F1) #20	Formula racing		event-669f3f7ffb1eeec3f69627c302769faf70c6bcb05ed6fdbc68491a20a8b3cc3f	catalog_other	2026	other		not_tagged			tournament			mixed	other:2026 sao paulo grand prix (f1) #20
8.11.2026	2026 Qatar motorcycle Grand Prix (MotoGP #20)	Motorcycle racing		event-58c9fbb051da4ee86c43df31863fe631a2da83c0a42d96682a80c6d69781cec2	catalog_other	2026	other		not_tagged			tournament			mixed	other:2026 qatar motorcycle grand prix (motogp #20)
8.11.2026 - 9.11.2026	2026 UCI Cyclo-cross European Championships	Cyclo-cross		event-0f9f062b9e423cbb635d3132bb0181038bfe8d1a03b89d133becc1924e3f8e2c	catalog_other	2026	other		not_tagged			national_championship			mixed	other:2026 uci cyclo-cross european championships
13.11.2026	2026 European Cross Country Championships	Athletics		event-40f707978bf02ed6a33cf382b92c7eb3d96da793bd9a9b6f02edc3a87357994c	catalog_athletics	2026	athletics		not_tagged			national_championship			mixed	athletics:2026 european cross country championships
13.11.2026 - 22.11.2026	2026 Amputee Football World Cup	Amputee football		event-c07ec049fc3ecf43a58f32be3ef64928d56b4ab2020c218d0f6577d4e8ed45e4	catalog_other	2026	other		not_tagged			tournament			mixed	other:2026 amputee football world cup
15.11.2026	113th Grey Cup	Canadian football		event-e00d7a464ffa552758f92e686fc987ab730c301b560235850a31f14e43c4f144	catalog_other	2026	other		not_tagged			tournament			mixed	other:113th grey cup
15.11.2026	2026 Portuguese motorcycle Grand Prix (MotoGP #21)	Motorcycle racing		event-0453f6ae623d041dd4dad50f71caa3b6a95e40d62e7849ab9ca21ded1da9cd52	catalog_other	2026	other		not_tagged			tournament			mixed	other:2026 portuguese motorcycle grand prix (motogp #21)
15.11.2026 - 22.11.2026	2026 ATP Finals	Tennis		event-04cdac492ef18d643a9061a1e855b9b8df46684ed4c8cd10af7238f49fa3a79c	catalog_tennis	2026	tennis		not_tagged			cup_final			mixed	tennis:2026 atp finals
19.11.2026 - 22.11.2026	2026 World Judo Juniors Championships	Judo		event-9aff4d83c8f1d9cad232292ac57a61be31d6a390008d2326a5e689df6dd35af0	catalog_other	2026	other		not_tagged			national_championship			mixed	other:2026 world judo juniors championships
20.11.2026 - 27.11.2026	2026 U-12 Pan American Baseball Championship	Baseball		event-97e75d5ec1eed9bf773c8b45a8a82dfb805d6c7c728a4d14465a336605dd7899	catalog_other	2026	other		not_tagged			national_championship			mixed	other:2026 u-12 pan american baseball championship
21.11.2025 - 9.1.2026	2025–26 Ashes series	Cricket		event-d859db39286f52040609b89ba2a0f131c31c05e00bcfdc8d5bdc61cf0f890fdf	catalog_other	2025	other		not_tagged			tournament			mixed	other:2025–26 ashes series
21.11.2026	2026 Las Vegas Grand Prix (F1) #21	Formula Racing		event-2c1a6eafaa6121ae4ca1132dab6f0d8528f91cfb738afb0851ee0008653dbd3c	catalog_other	2026	other		not_tagged			tournament			mixed	other:2026 las vegas grand prix (f1) #21
21.11.2026 - 28.11.2026	2026 ITTF World Youth Championships	Table tennis		event-a14c6f5ff435d7e5288681adfce542fb809233f5a0f3c393f50cad3bd5077b76	catalog_table_tennis	2026	table_tennis		not_tagged			national_championship			mixed	table_tennis:2026 ittf world youth championships
22.11.2026	2026 Valencian Community motorcycle Grand Prix (MotoGP #22)	Motorcycle racing		event-695c4d8f02833ee6c3168e2c919f3cf32b2b6bb0cd015cf31941fc6353c0fc82	catalog_other	2026	other		not_tagged			tournament			mixed	other:2026 valencian community motorcycle grand prix (motogp #22)
23.11.2026 - 29.11.2026	2026 Teqball World Championships	Teqball		event-c00f331c3e56a3e85152003af67a0e037751f4ce2edd8b9638abde272c5bb541	catalog_other	2026	other		not_tagged			national_championship			mixed	other:2026 teqball world championships
25.11.2026 - 2.12.2026	2026 World Boxing Cup Finals	Amateur boxing		event-9b73a3012942a54a0026c6eccb43ffb65f025622e5e61169f61beba734db348a	catalog_other	2026	other		not_tagged			cup_final			mixed	other:2026 world boxing cup finals
28.11.2026	2026 Copa Libertadores final	Association football		event-690083af89e962153357a01e44551e4a30c31f8ac2a4c77f1b161fb680c1f17e	catalog_football	2026	football		not_tagged			cup_final			mixed	football:2026 copa libertadores final
29.11.2026	2026 Lusail Grand Prix (F1) #22	Formula Racing		event-21a0fa459cafd7d85923c5589f6c53175ab523170b6643249cb7bd406a2165ed	catalog_other	2026	other		not_tagged			tournament			mixed	other:2026 lusail grand prix (f1) #22
29.11.2026 - 6.12.2026	2026 ITTF Mixed Team World Cup	Table tennis		event-d91b722328bdd4e1442ee01b4c2840e4bfd68fd1b28250d7e8d78586e153af99	catalog_table_tennis	2026	table_tennis		not_tagged			tournament			mixed	table_tennis:2026 ittf mixed team world cup
30.11.2026 - 6.12.2026	2026 World Bowls Junior Indoor Championship	Bowls		event-d946eeba0923c7b1989625ebb4a10406261bfbd579f6459b64ae14e4a947bc03	catalog_other	2026	other		not_tagged			national_championship			mixed	other:2026 world bowls junior indoor championship
3.12.2026 - 20.12.2026	2026 European Women's Handball Championship	Handball		event-5857284f9ce9d1012d27c5ecb462bc5040f5132ee5a926abc1c4218c736180cd	catalog_other	2026	other		not_tagged			national_championship			female	other:2026 european women's handball championship
4.12.2026 - 6.12.2026	2026 ARRC Chang round	Motorcycle racing		event-2860eef1622cdcf463ee7259b6a20f772cfffffd11fd8ef7897a7b2b172edf0d	catalog_other	2026	other		not_tagged			tournament			mixed	other:2026 arrc chang round
6.12.2026	2026 Copa do Brasil final	Association football		event-04925f742c7cefc0094445f3e97b3402ab7f41b80f3692e94968854d4383e542	catalog_football	2026	football		not_tagged			cup_final			mixed	football:2026 copa do brasil final
6.12.2026	2026 Abu Dhabi Grand Prix (F1) #23	Formula Racing		event-4fee4247c9285e8f83872fd0acfcc93efc3bafe14ec12ddd6967412cf246220a	catalog_other	2026	other		not_tagged			tournament			mixed	other:2026 abu dhabi grand prix (f1) #23
7.12.2026 - 13.12.2026	2026 BWF World Tour Finals	Badminton		event-1097c17fcc813f2dc3c44a4b371711a3c36ac36e12ba949860275d0984578d26	catalog_other	2026	other		not_tagged			cup_final			mixed	other:2026 bwf world tour finals
7.12.2026 - 13.12.2026	2026 FIVB Volleyball Women's Club World Championship	Volleyball		event-5a323d7b68642061d3a74720126d960b0d4ff278802edc7fc85dc76e1c2a01f0	catalog_volleyball	2026	volleyball		not_tagged			national_championship			female	volleyball:2026 fivb volleyball women's club world championship
9.12.2026 - 13.12.2026	2026 Baseball5 World Cup	Baseball5		event-43a0901be32c29fd7337a4aa22db97b22909dcce42283e365cec1d6e3fb0c12a	catalog_other	2026	other		not_tagged			tournament			mixed	other:2026 baseball5 world cup
13.12.2026	2026 Liga Profesional de Fútbol Tornea Clausura final	Association football		event-03be87c1d74b0dd8e51e330ef669f07495692a347476bab78e73a84c8d68732e	catalog_football	2026	football		not_tagged			cup_final			mixed	football:2026 liga profesional de fútbol tornea clausura final
14.12.2026 - 20.12.2026	2026 FIVB Volleyball Men's Club World Championship	Volleyball		event-921ae5b35d0efa58259a21f369718e43843f640bc6357fd4a6ac35ec5b1794d3	catalog_volleyball	2026	volleyball		not_tagged			national_championship			male	volleyball:2026 fivb volleyball men's club world championship
18.12.2026	2026 MLS Cup	Association football		event-45bb43b2731e158ea3456b33d799e4d1df6a19a678e647e0b5a76c3661e7329e	catalog_football	2026	football		not_tagged			tournament			mixed	football:2026 mls cup
20.12.2026	2026 European Women's Handball Championship final	Handball		event-373c2416c862ae6796059faad3bdad77cc0139b9b60b8b59947cbbac66fa5dd4	catalog_other	2026	other		not_tagged			cup_final			female	other:2026 european women's handball championship final
26.12.2026 - 5.1.2027	2027 World Junior Ice Hockey Championships	Ice Hockey		event-d74a34d60fc37f816bb354382fb2f24c63e015d850b76b8ab4776bb1afe151d0	catalog_ice_hockey	2027	ice_hockey		not_tagged			national_championship			mixed	ice_hockey:2027 world junior ice hockey championships
